"K+",88.8100657553,-52.4081537284,-25.9236581064,-20.7056670576,-3.18724536955,-10.4051318109,18.8349720459,6.74515881538,1.4643429493,-5.97561723026,0.483820639992,1.28332632468,-3.81714382942,11.8047498008,6.85474583722,-5.97652232515,0.547114876957,0.15293426706,2.75052497258,-2.36072808869
"K+",-56.3807034953,11.4808421268,8.41265895755,6.66507887289,-24.9906739716,-13.4210545575,4.01453842115,-9.03109097378,7.64426725105,0.307235706963,4.7221314542,-1.02991157656,-7.85741870426,-6.71083205827,-1.48771912398,-3.93183078765,-0.811874056017,3.45399682402,-1.15966079401,3.73762722751
"W",-30.7963491928,-46.498378515,28.0642023711,-11.5781170731,18.8728468484,9.00320677442,-8.61846683278,-3.45761180871,-4.16694133984,-13.9060332228,3.55625126529,3.90379819389,10.348575532,-9.67558218641,8.2105400971,-3.74358723105,-4.4562648687,5.35075513208,9.30657272355,7.4893366595
"K+",-63.475612723,-15.8220667268,-5.22488063303,-9.72670917646,13.5284451891,0.903935383046,4.15220362639,18.1645453011,-4.80432437826,-2.26073150762,-3.45634483958,0.862265903023,8.48126979893,11.5661916773,-13.2986080023,0.978125998118,-11.5618187752,4.1040314253,2.94612224861,-5.44244712307
"K+",17.6475663301,-15.6974042312,5.54826250397,16.0496250475,-12.9015533206,1.75780440374,-1.99375915202,-9.15379541507,9.45671046847,3.21881420006,3.26284370553,2.37869632113,3.9437663125,6.47217513264,3.20857868328,-1.17326688088,-9.65425561729,6.72610481534,-8.56390422885,2.49243491152
"K+",31.7927886675,59.6765388894,-21.2614971338,-14.036540024,-1.80412208716,-11.3590401619,-12.7471372103,-1.36893469015,13.9498253511,-9.5437039818,2.86619533081,3.56153144686,-7.69984452675,-3.49087518125,4.17843243797,8.11947696145,4.24097355495,2.34205196792,5.02681362661,-7.78764614125
"W+",-55.9806170772,-3.37261774791,-9.79881053241,-2.70999342133,-12.3969576829,11.8473982925,-9.53602741391,-20.9760596909,31.8993061185,0.602604936608,-3.07822931618,9.70929447596,1.79015546604,-3.11101971966,8.19338306219,6.2302432258,6.27685600761,-2.45721392818,4.46101714383,-2.16943936804
"H",7.72603561589,3.70048992491,-17.7463030913,-37.2648092991,42.4080280683,-15.2481101175,-6.15718048499,23.1345013412,-2.8546410482,14.2027843803,-7.82405100329,-0.973749116719,-4.97892749718,-2.01311700019,-9.64793180029,-0.850479004223,-1.98533971321,-9.7236946739,5.41350615328,5.36182420733
"W+",-3.28033582266,-17.575204994,-3.38962218921,-12.9840527165,-19.2127613823,15.9348524324,-1.12481229278,-9.3464159879,25.6075246201,12.7690984587,-10.399714541,-9.52314918458,-4.2500262196,8.61759857374,9.86998103611,-4.18097992775,6.76221749976,4.24002919811,-4.82632611311,-8.4758196972
"K",23.1169851931,29.5359702173,-26.8565620073,38.4731516602,31.3760181872,-2.62883785526,-2.5053807132,3.32354788706,-1.80944408734,-2.85116728771,-11.2703958401,-0.8927177018,-0.542529315599,13.9816447371,14.9936217369,2.64419961735,-3.50306378661,0.751764459164,-0.972945496216,8.09836392975
"K+",-37.5873149978,19.2028500411,-5.33779195107,-13.0643086759,-19.5353668962,-18.1671094001,-2.43610334105,-1.22806886229,8.35919851296,0.0812017558969,6.14383977661,3.02088099242,-13.0607926413,-11.0034818589,-1.84437457887,-7.25632467193,3.45136916786,3.53104081295,-0.860514206943,0.589950547169
"K+",-24.2638409193,-21.5462180696,-5.46012581911,37.2721604843,-23.0165459902,19.3697180438,-13.0065909999,6.89606032624,-9.08008265177,-0.363254651396,-15.9269172951,4.69260917895,3.95690112748,9.45921867081,7.37315233196,3.05406886413,-8.51580625838,0.330039335894,5.44326625329,-1.4619767364
"K+",80.7178943127,-15.6217316492,10.1209114506,1.71798892041,-32.0647554354,-10.0281246461,-16.9831878746,7.72695014048,6.79450826136,-7.36774720873,-1.96354991681,-5.72639700181,-16.1428879462,0.592961758399,-7.27803856021,2.27261061363,3.80338708064,0.733502672083,3.66913875391,-0.735624800001
"W",34.0160693727,-34.6893182426,17.8131598513,-8.67250570526,-0.775215920224,-16.7436125012,-2.44803644133,6.7607686072,1.1266091033,36.8403661234,-3.9073139489,3.41578323524,2.32401851743,-0.0674565749428,1.2403601667,0.612467823121,-0.574008467814,-3.75363335408,-1.16010691276,0.127944662054
"K+",-56.9907324486,15.7042262028,0.56505816718,12.6329660811,-21.3157054017,-5.16386486066,0.152768608315,-9.38576976013,14.1525306528,-2.17143566982,-3.45110795733,-5.31230854479,0.446748954545,-2.70237475438,-6.74520329689,-1.34693508768,3.54909754915,1.5190832544,-4.66030014102,9.0034488902
"W+",-9.56820075597,-17.7355293235,-1.47665527119,-24.9670380411,-24.2444730486,18.2653391883,-0.906482814669,-16.9206683963,23.6531302882,-0.0196144152891,-7.61543983828,2.4553882991,-2.05037196894,1.9569643061,7.81448341392,0.202208109334,9.24028318961,-4.06834116157,1.62193257751,-7.01176175821
"K+",-30.1236890083,28.9751429388,-20.1384609063,3.82397773053,-15.5635488187,3.94885007094,10.6244337689,-7.22555085159,-18.0606139901,7.06492219957,5.20635051681,8.01577214002,7.68645605835,1.25497502849,2.84989611177,-3.49939871264,-1.17056361206,1.33322076662,3.09294414114,0.720771740576
"K+",-80.6679309906,11.5671185942,14.9832572214,5.53590328358,-3.65538789629,-5.27405241901,-2.92669575109,1.62837684965,2.44982889638,3.73265871332,-1.70342669933,-5.96524390132,-9.74660042984,0.826467916867,3.83953898882,-6.70357453367,-1.47532563701,-6.57340902195,1.89975177962,1.51811462505
"K",-26.4177716227,-30.1381088915,-4.58323958254,-6.13723771557,-5.14272579683,-2.66127604285,20.4554812268,2.85821522521,-6.91531793198,-1.66477744263,-1.29344235982,1.38018435739,-7.75130712405,2.67811643764,-12.4404164461,3.41475343165,5.67305302006,7.29048559586,-4.4955843552,-2.87978348491
"K+",-38.3346450782,-7.33711360522,3.41389714572,14.434488136,-17.435926754,-3.07167720993,1.55088318118,-6.46187252416,-7.16678140793,6.47936501366,10.4364294068,8.78834301319,-7.49256422183,-5.55380170789,7.0664264677,-1.51766598512,-5.5125918327,-3.46727246613,-0.430338521083,-0.335406274382
"W+",-12.4468485388,-12.4572527222,2.91941597028,-22.5995764706,-15.7787956884,9.12270874933,4.62634493877,-12.0248428522,14.5087340113,0.308937836862,-3.56667820804,-6.40069227571,-13.4078161453,-0.824737147684,18.0163074211,-4.99881665175,2.84219345288,6.76196955953,-2.1332669864,-7.18720589421
"H",-51.7962636898,27.5619280229,8.35039472096,16.4945443254,-5.7069832626,-5.24017229107,-5.43412753139,5.72523644674,13.9403467305,-11.7202592789,-3.87720754855,-9.89057272209,-15.0518445061,4.19721944322,-3.5316970191,0.440197364494,1.98773429501,-2.25911872515,-3.08480851573,-2.34514237186
"W",-17.1891494085,1.36051846548,-27.1981872231,-35.5528074272,19.4504419513,29.6375460447,-10.282392111,-8.73617790673,11.5020551866,14.4334127055,-11.5900404306,-7.40630389238,-4.23699913256,-7.18414573811,1.15312773425,5.19366191276,-1.98722786149,-4.35825488392,7.02170763502,-0.428469387445
"K+",177.194035324,-7.39991047461,30.6407236907,35.2576202166,36.8552425558,-3.24430134161,6.80572119177,-1.16865740765,-25.7882400328,-0.153549749384,-16.5491882542,-16.9703169784,-1.33918516168,-1.57999852682,24.9594947163,1.15226976832,9.1780453963,-11.1507983499,0.624857103772,-5.54225569156
"K+",-97.6107164039,3.47095339266,5.59842186983,20.2742423922,7.9772456105,-13.1470564748,0.876107432284,5.27448895029,-4.11482456805,-16.9208236606,13.277598215,4.8250069064,0.0816149762818,7.47820412664,-1.4991069892,-0.866874190568,-5.1726814761,1.19480683075,-0.368752989704,3.29276892468
"W",-16.1050172799,-4.30425394028,-29.4142464796,-29.0340834346,15.6977326913,31.8962211035,-9.07352352239,-17.4382131523,5.88074495531,2.31052597752,0.167503616168,-1.93265461874,-7.1295410005,-6.23742738861,-1.52692778108,11.8717229016,-3.62361146472,-0.71902604243,0.0394363938819,8.49079953136
"H?",-12.5791151582,-31.3878038515,17.4881799714,41.9385571848,22.5902669896,-2.36269686439,5.87937977117,-15.1876963954,5.50516491305,9.40575899447,5.40975230701,2.96842252008,8.6188108665,-7.23647440279,-4.44431265215,13.5958137067,-0.882749513017,4.91012146984,-6.94877491936,-2.79198831091
"K+",-26.827329332,9.65552957339,12.8895573053,-10.0108035645,-12.6780162843,-22.1800104321,2.3727484635,-3.29162754376,11.4432025095,4.32731010467,4.85877393361,-0.751994424127,-12.1304824984,-6.49705521656,2.4253465304,0.992547126916,0.131269244111,1.20512114954,4.06810586487,7.47368499389
"K+",17.126949417,29.4348553458,-17.5549958712,-0.179663279676,-13.1296058416,2.13164774595,4.76894636274,-0.778075018738,-16.6858579263,16.2843727415,-6.06967683999,4.88059767549,12.3549347962,1.82976588597,-5.46564412878,0.472318024557,-0.000137289635812,-1.24853963187,4.53548617024,4.70217937556
"K+?",73.7206721525,-6.98811603774,4.10382759317,82.6810367743,23.0758476224,41.5492746939,31.1479635275,-23.942426517,8.91167879847,1.82359594547,1.26824147467,-3.61603412867,-8.62391890923,-6.08432945274,-17.7197116921,-14.2988383291,-6.56949269406,6.30040457968,-5.52469679884,4.65055472448
"K+",6.12289978185,-32.905269018,6.65577461864,28.290344723,-12.5134433651,5.18418878659,7.85859427765,8.08116401822,-0.164564133307,-3.00812434662,-10.6502246001,9.56041555676,-6.16367487246,-2.07751175855,2.52872280723,10.7293391064,-6.65069770725,2.75476828472,4.38986334735,4.6794718138
"K+",42.7442254158,-1.16465433293,1.25733013195,18.0379603314,-12.0818113966,-15.107442868,-17.8784185776,-0.397857804396,5.26040312595,-3.53375728034,11.7694484286,-24.7815591569,-1.60943930328,-0.321096055537,-10.1011539375,12.6345207642,0.55602959964,-6.33089480442,6.64572653539,-2.06315095703
"K+?",-35.8978357424,-7.00642637097,-9.44107471277,-0.966859651209,14.8162271055,-0.274042592619,-12.8245262545,30.1231804189,-18.9114958994,-12.3955090256,-12.0530590034,4.66250804056,-10.7547740305,5.33066956874,8.61547858098,13.2130449452,4.08742322313,-1.8457524795,7.06492065622,0.681729243542
"K",149.107706138,-38.4081492027,15.2445432733,-3.90896140779,-19.3171540345,-3.48304819578,-19.5688064472,10.626436707,-4.07661514523,-3.4465339829,1.7330743448,-4.85741190114,-11.9773548906,-1.80197625782,-8.29024521982,4.15400688617,3.06513561128,0.0635939830197,3.83715769834,11.2493284897
"H",-54.0679302214,18.6629253757,13.6658523624,27.3781558741,6.15087194079,-13.5295125283,4.41020648279,7.26745870226,13.8145454191,-8.97704511304,-5.80409181913,0.253115577119,-8.85959954557,0.524087102007,-9.17069539328,0.891410893051,1.6720945899,-4.61099307556,1.89159817282,8.89582259627
"W",54.9723170626,47.8759933635,54.0710878907,-36.3312855104,14.7048270387,1.44167175046,-3.82803462599,3.35045964566,-8.23374164919,1.64855769452,-1.83300311263,4.68251953831,6.47062392854,10.5992874534,0.0713002688384,-8.14770027,7.06075948595,-1.25634669488,6.62868707688,9.76210500546
"K",70.2704835579,-23.2815458831,13.0847511533,54.5717135718,-4.22625016157,16.8149093771,11.4964728452,-4.81619319592,12.6234597703,22.9579097291,-24.1796498115,-5.80663411956,-1.85030060507,13.5322675565,-0.91652669744,15.3842167465,2.30620541022,19.0707121491,-12.8656573612,14.5618597018
"K+",17.9911904613,37.6047413871,20.6597316732,-20.5020434416,-4.54091345316,-4.04659778062,19.3520107319,-7.33761611426,-8.5424171254,5.21672175966,4.35252581405,-5.99660937576,-5.6688320579,2.45089653568,0.259946552302,2.3993811041,-12.5725352571,-0.979028571128,0.841478790759,-1.12419942958
"W",19.7290598463,-35.3739028454,36.3145462759,-22.6699554374,-7.14778396832,-16.4386394019,-0.589479064671,3.42042193799,17.7737505012,20.3823324446,-10.4061045042,12.7690611533,-5.32183919716,2.42649720221,4.1746185555,0.698733657792,-2.1809456811,0.872180509858,-1.17765950969,0.514754804972
"K+",7.21807503554,12.4147070934,9.28515858484,21.6761594169,25.5481657204,-11.0994650898,-10.2606689554,2.15362494532,26.442143493,1.27207954599,12.3054017683,3.75370654178,-2.0217562117,-7.8897980168,-1.8320040749,-3.66537815781,-8.81431255749,21.4392034947,17.3804211427,0.656154177831
"K",14.639449031,-42.8138102386,24.3251673115,18.9703156388,-7.44502063228,14.1137894221,-28.6227068383,11.8651189437,-12.4474364513,-15.3317533023,-3.08980286283,-4.23627652873,8.26058124397,-9.15606639127,-5.99650788732,-0.275913810136,-11.475919402,12.0808009232,-2.10515595148,0.446039208919
"K+",-10.2866860081,-41.7254545256,25.7538957864,-9.3543277119,-22.637365009,-10.6411941511,18.0259182926,-5.29219864879,0.675319644182,15.4914050006,-1.52611559678,6.05179902486,-11.1740903408,-3.79169407501,3.10101253852,12.0045022658,-6.74033923343,-5.00945757493,6.60155518711,-3.39831335761
"W+",42.8556185814,52.9953449337,51.9654980966,-37.8336825324,-2.84074473665,6.4132701491,8.3810701982,-8.1406893335,-13.0097695028,3.39737601359,5.3715785547,-6.10915881524,-8.64337938304,5.89938441142,3.70698914023,3.6509526997,-7.84820441276,5.09167805531,-8.34850468926,-2.93748155886
"W",-45.0025794889,-46.2661948961,15.0967848409,-1.48188236722,-16.9150982356,26.031698179,-5.89537348378,5.4457499664,-6.70268904838,-10.2056244157,-0.0395906520532,8.64194239682,-0.177038127087,-2.84370969189,12.9580835262,1.60528930916,5.26136125522,2.15325475856,8.63265107814,-4.3603026193
"W+",23.3909471681,35.1364722554,49.8034628596,-17.8189038591,19.5334809459,-0.501089421667,-2.732953661,6.37135681492,-4.36846632713,-10.0521063869,-8.58448955905,-1.66763081762,2.29158245111,6.83586524578,-14.1397756455,7.05921961877,5.88101384464,8.82928850216,9.79921542895,-4.18479846924
"W+",-48.0293136554,-38.9870877643,31.7313583439,-19.272437861,13.104763953,6.85785815051,-2.77503236693,-4.2171395155,2.3097572505,-9.39889047882,-2.2147068459,2.05470894903,4.18247343729,-12.8943121277,7.09412451436,-5.65541250907,10.4191543812,1.56317181144,-6.20171075487,2.09705833151
"K+",44.2805552935,41.1357759768,-6.8572831103,-29.4357598121,-8.76787513389,-7.4047558137,-2.09347821741,-7.33454274084,7.51205272218,-11.0019436841,2.88456917658,6.5085427417,-0.281337935282,-8.50588823204,10.1820108512,4.66165091277,0.654697151362,-0.0919310547365,-0.564302063207,-5.79265375399
"W+",97.8538489089,1.91556718649,59.8384594572,-35.6928398845,32.5409011497,-14.8717190983,11.272276998,7.17118983746,5.57688888092,2.70025194649,-3.96097078355,1.90963715916,-1.11769619623,-1.72791651642,-2.52819405154,9.31994542066,-4.90232695934,3.46903062826,1.8824962272,2.53194593153
"W+",14.0535935952,47.4051467445,40.1975536215,-29.3633414797,-3.88367514315,8.70101554749,4.53466710852,-9.35051116042,-10.9082231723,1.6518505291,5.78876656707,-10.8877175487,-8.88390966371,5.98129674741,0.275882471904,2.70276171932,-7.3352126853,-1.39866936589,-6.14437956253,-2.9846199167
"W+",16.6887545786,-23.9080048728,-0.0451857624524,-26.3290727725,-18.6317105062,10.9297580786,5.56377847411,-11.738603848,22.4367466961,8.05695761208,-6.71219819617,-5.51577790061,-5.85929655161,-0.145154930279,15.0390781579,-5.03156835984,4.84350357812,0.30464777983,-2.27053596825,-5.17474519126
"K",9.18928347548,-7.72671531414,-22.6277136462,-1.76453625066,-2.15403807122,-0.106372346974,0.0772856577394,4.59620989108,-10.8357001023,20.8582487005,-7.83299008116,-5.30512884593,3.62962653266,-4.58745186098,0.0497262539697,-8.65029101409,0.50235229068,6.18127188655,0.315750886789,1.42673373829
"K+",7.11674321383,7.98117668486,13.2082806367,23.2886559732,16.7421202178,-9.77968234503,2.6524081401,8.15904346415,0.837843280533,22.6237619995,-10.1955242596,-3.63275843939,1.11917976838,-4.45957743208,8.89408836103,-6.78762336282,-3.99809640387,-5.68434341981,2.90580490615,-7.222585041
"H",-8.13895577095,-58.7262381905,27.8555475489,-22.2869127161,27.6572199134,2.28643432437,-4.30856531666,-9.80164876729,-7.5794391688,-7.26094928589,10.8004672124,16.324749691,11.1144225199,-14.2902518217,-2.49470807836,-12.8817517893,-3.72513716678,0.576871702463,-3.01160750214,4.98990351088
"K+",69.3404952245,35.9507155011,-22.1947052377,-9.95183679516,-14.8974257029,-7.20985642933,3.95490772481,-3.40430037665,3.83881982222,-13.4103495865,-11.463260664,7.5015134277,13.8167221558,-7.50895016931,6.08320167104,8.35677526306,-7.59985444617,-0.295759766913,-3.84666805329,-2.40453011116
"K+",-89.1690459905,-0.995179895867,19.7242890858,8.23813515405,-19.6657645111,-12.7069833127,15.3944666581,7.42546408316,-2.80090171939,0.656518383615,-7.09784412159,-0.625330104079,-5.31963786124,-2.30554856115,-5.73876807291,-2.42976246252,1.91065521767,-7.57329508393,-0.393784491267,-8.42919786225
"K?",-14.0670631035,28.921139146,16.2045263817,30.5211311213,19.1803088969,-0.958045324563,-1.81540492521,4.45970105404,8.56029361911,-0.388306258636,-9.10941011302,-0.903522995949,15.8380285093,6.48619745447,2.41112207438,-5.69677210968,1.69022496782,13.711537566,5.28980874402,-1.09766066029
"K+?",-76.9049136776,-32.6613895584,36.7608076656,16.6369359824,-11.0632082129,-5.08771793046,15.7093243411,13.9728967765,-4.78876910592,-5.34086142877,-17.1385319659,3.54759712712,11.1908248207,3.91744330968,-6.43372927642,-0.59950220542,3.30417575858,1.3820858135,2.68845140993,-4.19699203104
"W",2.08151193351,-55.0756661942,-7.73924296477,-8.40578758487,18.3237350205,-24.6515321157,19.4892384387,5.79341859447,-4.48065312889,-1.23807046806,10.9421273927,2.84384701397,8.08105082569,12.522240163,-3.49344047386,1.16622473864,17.7416104817,4.29130424933,-6.34176004165,-6.41924852761
"W",52.1989430081,-18.2922042809,1.78008529161,3.10904569173,-18.6491587854,6.24378515462,-24.9394924766,5.98805695577,0.418599873221,2.14112357222,10.4625048913,-5.07184559138,-1.68136863452,3.6246490724,-11.9479760721,-18.4517921216,6.94623507625,1.51252633811,-5.62501543315,-2.18774203155
"W+",51.8039657405,54.8496746978,50.6630174698,-42.2438903707,5.2888500873,3.96951908155,7.58289890355,-11.4374698296,-5.26408638101,3.33279659512,-0.948843068134,-5.85463723306,-3.11662049347,6.29273657962,3.32409252485,2.70350226808,-5.14912018812,-4.35447428812,-4.45318996022,0.303317796064
"K+",-19.7599926304,-27.8306142034,-3.12519567136,32.326679845,-16.3081469941,10.1831099418,1.63710589908,1.94058856577,-1.46375860966,-4.20468921211,-10.8140613705,3.5295501569,4.20557387559,1.73862028083,4.70958361527,7.14103268089,-3.46317257493,-3.2347000101,-2.48097040839,8.46320744013
"K",7.84871421968,-14.1286293977,7.09587397897,-3.74795733307,-17.5808020308,-12.8302858978,7.77851741546,5.06738875278,-8.3234658667,19.4725013399,-9.6925103258,1.43624463,0.110261072062,-9.38527277693,2.47298282642,-5.02253074791,0.0626847077846,-10.7257585375,2.22014504375,2.5422755157
"K+",108.124296607,-44.2748285741,-38.3846678743,-15.8475413555,-3.10407772728,-5.04698656475,23.1692523578,-5.7845689732,4.56472867423,-7.2996401341,11.0684625321,-1.42974126453,-1.86072339316,6.54102554512,3.86286530541,-4.58479837213,4.032092333,-3.12807037822,7.03653508401,-2.68089119555
"W?",-1.74670269433,-22.3339560379,3.57029541674,11.3797541493,0.772399412963,7.91446233115,-38.1130943994,1.3560239263,-13.630241766,3.21268499025,22.3379257411,-1.53643113587,13.7761003238,11.5999269107,2.75079672775,-0.527727575752,3.14331177351,-2.88811833388,-1.25867880058,-12.4167930771
"W+",-32.8158436713,-53.052147099,27.6118947182,-18.7159544744,2.93506828886,12.6806846978,-0.031191510742,-7.64366091958,2.56076393819,-16.4794535633,-3.59930130805,3.18594153203,9.5751359579,-4.04368206544,2.83159360603,-16.0241936236,8.65736137236,8.01721943714,0.737768631525,4.77338491797
"K+",-30.4362105757,-6.39519064766,-31.5353274127,2.38435104311,5.21172219474,19.663075216,12.4648613414,-3.61415257259,-11.4146345236,-13.2105702634,0.490160022703,-4.56280301651,-3.50390075891,-2.90697567513,-6.30525254156,6.86853502164,-1.69047614753,-1.48923880537,5.9469601505,-4.66366950274
"K",76.8831258323,-30.604994105,12.1625684325,-2.95630569637,-32.4090784895,7.95788223018,-27.2168336314,5.87832489391,-1.62563060848,-4.59175920298,-1.3613066585,0.351697871495,4.21470034517,2.54469749256,-10.8644640955,-1.49840025493,3.27816298609,-1.46559295812,0.0692973178558,2.50492508568
"W+",-2.39167776659,46.5950990428,51.8300646889,-7.80662753927,22.2333246818,0.453718273269,6.6528840103,2.92058511402,1.81286000507,-10.7207347083,-2.85666537887,8.90975080377,13.2205432059,13.8481817717,0.852515240594,-6.45967152334,6.83966916548,12.3153526262,13.4133933067,9.83570793222
"W+",17.5576159203,45.831480503,45.3950833718,-26.1507156343,-0.0534103594941,0.605771249994,6.2318296214,-12.2138697374,-5.0214742069,19.063299291,8.0208623107,3.56313292454,-2.25449482704,18.0720630424,15.6235247346,8.92033170623,1.21936411348,3.10090746448,-5.90049901402,-5.95562674719
"K+",-36.0946591513,-5.52148773573,-24.7837171488,-2.47808915807,23.9520037052,2.69442442936,10.2726200739,-1.19049525927,-6.38088702818,7.39733852468,-1.87270837318,-14.6285958767,-2.95787757769,-5.29125087609,-6.01245587022,4.38673388214,-5.74607198278,-6.45188013793,-5.83335200454,6.05927586634
"W",-62.8084244287,-1.64747549399,-22.5762166995,-7.46191718863,17.1643694757,-5.57578205125,-6.08481142582,-8.28412064278,16.036615117,-3.99596702358,7.21592635074,-13.3641587654,0.0487540539595,15.5631175274,5.17288980522,4.21476864104,-4.0184875619,-13.1571773204,0.169454682345,-1.5272812293
"K+",-11.0029812157,36.4259633491,43.7348964771,-7.39233466039,12.1899191443,3.34057106856,-4.0705825892,3.36162946883,0.974146670058,-14.5258843453,-3.22684184961,8.49127732058,7.11322761853,12.4133716906,-8.2255207088,-4.2178887305,-0.00691553055416,-11.019626237,13.745452397,-2.4927275276
"K+",-2.94720365158,-21.6452407616,-13.9476453219,0.684631967703,-3.41581300241,-3.15067606397,20.6307178649,-3.78840681253,0.213018336084,1.1300890885,-3.88920197146,-0.412303868485,-8.88929222744,0.756945641837,-6.67655994828,5.78684553662,-2.75442554118,4.39549488161,0.995834066819,-2.22769019828
"W",-46.1018982331,-20.4393292808,31.2018397278,-4.95692832432,-4.36480567132,-7.18408626763,-3.11506597787,1.53643605551,9.3606075101,13.6519068561,-13.3218290416,11.6339087653,0.526358746931,3.42109785696,-1.54434328019,5.29858528483,-13.9251227801,-12.0785574557,-1.90026393999,9.14277492095
"K",-38.8367132599,-33.7913739105,2.77879232333,29.8021825125,-15.8934566281,10.3809306194,-8.54830511057,-1.71775957305,-7.72772158875,-13.1551880672,-12.991697231,4.39280842543,9.47012597918,3.33050166968,6.53924891524,3.21131979714,-7.62847686828,5.30152178239,4.87354739067,6.1695261237
"K",0.982479871734,4.44280746962,18.5221209536,1.75775592938,-2.43571644447,4.88951455866,-10.0353115365,-3.72049104035,16.6760091844,-2.302122397,-4.60014442085,8.94655820991,3.09162723707,17.0564223795,14.3903769391,2.10111214104,-13.8929258073,-0.100372452213,-5.20971128993,5.28038686646
"W+",-25.0808724678,-13.5076730513,-0.356792372776,-18.3299317368,-17.2147897297,16.5672127228,2.47608689047,-18.2432246622,26.2490670255,3.16882479018,-11.4448422828,-3.46049251875,-7.1500144484,-0.594322427196,10.0079778476,-0.0668155305637,10.347629981,1.14927817157,-0.491692532767,-5.5933586763
"K+",24.8274614283,-5.81511777471,-28.9266301693,0.24065513329,-6.88615207824,-8.54673994392,1.30259287755,4.34907277192,-8.60168428565,17.7996448751,-10.5084317583,9.20988033798,8.88247639123,-7.35642507749,-4.03031063891,-1.9403847344,-1.48555047945,1.49762385733,2.58112571023,4.33828618144
"H",-62.4079896599,5.54507922106,-11.5582464062,-4.71305983854,-6.68273345457,6.01547989473,-10.5179730284,-7.15489279768,17.1370257583,0.0337075634282,-4.8332201006,4.47689778867,11.9301171238,6.12202898112,1.76372322241,-3.02175953299,-0.533663049833,-2.16210176702,-5.92523848739,-9.83257162204
"W",-38.7064773442,-37.6080849251,11.6356249194,-12.7426980767,5.35951777344,-7.37969972702,15.3444448134,7.24332393402,-8.14368479033,1.16224563487,0.0599524296875,-0.317834092849,0.243046854297,-4.28067859592,-7.0476677696,4.97927262708,4.09014051128,10.8783406651,-10.0038534693,-5.93074361447
"K",106.08520895,-29.2650948027,5.66256417569,0.92388847488,-26.1859770207,5.65296092098,-21.2943107004,7.10290214936,-0.874926636375,-5.14225624873,-3.25209890968,-10.125861401,-14.4297674872,2.97209619054,-16.2295153654,4.57374799062,3.03637528423,1.23900177048,5.0572553412,8.50358188714
"W",13.5712584656,-39.2387314158,-22.1644973667,-18.8980634206,6.60112270014,-4.01646603261,5.3102990199,-0.321297368792,0.015703542545,-4.08423020939,10.1888249408,-0.0441607925889,3.1560285793,15.2522187819,-4.00085879107,-11.1512055124,0.617723803186,-6.30695169856,1.1444695232,1.43663526694
"W",-15.6615576828,-19.2788914334,-15.2916206311,-13.971176795,-8.21726501847,5.68933631413,-0.53960465543,-2.28165464521,-1.139418454,19.0250459686,-2.63410513111,-7.02607239342,-0.360982829173,5.20612441899,-8.85826684064,-4.5473389205,5.40154849759,7.16885550676,-6.92794957387,3.50645782753
"K+",-13.5010073973,20.0023064643,15.0086587079,8.52473483153,-9.42644798948,-19.8539325603,-2.90713817111,-5.82455453218,4.61474695198,4.34184277889,-4.87110164563,-20.1950248602,-9.96418661029,-9.31453009666,-4.44162081812,-5.14807321681,8.56535691494,2.10843486869,0.872506649254,1.27744699978
"H",-3.76572444507,8.29254164323,-15.9285371992,-27.7230077582,36.2190117105,-1.29547169441,-1.34090649445,17.8005908128,-6.08830328219,-8.81340374764,-6.37131065014,-1.86603120521,-10.0248986032,-0.767578981816,-5.36115204519,4.9992464531,4.67221795111,-7.0702455856,4.54004979117,3.13501243125
"H",5.34492721685,-1.99255263381,-7.21971886042,-18.3991489608,-3.12652651587,4.39748660128,-9.56375752278,-5.70241275176,22.8867786045,0.258713867863,-13.4732432709,4.34192274458,9.75889364377,1.46935390456,8.07813133956,-10.2768141295,3.36173113173,-5.43933096575,3.52418177623,3.28851583164
"K+",-26.5305180005,-8.9175829592,-5.86560816064,-3.05273526996,14.9719238104,12.4048267571,-23.9748824339,5.09101706215,-15.4322233405,0.0365942224063,1.18641656501,8.60862820345,11.5972125035,-3.12270835734,9.66420485821,-6.83070047293,-13.3683010958,-2.43743572506,-4.59541404743,9.75666270894
"W+",-21.2730917235,3.98694328226,-40.261368285,-15.4515495844,-8.67523321602,11.8764370279,4.90723922537,-15.5404083067,-4.06828585692,6.29280404015,4.48302438227,-6.50517782737,-5.77328112719,-20.2995330911,-4.71756037236,5.2196013697,3.81750552368,4.38162926611,8.77774057729,5.47028297711
"K+",60.0071814383,32.5310343591,-28.9585547574,-12.1531547109,-13.0301286853,-6.66561655527,5.33003588629,-0.974740085286,-1.08496236936,-10.5270641177,-10.611290827,6.79000201187,14.9096425845,-6.91209234155,-2.06211703213,-2.92021302792,-0.129848672594,1.19787972518,0.0808509441495,-2.6903738134
"K+/W+",15.7167982674,-15.6951560195,-22.7737636733,-14.5208155817,-14.7973961097,6.19564014246,8.11526916127,-5.67034149878,-2.44571554102,10.6351949699,5.64319847832,0.696902046671,-3.12195394959,-0.899122756323,-9.23438442682,0.838318302534,2.07214473676,2.91124937689,1.48337549737,2.3420698438
"K",108.784783642,-19.3794082146,11.4064336941,3.31526457957,-27.623699743,-8.53925606148,-22.1564052454,16.9721923429,-3.61711526209,-5.81513736453,-5.31049308684,-19.3214527392,-13.6012433357,-7.11588740077,-11.6079040867,-4.98282849621,1.0916938273,0.174452867236,3.13307437762,9.45809733845
"K",-11.2966761229,-4.63532627712,-37.2279225254,-15.5272975964,5.03220718214,24.7851529832,-0.390119828699,-15.5521287161,-2.1071616832,-1.04037760848,3.96122624976,-6.49669940599,-12.6592594942,-13.2041071028,-0.86234277599,8.41774756607,2.31362127705,7.14792160565,3.33745588598,6.00938013871
"K+",-13.0610318396,-3.65357705489,-2.30384557171,-4.20653969324,36.9903144374,-18.8968850356,-8.14834585023,23.0868518897,-11.3144143251,-8.66532262838,-3.73978592981,-6.67100647205,-9.63080688306,-8.40393796858,9.33527338137,22.1968076656,-0.998986600549,7.89666061496,3.33466660032,1.02580821679
"K+",-31.873590692,-1.31013856875,-25.4434260138,-9.23604639039,32.0116725096,-8.39469104719,1.97819507603,16.8324861387,-8.52846645576,2.2418467883,-7.5958171212,2.7278031473,-7.5906623031,-1.56156990691,3.9616308576,8.44222626858,9.63241663881,6.54321412352,-5.98054491047,-6.33643652538
"K+",43.097527218,30.4773484999,-49.5299422567,10.7504925085,-3.69213887635,6.78631511679,-29.3917407051,12.0547085636,-2.67246152093,14.3639126016,0.969668690041,12.2446206922,-6.65935166184,7.45973419575,10.6187840238,-7.70348648701,7.13910442732,7.63309682606,-2.50958706169,9.65694506478
"K+",64.3063702807,37.2715792851,-22.6534540993,-11.8747128508,-14.8388802735,-4.03879080807,-0.416422638941,-3.52888524259,1.67622554909,-8.13123374854,-3.85930986436,6.31406285225,9.51944987413,-10.7273829231,-1.55522793564,1.68590537647,3.86949203184,4.29775066429,-1.19545014453,-6.19426599869
"W",-3.75562776785,37.6258838381,43.6447658228,-28.4343457049,-0.970002744391,4.01861382753,-4.61645211437,-8.6224262902,-5.67915621337,-5.71405017483,-2.41791158873,-2.54704152891,4.41893806116,2.10188511708,-7.85331587863,0.508678701583,0.94906974095,-1.0220328409,-5.17262544741,-2.15191749356
"K",-17.1985365946,-24.0858349869,26.7993332149,3.38629049421,-6.17896876253,11.2592908588,-35.9659976019,-4.22756757618,-2.32102114204,4.02242577223,7.54958827,-5.77271012055,8.31331205109,7.65428624598,-12.0511421306,-7.28178519747,4.70672196931,5.2073113199,-5.92069197335,-9.33905564114
"K+",88.0734847815,-46.9766149045,-32.0131592646,-16.8659017984,-5.77083208554,-4.84228713446,27.6225953964,-4.12749547896,6.01874974146,-5.231069665,7.93220044282,-2.01487517592,-8.30069889154,6.54133635679,7.23734719553,-3.71601539577,-5.4864654458,-1.54939434787,6.9808509103,-1.96230077512
"K",-16.9084882946,19.9221126116,-21.1123765568,3.39947739382,-11.7179294601,7.58899401521,-0.571730440409,-2.79407497684,-18.2430728808,6.95056471258,2.00544284297,5.08789865949,7.54042940976,4.64454852435,-3.86987950408,-2.82009142669,-1.69734963303,-3.40743563177,-1.23737144759,0.821105855405
"K+",-10.0756649416,-5.8486674266,9.62573379898,9.26718765125,-15.9325548856,1.26549985738,3.6958064955,-5.52566510394,-10.5782474666,-1.37124559598,12.8140159791,4.44509719714,-5.36464467234,2.82824260668,8.446688118,-1.93809102963,-1.39231821566,0.231353460978,0.479010228356,5.87658077954
"K+?",18.0203928008,47.6964240313,29.0079449617,-8.59277556362,-44.9611303186,75.7021977402,46.8313822255,126.071903362,45.3973000713,17.3616146703,64.0876685314,-13.2042454969,26.1909865169,-14.9950332318,7.85257572961,13.5158801344,4.97268456348,-6.73139406294,-8.58224222804,9.10074902994
"H",-21.8749421178,-42.9937557628,25.6054768352,-13.1383018091,6.13822180706,19.1969394644,-10.2186876894,-1.45150592554,-18.0307209156,-5.76885803666,1.20485041605,9.83879590184,-4.16738012493,-1.05910792988,9.19376930703,-0.654209227685,-4.15887007194,-1.12321090727,4.20878750708,15.5353961713
"K+",3.54828161041,29.3632710284,-18.5732883179,12.3817339337,14.5416471756,-28.7430080636,-22.062034306,-13.3429035767,1.90409419084,-13.5766501992,32.847595779,8.5085002039,-3.85389484575,-3.12920479135,14.1516107083,-3.91798487675,-4.41579627271,-5.92918355567,-9.51081275516,12.1029073821
"K+",87.19476749,37.9286931855,-26.3068236843,-6.16328281808,-15.3018243785,-12.4902115768,1.64655992382,0.282931090802,8.10774194852,-23.5027094457,-10.4774446401,4.53093597723,10.2593475175,-12.4879943463,-1.57666335117,8.94629143039,-8.89596895895,2.07971967764,-3.65467987205,-3.08721346848
"W",0.992125031685,-14.064092841,23.0463973497,4.94662718127,7.27814163376,-13.3059729151,-27.2376816108,1.25854976106,5.21645735795,11.4677643959,14.0512932308,4.51964124516,3.13205740225,-3.05954347264,-5.08215626304,-11.126662019,-7.89733449888,1.64704119679,-14.4527022819,-11.6228529319
"K",1.9073145099,-7.1442472642,-20.6928550832,37.4533968375,9.81345044364,-10.9684681016,-14.4728231954,-9.23266740686,0.392812691217,-2.7616183477,11.3750307883,10.5473942781,13.9481824981,0.555350354959,4.06420404133,8.88002964002,-3.61016912289,-9.12415614053,-4.97629514729,-9.12340764703
"K+",-2.02472523891,33.1574931667,-16.2916630095,-7.89514982975,-14.8194332328,-6.59265425636,6.38622810717,0.355252721185,-12.6243858443,15.2901429478,-7.403642208,4.00836757133,7.45153323233,-5.99351768386,-6.14564056551,0.00577284933486,-0.00196720582157,-0.0346554771274,0.455840320801,4.12392264678
"K+",-48.8285003917,21.0257447641,16.6129621287,9.07634541344,15.3802267007,-16.0463678234,-1.47518130207,9.71724947897,-0.997006513508,4.79507348873,1.75216285128,-13.8153370745,-1.31430867864,-1.24067880104,4.27318927903,0.706372589317,-4.43751433297,-10.7978859828,7.99475235767,-2.03562711986
"K+",83.177002662,15.2014966034,-16.0588295286,32.0964247938,48.1053593859,-5.18350292601,3.88273409659,11.6149575654,23.0497648861,10.5932240421,8.2158335874,36.297588458,-32.2712024406,-20.8715696014,-5.84692765894,-10.5564005316,-10.1829782486,-3.80981987397,-20.6184166882,-15.3768074477
"K+",-48.7604364117,24.8071290227,3.65554244385,10.1379918493,-17.8084933693,-12.8913416358,5.51294597325,-1.75295860144,8.22682785052,2.5022213802,0.287515688787,-10.5659437394,-12.4580266038,-5.19238576579,0.0253371809835,0.580771052909,4.30485320055,5.49030636118,7.23838712436,-4.68091595221
"W+",19.2835968287,36.602065734,53.1123480235,-31.0427116456,0.015270915712,2.08744013935,9.90844948728,-5.31180641969,-15.926701871,-0.218115051206,-1.29985956193,-7.38508675389,-2.55240537522,4.79916228219,0.310188239277,-0.0681519872505,2.47178891415,8.83994922686,-4.61530370415,-1.41714146132
"K+",-18.4586609216,4.62185083635,-9.58881439865,36.295909868,-1.21116900375,-5.09652004785,1.87172504814,-11.7651023839,1.98547095996,6.96043623151,19.8148771153,10.7178737091,-0.487181562119,-6.7394634163,-2.73788647703,10.8569432748,-3.73267185499,0.310708868976,0.0499893004507,6.26148386514
"K+",29.6782297577,50.0402536584,35.3970496222,14.6821100187,1.36459612092,9.12694613251,4.8533557855,-5.72452354773,-21.3187574672,-10.8426064036,20.7542111083,-5.22650658715,2.6352977832,4.14391881365,7.15649943496,-8.36057449319,1.36605310887,2.08935935382,-0.68259531119,-2.75143841293
"K+",67.2842107203,38.1145522621,-27.568150018,-4.93293864156,-17.2412555476,-5.5156733489,-1.89401606287,-6.51951793041,8.76742466013,-16.0841230762,-11.1408401584,2.58776360193,6.58011822226,-10.2919033502,-3.27875289599,7.23359248053,-4.29159507406,2.28845192053,-8.38754558533,-1.99610030166
"K+",-38.7891870508,8.123647139,-0.844177430984,19.9292750016,-22.1961457042,0.338730662331,12.8989597759,-9.40886459849,-7.79479540538,-8.84809762565,11.4757289958,6.28072654873,-11.7491387473,-2.69519385895,1.9601263647,-2.07418611661,-0.273966201674,-7.9029033296,3.52661321795,8.96560175376
"H",-48.6680037864,-9.60434208285,1.44469952439,3.91310212116,-5.16283917198,4.92033364939,-7.79758047147,1.22077919397,12.5731289207,-5.76991270692,-15.2015215918,1.088115793,11.0393972503,1.07296992008,14.9377890391,3.27471593081,-4.98115307115,11.5255958444,-3.22184519274,-2.95938674696
"W",-26.1748705905,-3.98027985061,-2.19360049953,-22.3092213086,24.5303050677,-4.46858546669,-17.2847999425,-2.8507847882,6.44972698616,15.440562565,10.2855738336,-14.6954761893,11.512378968,11.4126066768,-1.91958965796,2.23410021888,3.05624954779,-6.83823770103,-4.21446539045,-7.48064064354
"K+",56.5855249872,-26.9519864818,-39.0141181824,5.28661684045,-17.5678423507,2.42134623816,9.00470159556,-0.278493512107,0.451836731022,3.67620268708,6.28834953278,13.0996102053,-10.6404577469,22.6519614674,10.4222770302,2.53369063539,2.37080269742,1.92916164139,1.74759820723,-1.56856226253
"K",69.9875338069,-19.3105718056,17.6941282192,0.295042321457,-27.76362146,-5.19460780094,-22.6184994794,13.8459649037,0.559232713966,-7.17842175258,3.55663571974,-12.4080472903,-13.6866289591,1.65445613543,-13.7375429042,-1.78829137563,-2.28484629417,-4.20633856497,7.83104616949,-1.38933734633
"K",-25.3491938221,-48.86921502,-12.4592836621,-5.13283395586,5.08355084071,-16.6559492521,26.8103171426,12.2024333885,-0.612592662117,-22.0465377085,-3.98525939053,0.371027279149,-0.922895373304,15.1812327666,-3.28961969885,3.11825263001,3.51325874458,5.92415093779,-6.17099049261,-1.7587882739
"K+",-27.6394822378,8.38096588641,-12.9177607822,-1.46677035455,-13.1347650241,-12.7818757049,-5.24089233557,-5.90444104741,-3.99149527529,21.517474953,2.02628874037,-5.95444568381,-1.10199499616,-7.17462723208,-6.39046904235,1.91475657094,0.945096542503,2.39384413796,0.249275670688,-4.05399248162
"K+",2.18538629519,-12.6355388919,18.1955331142,5.80953244931,-19.1759646411,-1.5452276574,12.3528934835,-11.5977366577,-4.09842785875,-0.476338940172,11.7041939465,5.50251843095,-0.200283491571,1.74917596207,2.22993303836,-4.56530557268,-0.14610443322,-2.34247783062,-3.93948786012,2.77518977322
"K+",-20.7290884744,2.52896382459,21.9969438775,27.5877115701,9.15084208592,-12.9974316142,7.48168155964,-11.9789708234,2.40073408398,11.9401106223,6.13022952086,-15.8260941498,4.04888812851,-1.57575129087,3.2658078665,21.199334306,8.06686166631,-14.0265563295,1.94943955977,0.0399901065356
"K+",-17.4355453836,24.0679557364,-29.6464698442,12.2906898084,14.6212971622,-4.49890832539,5.76757012436,8.78396271142,0.367330741288,-5.58655389041,-10.6218627392,-14.0908304831,6.02594652279,2.38093990643,1.38856634542,-9.19107224775,2.14925223172,-6.79603796553,1.59687587839,-6.72842323945
"K",-16.363595596,27.6787757606,-32.8784136397,33.7471581656,4.66516744867,4.7765098167,4.06654869956,11.5126648606,-5.71354952115,1.68864275743,-9.68721765235,-9.66193557204,1.51643610327,14.3760699689,9.07855330619,-4.27868697552,-7.29259665869,-7.54711354047,7.68669658007,0.415483030878
"K+",5.33151380319,-1.20419345064,22.5622152555,23.3576296186,18.102089478,-10.0594137356,6.1148616374,2.52862675862,0.389023881947,13.9491300381,-7.37914620657,-5.97175218919,-2.54991795777,-7.96215421698,2.12879439164,2.31125676878,2.83174464492,-14.0721402818,-0.199289056646,0.0873723735086
"K+",-3.4590733821,2.23328043833,4.55979181553,17.6790426873,-13.2785831341,0.505999064533,4.45520247097,-8.43388507847,-6.24215968507,7.84065775612,10.1698344016,10.0208222793,-1.71195938212,-3.44094110828,4.20537080247,1.54331153358,-0.562758637676,-0.052282207591,-1.52371352214,-0.141089324408
"K+",36.8313501294,22.1848703173,-32.6360396088,-3.00279746373,7.96940983863,-10.0603179208,-16.137800687,20.2144030467,-10.5747164164,4.39922141505,0.403553004802,5.84920315892,-3.06025304039,4.05436860543,9.29349466735,-6.97913739361,-1.48253613303,3.4123664291,-5.41773187774,12.9616467373
"K",14.0857367986,-39.5202948259,31.6209679845,4.57892930346,-16.9466474077,9.88221607533,-23.0766635149,3.47868971634,-8.29691948838,-13.2051445851,-1.96264363001,-3.20505463396,2.05416344422,-12.9828741161,-3.59768791315,1.77511814461,-5.01987205101,-6.50041207284,-0.102256065374,-5.01817431814
"H",-17.7274345244,-10.1868761261,-3.67936442222,-15.9881566956,-8.76471350275,13.3381372308,-11.1231671285,-17.3868780123,24.2866261946,-1.86675918174,1.05232625935,0.35671839262,12.5603424969,10.7064895541,6.80882295471,-6.78352977139,0.874714275564,-5.25706120614,-0.035764512118,1.72803536847
"K+",-18.6552427807,26.6581809639,-17.1900356848,5.17582598254,-10.8928564108,10.1308686101,5.95133869417,-4.976254458,-18.6946736707,6.41548686201,5.88485693433,9.51322334393,4.56648700249,6.01364890741,-1.24155775941,2.44649221396,-4.75421753325,-2.38112285571,2.25612629227,-0.569735824822
"K+?",-56.6310026567,7.39626964108,16.3078112274,16.7342309082,1.08077844535,-5.88245813205,9.45851643783,-1.26029859186,-5.66769665736,2.22997314771,-0.83280017017,1.70420391925,6.70334467357,-8.89301345633,-0.49069070607,-6.5205069812,0.936195359153,-13.092031034,3.32502709263,-6.24297685834
"K",-29.9560595206,-11.636922006,-15.9313779671,-21.3997943199,17.2613885685,6.76134133049,4.74095099499,5.49274276168,-2.71501760694,4.80257571835,-4.00437773752,-4.64879365727,3.14944494541,-1.76014950018,-5.78244558461,-4.60769715253,-8.47526069952,0.637821765499,-5.20277571008,1.31512206663
"K+",-63.0239017405,7.79627049714,12.8082371924,15.5346103479,-24.0723429918,-10.2126878316,12.536977287,1.07540932561,1.83095257402,-4.16861089698,-2.78397138208,-4.77327793779,-5.0160683976,4.4321705418,-0.565997106305,1.62799198431,-5.36793785352,-7.85239486795,4.17570811333,-3.49170631035
"K+",146.2436703,-4.58585362415,49.1503296834,8.89582466959,38.4487214149,-21.1721623176,-2.18454785491,-15.9155037769,-16.3683043992,0.55838350183,7.59196918106,-14.5467369296,-0.71733893707,-17.5825671637,12.2683643915,5.90950976207,25.812138653,-5.20859094091,-6.93600679635,8.1262606583
"W+",49.007557676,47.8248577367,54.9702804142,-28.0147615444,-7.63316476767,9.0624100653,13.9520561457,-11.9107631587,-16.4657446407,3.61119064599,11.1311788589,-8.86112495897,-11.4884161901,8.28476420069,1.27083924226,6.91304476769,-7.05619361347,5.8377188168,-3.73286084508,-3.77743844183
"W+",17.9656911021,36.3086444198,23.7035931969,-13.4468461618,-12.5797447562,6.58709724192,1.4089628554,-2.57751803144,-22.9000102104,13.2485762576,3.77701688659,-5.13727157333,-13.9921384185,6.82087806722,2.03149299474,14.7868302202,-0.807570095405,9.96328981384,-7.46194463285,-9.41650091223
"K+",47.3209620677,15.0787040252,-7.09226072659,-11.61594787,-5.57095383358,-12.5492968819,8.04206664893,0.75959987687,-10.8589047905,12.9000196792,-2.91693405809,8.39287937313,-1.36113488064,-4.71570557414,0.131579038701,8.27431137945,-3.30309260497,1.66002877043,3.54856272101,3.05582052487
"K+",68.7157826354,43.6058044142,-28.8506224533,-11.0571297593,-13.657599696,-9.31119877756,4.70835986368,6.06932365445,7.04269839181,-18.5591210154,-14.0585328504,7.421833687,10.7382010274,-6.54847054411,-0.822262476519,3.64578704159,-8.32427214951,2.46875272623,-1.41456076314,-1.23745098292
"K+",7.82723631771,29.2669538252,-44.7485693802,-5.26493521011,4.0447391246,-5.9925766989,-16.3396248091,15.7738850731,-3.20687508614,-7.63453498283,-4.10632270399,4.58434710818,-3.96714558915,1.44778831252,10.9723792064,-3.91164781698,4.81497879621,2.94148301204,-7.08619652059,3.32176831901
"K+",7.47137667249,-42.7812217549,40.0097993293,6.39983763235,-8.73755652118,15.3178007317,-19.4687705537,0.362826639329,-11.55190689,-13.0596502349,-0.467349821073,-11.158823883,-5.25388477502,-13.1593461436,-0.55752864629,4.89096699001,-4.87759471377,-2.3698520786,2.69215347736,-7.65358412454
"W+",51.6200364109,-35.4500394315,-31.276787213,-12.6039199353,-5.8234990602,-1.23416595016,17.4102624352,-5.16574982725,7.06737791985,-9.1442968545,10.1641535997,10.3265770926,-2.9109725244,6.78689185263,-4.27506436963,-7.19382326391,2.63910130392,-5.32751362831,5.06885837618,1.17500913637
"K+",35.1274884871,14.9687583351,-21.8971794637,32.1306990917,-25.9647349594,-9.58126145318,-36.6368544682,8.21656728427,-4.30228001466,20.8735717706,6.58651778803,1.11166518762,-1.47486677863,11.3374747502,-3.83697707642,13.6106195536,0.540531217567,-0.263121951533,2.76094598673,-2.27491825897
"H",-71.176039985,-4.50943862813,12.542777631,16.4987743244,9.7539763178,1.50986344906,3.56909977374,3.15431602821,9.78411671044,3.02611585198,-16.1065263193,0.476918026522,-5.74598065995,-2.87069197333,-3.38109814898,-6.58191916283,-11.7393847494,1.54554790246,-2.42956488076,-3.85255588449
"W",25.6598682984,-27.7282118382,13.2162788292,-2.45957645914,-27.276009783,-9.45212102857,2.91429501224,7.63197292464,-4.06538976661,22.7334149105,-19.247995586,-4.45984670091,0.545454562113,2.27728198932,11.9944706331,-0.898334848339,6.50210557131,0.933906016065,2.73751434101,-5.00309856776
"K+",21.898205169,47.6570284727,39.044030432,12.9025860969,-3.75815961635,8.08294305119,5.50466394312,-7.3384817829,-19.2457732797,-15.0517412329,17.3041625278,-3.58659041822,2.00094453992,2.49315540694,8.21510613608,-6.910172361,-1.17726275641,-5.30718376319,-3.51649389318,-2.25454812043
"K+",-40.5335170316,26.1014117601,-31.5086718126,10.1721446458,12.6872559909,3.65809636731,0.478943203664,1.73781477757,5.62110305649,-16.9556215907,1.06989532919,-9.484053709,0.834200856579,4.08702057732,1.86886125026,-10.2613879134,-1.60936306257,-2.05610848519,3.0697561411,-1.85695835848
"W",13.7824342474,-35.4669419803,11.9031742144,-6.52024341074,-12.2729049553,-9.08940180026,0.865266623606,5.00095971565,-5.40606546155,37.1663442853,-12.5255167618,7.94517616585,3.72862332734,-2.6739511341,-1.32342790209,-4.99581888092,-1.36026041916,-4.3645093486,5.00726320848,3.01817671944
"K+",-5.56718155207,16.7295077637,-20.4575867285,1.24423739701,-9.29635543964,6.85782197885,3.68760227792,-4.9073063752,-18.5786873051,10.168905971,-0.132039218467,3.53855392489,6.60311313626,-0.849523436294,-3.5827996609,3.86775327229,-1.10517717227,-1.25548598559,1.00456571081,-0.329041742804
"W",-23.3132008225,-26.5035735284,42.7980343157,1.06004862213,18.4462701385,-30.4481480708,13.1633908017,6.52688429915,14.8177240413,23.9448323017,-6.46501183398,-12.5720799374,6.30535386214,-10.9912052104,-5.12128700495,3.168401059,-17.4668484326,3.79894973543,10.3441839144,-3.78218333566
"K",20.1000318663,-33.6124784913,23.0945606374,13.9747649497,-6.10340445846,17.7549130708,-21.6671116177,9.29351769849,-3.60597189495,-7.60865846317,-2.87212161131,1.99564199211,0.34846596439,0.520041409437,-4.13448664783,-1.502304048,-8.01042624295,-3.63035102605,-4.49168113592,-12.2506923826
"W",15.8659857168,45.3177969358,31.4961634842,-30.0845284432,-3.2237354,-1.97379401448,-9.96805538788,10.2362543357,-1.71122268707,-19.2089871424,-7.62313007533,2.29285514079,-3.02055701256,15.9905960758,-11.5642305219,1.42650129613,2.56682982795,-5.68081833315,5.70344213311,5.42733086274
"W+",-3.76913377723,-4.41108245387,-20.3751954016,-43.5285570551,24.8151110378,21.2481278131,-9.05491997781,-6.69561041444,12.510308752,4.59497035499,-8.4684001788,1.34178055082,-0.635612603903,-8.50991839087,-2.87361003852,2.91943356518,-1.69664759418,-0.516955861074,9.28091843196,2.22925981531
"K+",-54.2343028297,22.5262086587,10.9771971249,12.705790651,-5.30859676182,-19.6212955205,-2.46527550563,4.41010698208,15.6271957116,-4.50963622128,-2.20900668855,-6.12689312921,-9.24731203036,-3.20272568912,-1.12066654837,-0.0612783715342,-4.32324795327,3.54910489862,0.822218958934,3.18800077654
"K+",-6.96799369162,-13.0803550529,4.96288227083,9.63417087037,13.7286775067,-28.5239584615,-5.09537027033,-3.29533378359,-4.43966929337,-4.05248794863,14.744532555,7.06518615897,4.84769164912,-2.73094695185,7.46020536017,9.60397468786,4.71221541198,-3.98064183614,-6.66903494079,1.81519177761
"W",9.55246694958,-1.86563057279,-26.8713064853,-27.6690149397,25.7136774146,22.0044404791,-7.95601157377,-1.2436810645,3.35308140822,7.73891721036,-3.3804448481,-8.98391538936,-6.02673779165,1.77475219291,-1.05219218259,6.62758459027,-11.3165863153,-0.341326305102,-0.345769502786,0.376450750231
"W+",-7.36556907304,-19.2557708854,-32.0602446671,-16.6365248944,5.54495508816,17.5653404002,2.68672998227,-2.53505610907,-15.3216287303,0.666924389712,2.29202573252,0.030653887212,0.913618368814,-8.02621503859,-5.40200891132,1.05498081001,7.84396744834,0.124754371849,4.0031770137,1.09716026116
"W",-34.3827544073,-1.78173157321,-21.5023314027,-16.1955367939,26.6353675304,18.3589266378,-10.0016165341,-7.35155075461,0.153325382978,1.26743488679,-0.544608225411,-11.6996413076,0.0378728940965,1.31397292235,-2.89394275813,7.74276896767,-4.5801750665,-0.126103703663,-9.5680790365,2.24444166984
"K+",-74.8501154709,-1.35305063441,-4.78219331477,13.7527464731,-1.13120552915,-8.6187249265,-5.15337225831,10.9939321006,-4.87048136316,-0.543640466942,6.13101941642,15.4203562433,-3.614804567,2.78017515737,1.64059791534,8.9698818351,4.08023357146,7.06221777734,2.67865474523,-12.6554736119
"K",-45.3713061934,-25.8014525244,0.756248437624,0.726655244806,-5.93088685463,-8.86327241666,29.2390030215,13.160081266,-8.94172672025,-9.30246377288,-7.16850046698,4.14710979058,2.31928053394,-2.92140541941,-8.02396527564,9.34409165631,4.03044122403,9.52171125884,-5.80096331426,-13.1579959414
"K",5.00396302053,-21.5910185168,-10.732988925,-10.3268473457,-5.41644720196,1.44657735717,7.509870231,0.911327497267,-1.14692253641,-0.405271590207,5.4916742477,4.35891826457,5.46951123278,5.77522967831,-15.0768799756,-1.59860601737,4.30666809951,7.90772907622,-2.4228957751,-3.49324125264
"W",13.7581389815,16.8566638966,10.121368772,7.01215694488,4.19384177226,-23.3749638294,-16.5707032399,4.22758454659,15.6616962076,-5.9400971112,-7.57371935885,-24.6530784962,8.07893957852,-5.14313894689,3.7425208841,-5.64375726657,12.0022934168,-2.11254962749,-12.8762466863,12.1060287744
"K+",-1.07444757915,-14.3748430418,8.68695833634,24.1774220364,-15.5619015378,-2.22869865586,12.1008063935,-9.33298204149,-14.8795209194,0.0354721441454,12.5678466196,13.228939726,2.68361305925,-8.14325158358,6.34403780129,4.47370220063,5.1963320789,-2.62590439,4.39440121427,5.11433578117
"W",-30.003514247,-7.65828018726,-19.3180894486,-30.8642588319,21.971310368,23.5282486962,-9.0240821092,-2.3526627395,-0.808378881804,-1.92236342675,-2.92390095157,-1.01418584592,-5.58568984066,1.99961790488,-0.210582276229,2.73389767035,-3.81007508349,2.8864117997,4.65832388174,0.553455619329
"K+",-14.2713517149,44.4620243093,-16.8167936992,-2.25822267578,-15.7075799264,-6.20919126377,9.14202414145,-2.21604245419,-11.222167661,7.30725572208,-1.01492661606,5.1822650372,2.16923006398,-3.13910264875,-1.78205313287,-6.10817990592,-2.46670114188,-3.66061106264,3.25234298959,3.21478593141
"W",-25.5141940993,-12.2402428594,-11.4918138296,-39.2948835121,28.7332917775,13.1457769524,-6.82458148591,-1.85634498696,11.8741402167,-0.561053582196,-8.2167456843,-0.98298914842,3.86504828208,1.10185759136,-6.73572637258,7.89908020329,-7.37902119764,1.60122679236,-3.85978924338,8.60768817269
"K+",83.0426189653,-42.2475938612,-40.5835465107,-7.14020319071,-3.8202472314,-1.09885985107,21.1426376764,-8.7818661782,9.71398060189,-3.41471761786,9.05602276742,-0.306090009528,3.21351764189,13.6393713021,-1.83982408836,0.0604233136917,2.82656461479,-5.49355795978,7.51779064751,-0.408121678629
"W",-12.970434833,-2.62162837604,8.099004633,4.58865129062,9.21297756809,-11.3580691244,-20.5587443756,-2.38396207463,12.7783826749,1.64482196882,20.9300580597,-8.37568591795,-1.6732106431,3.91788686057,-8.02240216745,-15.567387653,-20.9869175257,14.480959035,-4.56357001768,-8.19538241571
"K+",-12.614155705,-29.0308519942,-0.915851488512,37.0780304288,-12.7222934835,1.32344911267,-1.17734340636,-1.00406797781,-4.93796914643,-6.4675959916,-17.1081449782,7.45275047411,4.0476633276,5.06701720794,3.83953204065,11.849347899,-3.47542474808,2.41121528881,4.27263625936,8.07041759884
"K+",-17.8359628221,-8.63589308968,9.44671045335,14.8574299158,-15.6977824363,-5.48335694694,2.59530714908,-11.708279699,-5.45915017842,2.54520920604,11.9512769237,4.47055418413,-3.72759161497,0.949772365347,2.43843364045,5.09842001307,-3.87510965015,-8.96997946334,-2.55257751486,1.7414948478
"K+",83.7209729954,-47.9640231934,-33.0722553528,-19.0661318442,-6.07396590146,-4.32526768369,23.0608964534,-2.01152945915,6.33124934491,-8.33686234357,4.61705289681,0.0725140673158,-3.24871700774,9.25554985606,5.44573434407,-3.66257170109,-2.79520049312,0.821993293491,8.93116370797,-0.324308963999
"K+",61.5043108149,38.5988748043,-25.4773881056,-6.15440769044,-13.8677956378,-8.28447165959,3.81182641367,-4.93609747816,4.79039794067,-25.4310332045,-7.96332244509,2.72530437813,0.552107516316,-5.70730762103,0.0365762436409,8.46878275344,-6.43337869602,-3.00521936492,-5.75257426046,3.93692880576
"K+",-71.3966191987,-22.4450237678,14.0783851981,15.2766713044,17.8730645149,-21.2434394287,-2.92442919156,8.06532586345,-4.28078765061,-23.2525765689,15.1762376125,10.9227474211,-7.04434327231,6.04538274605,-2.04463123237,0.613330469559,4.92712221904,-1.74825462741,-5.92097233619,10.3735632132
"K",-13.8445249697,-31.6029405283,-3.33309984221,-16.3371736035,-1.48100518814,5.86107096028,2.34113474873,4.24300513521,-12.7690396206,4.11013684335,-4.37697781181,4.66309455645,8.29192050976,4.60721308145,-4.97915100429,1.29431686736,0.160574652666,-6.06801574169,1.85162556623,-15.0451969253
"K+",-26.3776483642,46.9966536401,22.2969489688,12.6592698309,-22.8020835066,3.90489898147,-1.27461458862,-5.80983400219,-9.69490074321,-15.6178732434,2.2962319068,-11.387608982,1.05279108179,-1.15343649574,0.774718312906,-0.691715441949,1.32032609671,-4.50776971953,-0.667420132737,-3.91807571641
"K+",-35.3986298391,-6.49603063016,5.18908174807,18.0286722189,-22.0469716484,0.131687200151,5.25279254756,-8.75456936301,-4.15651048967,1.06467546967,9.64942726519,5.78611926342,-6.50653234511,-1.77954096022,2.38107880599,2.26986579894,-5.55299061984,-3.57456939812,-0.562488368354,6.09306665169
"K+",2.81742743497,-21.7686022112,19.5843662618,24.5898108494,-2.02585416817,-6.79670478266,-2.97847624793,4.67248377289,-3.30394103106,-5.11325565688,-1.82854893853,-1.94620171451,5.97169808449,-4.28285708764,6.99047227008,3.19556819731,10.7835151332,-8.00167216171,-14.6610664443,6.19036049018
"K",17.1598249616,-11.9381322193,-17.8163374078,-1.29915962968,-7.30410488807,-12.3832818981,4.10669432892,-8.51512977507,-5.90041213456,4.33597210876,4.62443435056,0.533030613049,16.8601275413,0.725223818176,-10.7243134243,-0.745858085585,7.66499617283,2.54661516547,-10.6639491387,13.1580664072
"K+",-70.9001832185,23.0215542128,2.64719180058,18.3255984326,-18.206131669,-15.5126666686,6.92785098256,-8.31258757976,12.8772864752,-11.2254133207,4.78838413246,-2.0818445755,-1.87322076461,-9.25833169625,-4.94437703098,-1.46584779333,9.55115969096,-0.0700267800678,1.88042539328,0.452203409378
"K+",-1.62406798982,33.0258914649,-17.3190956714,-3.66292870984,-13.6473987511,-2.07240661462,2.29920767218,1.73227601783,-14.2375010706,13.2303559624,-8.21023253866,7.32056037803,9.08614871897,-1.53669030243,-5.76699086125,-4.62925279677,-0.594546634365,0.926337358404,3.65697214159,4.22667824005
"K",45.8923445548,-49.0673129837,34.3365889483,0.7567751655,-12.7861930868,12.2838780365,-29.5816457763,10.4627036604,-10.4297631408,-13.6508190906,-5.44294061867,-6.23668881065,3.36308729475,-9.12621134137,-2.09951802712,2.66088534178,-10.0246396244,-10.3504755715,1.74589339659,-3.47406366965
"H",-38.6556424349,-9.85894914325,-11.271401746,-17.7233871289,-0.99516559007,3.29998044958,-11.2999677947,2.11066846312,16.2639365272,-14.4786677889,-7.2444170408,11.8575295045,0.947711778171,3.73864937069,6.5309354894,0.13531488348,-0.896079009449,-9.59255169099,-8.72321191298,6.23342858246
"K+",62.0721693796,27.9137883086,-12.8925578851,-7.82006704827,-6.09961410629,-5.58827047647,5.6014345214,-0.166973662923,4.72311781059,-20.7849589426,-9.50412685347,0.701105036648,11.3983539761,-15.8281068653,2.52277111719,-4.96162079715,-9.51080211607,4.70503728973,-0.137159664707,-2.29447931329
"W+",-15.5182896419,48.7883297123,29.4479885984,-15.8120042177,1.16002185375,3.64395028451,-5.35050288739,0.23774342752,3.81660057585,-1.31591144422,-0.499523207044,7.5103316084,1.31845478607,17.1017463815,-3.85026216923,-5.27117008942,5.36214369993,-5.79741010312,14.369966825,0.88424185359
"K",-0.500743152377,31.5353115621,-23.8418005149,13.7275847968,20.0150157718,-0.245287205827,8.03278436647,8.48870996363,-4.37491636669,2.33675175322,-12.7915373112,-10.6611640855,9.40887384642,3.53024504788,6.17521973905,-11.909207676,5.30191770594,-9.0863197699,2.4030564406,-2.20107097107
"K+",-28.5474614524,19.2578291539,1.88384638767,18.0349721293,-10.9176294086,-14.451897882,8.67777697944,-1.06256231354,8.90040641209,1.37793958279,-4.31858492646,-5.47346587621,-9.7821827741,-8.60351143043,-1.01685823425,-4.94645546087,1.91928902029,1.76886127935,6.32555796035,-1.49866185735
"K+",0.916880984152,29.0525226513,-13.09849901,-7.19519009603,-18.474768766,-4.27546084226,5.30944415274,1.68085563998,-15.078516258,12.5767249453,-7.01483290652,8.30534726127,3.31991025549,-4.97659060282,-4.12008113891,-2.80558612614,-2.23687475275,0.0509269883361,1.48893124755,4.59414581711
"K+",86.1520003043,35.653025945,5.9855936103,93.353163679,63.2524209738,45.7581353448,24.3585316928,-15.0353636301,3.47058655404,13.9677874202,9.14055801914,-9.09890007709,-19.1946064063,-6.24037235506,3.29786701258,-19.5058842507,13.0126055996,7.89417012699,3.82100141868,-5.37292119366
"K+",-14.5689739584,-3.47690530229,9.30023180465,16.1364703611,-20.2297453966,-3.83113217704,5.6826046406,-5.40919240758,-9.02370703491,-1.91678476004,12.4146846599,8.3206103483,-1.54744821719,1.79673145291,8.06193982747,-1.22537327832,-4.95157490803,-1.69818423521,-0.876772338752,3.08933417538
"W",53.3959786517,-51.7998161262,46.051676972,-31.3670979849,11.8251962424,-34.4312928436,7.14450384859,13.8089909005,13.5502585035,8.02478187698,-4.59202013071,0.0566731403127,-2.66056788484,3.32848450534,15.8984672684,-8.23842596085,-11.1118911865,-3.71240007337,-2.34511405208,2.73632144004
"W+",-4.01473084839,39.8921993492,41.7246183471,3.76277879096,29.3441053332,8.05977016949,0.758245887496,-6.41776279341,9.19851491395,3.04458748987,8.05761892833,7.35292888909,12.9253314074,8.05344982436,4.23944926605,-4.1216322918,7.27880056034,24.2115103775,26.6581181274,7.24219347816
"W+",-5.84468617789,-50.4287594476,19.7371978804,-21.5953570633,-1.6865632321,24.740076946,3.95332780459,-9.25424890566,2.01167130768,-5.99953795035,-8.58220413729,-5.77010090595,-4.73294373494,-9.34068561663,10.770956562,-5.25126187665,11.8084677601,-6.89189751892,-1.92771427179,-6.09074271418
"K",22.8277458727,-30.231672031,5.73264975981,-2.71156063486,2.76638735231,15.3682430633,-26.3143007808,4.34318674006,-8.78814675839,4.26271500361,18.8946780962,6.39792764783,-2.81363404952,3.60044329653,-7.70222942306,-1.66080382096,-2.04838581591,0.193749664293,-0.693195112797,-15.8614870583
"K",-37.1427529991,25.8713792081,-38.3786740622,10.7904710288,9.00154054682,2.36901326081,1.15379047723,5.50997611129,-1.27839307182,-6.50884471949,-5.06035339455,-10.3110632767,6.60512032725,5.25231759903,4.57873624202,-6.58246051584,-1.97341762394,-5.78959801711,0.255036665243,-5.81533568094
"K+",55.3307381976,34.2705064101,-14.1320941359,-18.3556618425,-5.91266604398,-6.13382059089,-0.226863086438,-3.59405552472,0.865352952164,-8.8281391044,3.81932816927,7.67325160856,5.38230667979,-15.284976613,3.13185624297,0.511574499908,4.52031065795,4.93429698023,-1.42303980829,-7.01380841563
"K+",-54.7173340811,13.5900016848,-3.11856049016,4.66040113594,-23.5357405219,-17.1067411345,-5.02799069042,0.567825133465,-0.250233282056,20.4054103552,8.92688546729,7.57024152369,-2.08932538491,-7.57070154343,0.131803158034,-2.82984798792,8.44830455932,7.94417582634,6.6605237519,-1.32137615939
"K+?",70.8590415628,-11.3057136263,-9.86099007031,56.3547252234,-17.8505640885,24.9864337903,27.0671178027,4.28969894445,-8.74982631616,-15.9678610475,-15.048481456,-15.7027464099,-0.0942220679522,4.04748957975,4.01185625065,-19.3174997198,-9.20800560043,-3.63103089278,-5.21398086694,-5.82831965415
"W+",-47.2121958001,-19.8418718344,2.86423031839,7.92424153689,-21.1789712053,23.9415986268,-20.2993780223,7.49937690452,-4.98624012555,-8.83887719167,-4.51867030611,3.04516073596,4.59119613714,0.0123213323689,15.0716256408,0.035105887442,2.65329042927,7.08422119408,2.29407469513,-13.8219612848
"K+",10.4321702443,-16.9417414827,11.1692529075,17.783857618,-12.3790760098,-0.293935846162,12.3681257086,-12.4648404852,-14.5753057139,-1.35879045742,9.99046399712,13.5270780084,-0.735490469948,-13.3425116151,5.43194508897,-2.68764266337,0.809349228093,-3.39018221168,1.46139554645,1.69347861852
"W+",-84.4919487291,7.50565081975,-7.00266989429,-4.14371240603,6.03267610106,2.65431557102,-4.99443174242,-14.1099826665,23.0739182952,-5.58607570573,1.04925392768,-2.2879659699,-8.5345540343,-5.68819926031,9.90594816945,15.7784278335,12.0763556954,-3.50543562006,-0.605910995366,1.33955836371
"K",-59.7693489963,-30.1270320207,7.14312142183,-12.9936739987,0.833228248426,-10.6073944771,12.4522184235,12.7822027518,-13.3563144601,-6.83097105592,0.331050320407,-9.87105488198,-2.65288184494,7.25309478586,-0.721442689442,-3.09063235689,-1.59615789833,3.28879075652,-3.82276297243,5.82694751241
"W+",-18.032731296,31.0805135515,26.6044882193,-34.6742182508,-1.34701143154,10.1445104851,7.58054730738,-10.9603092057,-1.14441533083,8.98166967748,-1.36814368012,-3.83569105741,0.421113809861,8.07915724417,4.40316810646,0.197000026373,-9.07682430828,3.02641460773,-4.82649397853,-3.32922936981
"K+",7.68674501432,-7.80234680552,-28.4181712822,4.23900878031,-2.6896223056,4.59009341195,0.823262049339,5.00690539847,-11.3228976757,22.3309842853,-12.3519814392,-5.88470924982,12.1159273145,-4.42782549664,-3.14581608232,-9.60203303029,4.90508898584,0.820595210363,4.09389999417,-2.17330722882
"K+",-18.7056610188,-15.0402390616,0.133678299379,45.2893098565,-2.09872639751,12.6731698076,-8.11077175579,3.70160515559,-1.20934463391,-3.01091945445,-16.827020626,-3.04685794343,9.89216189699,3.74495603717,8.54391391962,8.87528297124,5.58656907992,2.75219414057,0.0489532162714,-1.34136863967
"K+",59.5377925455,33.2906582731,-17.0877013372,-24.6157131244,-13.6596365184,-8.80022255674,4.41567024534,-2.69691555478,0.260319634266,-19.2310140447,-1.79267514935,7.40806086651,9.63306586824,-10.9874214474,0.946679759286,-2.19723706926,3.03835704296,1.04572151255,-0.716284994458,-3.94379349179
"W",-67.657829528,-31.0766135805,-12.3468143642,1.23667483979,11.1815546568,-5.42477688071,16.5752965697,5.7056500564,-0.372250030591,-12.9372888206,2.98473521985,0.260440914362,-14.9601134668,9.96726472066,-8.76402381869,4.55146521958,1.10067913167,-2.75156793785,1.18205732654,-7.97862258268
"W",-9.16217159585,-2.00614263042,-30.6140148454,-26.122493367,15.1946710337,5.87896930913,2.1591133559,-2.82164381906,-1.77538182086,4.63695861093,3.30585469488,-14.0589899689,-13.1583927978,-4.25076441826,-1.51910027897,2.4064191455,-12.1510602414,-2.37327554676,-1.27700137972,10.347738884
"W",51.1042002106,-25.221551105,7.99469684778,-11.460338239,-17.6459456907,-3.60775734215,-32.2879375654,-13.1893052105,-0.532486780955,8.44544266107,8.03276442233,-12.6464000733,0.613742233682,7.46500129477,-7.68428076848,-13.1633157144,11.5746153128,0.263285287188,-15.3929629947,1.64569761095
"K+",2.48244977146,20.6713693104,-41.8547713863,-12.8904635084,18.870611197,-2.93036622161,-5.15316224508,8.49234095835,-12.7626260349,9.07290049728,-2.61096365889,3.03719935493,-1.47118346656,2.76993046133,4.4774206441,-8.13818703794,10.4975607419,13.819557527,-10.5536694424,6.78553337615
"W+",-43.6348274385,27.0980374315,41.7266535704,-10.4005702259,2.92281107443,3.45324057037,9.91655275162,-6.68019021411,-1.8867082855,-0.669861546695,-4.91907235266,-8.20321428452,12.2558848137,6.21100407149,5.40153452235,-4.00168621266,0.356909259338,12.4026422155,0.292358354653,5.20208014671
"W+",-21.5045804306,3.61137320944,8.1144817581,-22.3502345565,-17.0475914383,19.8737740714,-5.84130532647,-17.3422751454,0.379118258571,8.15190479055,17.3659429907,28.0219687807,-4.18906329523,2.47668370091,4.04015331595,7.39071876546,11.4772289832,-4.18768731015,5.3774305125,-5.74543065141
"K+",-32.2080670911,10.1906287672,-28.8819401977,-2.2723851299,38.843591069,-11.6391629102,-8.02606097418,6.69240467027,-0.902308476345,2.49277579557,6.52535068628,-5.94706691371,1.25043992498,-6.38316212077,0.168571817961,1.96582607952,-1.9994420463,4.91228505728,-4.60743044719,-1.19573976848
"K+",-64.2242465864,18.6170063417,-2.29956919535,-15.029427621,-15.0713468165,-13.4127878503,1.88586101667,-0.180482241328,3.36243436824,2.581593299,-0.324247113568,3.86894282379,-7.67169995756,-9.96947774061,-3.80370493114,-8.3924751222,10.8380374407,-0.913002410809,-0.827054217529,-0.203476304449
"K",-18.5116775032,-0.41832074548,-31.5733064132,-11.9490217897,19.5758840099,12.0424928047,8.42482553257,2.57242997892,-14.0617876916,5.48854030064,0.375598134318,-9.13897297156,-4.21872899365,-4.41728263012,-3.56217323443,0.774748617188,-1.2367938869,-3.52591214771,4.18889942239,0.640453951832
"W",-34.0092633875,-39.7813498192,-9.82078024219,-21.2679560732,7.10791923348,-19.4815724219,18.6934801126,5.68117485683,-1.09811259971,-5.55428963577,8.55184429614,-5.2054637099,-1.31206495201,12.6007256062,-0.680086021008,-15.3712327942,-10.2253646088,0.0707902120074,-13.4451149194,3.42289726964
"K+",2.25897814347,-4.60025599049,-24.8482280245,8.46674249029,-8.88306782138,3.21503637304,3.86977409302,0.494030344075,-14.1781832191,15.3716407659,-4.90410358794,4.34807521892,11.4816275003,-0.244580649081,-6.06235457156,-7.99124697489,1.23823531687,-3.96675163545,1.89899458729,-2.71488196389
"K+",-2.32892288098,2.64354690563,-22.3138899653,0.153294720519,-4.1366127941,-16.1875152052,7.93463075809,-2.63859990476,-6.70955708571,11.0778149891,-2.73671941079,4.69269884152,6.43054956886,-9.0794443045,-0.595234774866,1.91217529552,-6.45978510752,-1.83985186087,0.507239669081,3.0725719148
"K+",42.096794163,23.559422594,-49.4554020813,27.6620735784,9.20399046718,-4.21179028788,-34.0621376316,34.1942849739,-10.6528512926,4.28270904583,-7.57100901833,15.3417269911,-26.0692899301,13.7791475226,26.1507804593,8.63309345443,5.48389878884,8.624585804,1.32395857367,-3.80682578252
"W+",-15.5189664865,33.69905484,-46.7777947408,5.546936258,5.34459910834,0.456351712642,-23.7399570929,0.861969181864,6.03882477491,5.06898294867,7.32602330426,-6.52101384992,8.65091352433,2.74098991272,-6.2355249471,-14.7320693589,-0.188873921781,-0.823076092755,4.78556556452,6.0592346139
"W",-8.72270647292,-9.64335331409,-29.0479402748,2.3322850004,-1.79699575905,-1.01393546855,4.72993005455,-9.4071302073,3.79817532026,4.4144084516,16.4504901308,1.74238753561,8.14047373126,3.67028362935,-12.9078026816,0.769102488019,-1.87525214433,9.62074297678,5.16772922444,-3.20873291364
"K+",40.4262697974,2.75075747637,-9.72064107627,26.4750164674,-22.8511335432,-2.4995884827,-24.4976226948,10.2376987272,6.25388976973,6.00675857114,2.1228120028,-2.42816989026,-10.3021189519,-1.00575883537,-15.58566358,2.60221596025,-0.126048080449,-1.55115007964,0.620073203663,-0.227290646341
"K+",73.1858409526,33.0291722469,-24.838953831,-15.4088631259,-18.9476624912,-9.47875620669,6.17358421496,1.16004077353,4.90057177285,-19.4444660327,-10.2267329076,3.20304157572,10.3931730217,-17.1732070423,-2.70722620039,-4.04887796882,-0.823078549938,1.51726758017,-0.695796234518,-7.59782040363
"W",32.5459209534,38.3869973658,27.8590462298,17.4491310046,28.4477774485,27.5968347665,-1.94018541049,-1.64758073399,13.1647291066,1.12468523457,-17.9226592061,28.1522488789,-7.84922881943,13.9881559553,-23.1212740827,5.27104393915,8.59504110908,-9.93244201651,-6.77636048412,-0.0994294823127
"W",-51.0762527159,-32.4915619317,-10.6518006734,-7.16992535096,14.7297118186,-11.5236870338,13.2663879263,3.11341095977,1.61102978328,-11.8405693065,7.02472636524,-4.09832008581,1.15285474829,7.47400726694,-5.05165701104,-4.73666858273,5.19596545482,9.17060617146,-12.7419697437,5.56053861808
"K+",-23.4132110984,2.81406761936,-9.50916553186,14.9536682225,-15.468885873,4.46246889487,-0.402986164209,-8.50796004125,-0.586868379816,-9.36342486587,17.2763373103,4.07304806971,-10.2189644918,3.18949044404,3.80050471397,3.47856722018,-6.21152177998,-1.34040415748,0.0265917151059,7.47703939352
"K+",14.5741475109,19.4377247916,-52.4687108751,-5.25617145104,18.6727642068,-2.13294512332,-4.60204734308,10.7078588494,6.17112130626,1.02708594673,-12.3637978943,-0.238274400165,5.21089415545,-0.958673342073,-5.83811467366,-4.73317135841,9.30240907378,-3.22223379783,-5.83659141471,0.249225309953
"H",-15.8089245407,-56.3921045594,38.3338225298,-14.4072078738,23.154078233,12.5042652139,-1.31461318204,-8.89863250171,-6.38197770613,-12.4192885881,6.2447086385,8.14648730989,9.90167628148,-18.5845758547,11.4350741374,-9.01788636303,0.19828188907,-0.649776644259,-1.9670365998,16.0591259234
"W",-12.4878852875,-19.5689392075,26.1301942556,-17.1650846998,-1.09697120138,-18.8122698072,-3.1169202631,6.79860220618,10.1853898193,23.8055067099,-18.2179827488,4.69551120186,7.4164427095,1.33971857258,1.63739396541,-5.112689722,0.420500154568,-4.05755571537,-0.244569071461,2.20442311575
"K+",-32.859132688,28.9316365783,-18.7050057049,8.18211000772,-12.827746155,-10.0871200877,-11.9869520228,-0.164646938026,6.1055931267,7.89693131786,18.6511682788,9.71877990706,-4.07471757542,2.006719817,6.04603768168,-4.899311215,-0.406618489173,5.01300295852,2.91139601441,-2.49569568717
"K",73.5841492511,-12.0128807255,-6.737651946,7.55842537246,-16.0712149541,2.56368780694,-16.1459624918,-0.482303780893,6.52109343181,-12.052611825,8.43028414209,-8.05092813744,-3.91860069209,9.03841751614,-12.9662893189,5.50507665505,2.79427646329,3.11110253004,11.3930410566,0.183116023848
"W+",-49.016601412,-9.87489738907,-0.513805558152,17.4212150581,3.27515513273,24.1119701942,1.46078105932,-17.7646926893,18.4107215746,0.193773160696,-7.66004895247,0.382546136065,3.50018944294,-7.55652338627,-0.44732035703,11.5185831908,2.29146860742,-5.27064931242,3.87500483278,0.17422565477
"K+",-37.9734897374,26.1131904884,-22.3779699402,3.04953778706,-12.5910668092,-0.210403700629,7.95489373376,-9.40536276772,-12.9972561122,0.949490091425,5.43063368816,3.03451143445,4.6663046507,-5.37806988889,-3.5349727602,-2.08256925615,-4.37542162258,-2.25015344587,-2.72062531436,-0.380713468354
"K+",-45.6880421153,3.87944535704,-11.3057130943,1.85774543495,-17.7182930905,-14.3132530537,-4.27678410742,-0.96165266962,-0.267848752369,22.6254864332,7.90592274661,6.85420659665,0.454130816729,-3.78015501868,-5.04913814795,-5.23239521823,4.17946259902,5.36668726719,2.90538662636,-3.97371188972
"K+",-35.2028935119,-13.862651505,31.7717456743,9.08737026877,11.6766543406,6.10793119836,-4.03344161059,6.03775286294,-7.28814571845,-7.14063976354,-1.51386720059,-11.4091264633,3.3520717618,-22.0473233222,-3.86613314136,-9.75178411517,8.53444872672,-2.16370960143,15.2560987199,-1.34934191945
"W",44.2275878747,41.9710839455,41.3658595163,22.7708649095,37.7834833778,25.4204649621,1.32286049711,1.51437469476,5.04327417338,-6.26511307261,-9.95426814741,35.9130744127,-5.61236981591,4.07774864776,-25.5630060033,3.67569917547,8.44174097784,-11.619063009,-4.82088102704,-0.285897763048
"K+",-18.7706781417,28.5890415931,-21.7410850751,5.9026402012,-8.89793708948,4.61003610566,5.34273920665,-4.73802216198,-18.4647282063,9.43952705806,2.65332903309,2.94147153685,8.77406806508,-1.09233616957,-1.24155272553,-0.597908389837,-3.84285837237,1.8589926763,0.609076197229,-2.48004322653
"W",-24.9813131069,-7.92746188379,-29.0227518442,-30.9135131582,9.5069863752,27.5662575469,-7.73966798871,-7.40252466609,-1.97989839167,15.7836649196,-4.81397629411,-5.84209910864,0.513512161836,-3.45374262213,-4.18706814446,-0.457410841939,1.61380843805,-2.45968694232,-2.94006644888,1.80641786226
"W",-25.1559223839,0.605843143714,-31.4142000998,-25.2408173292,11.7865244113,29.4083809943,-3.90559433562,-11.8857196509,-0.598055425298,7.0148923395,1.4234422327,-6.8683867395,-7.52402042723,-6.21419710174,0.323111782545,3.16370798391,-5.50132743876,1.59831912174,0.388268106294,4.62977624701
"K+",60.921925995,-47.1081769333,-29.9280070576,-16.5404297918,-0.938878212556,-5.96512102513,23.7990882656,-0.664863556354,3.60903589104,-19.941097952,12.3534968403,0.748000348224,-7.74441484409,13.896150727,1.07937840617,-2.07589648997,1.9203141501,0.444756036668,2.22527649416,-1.91274858612
"K+",-77.8725467685,-1.4106565878,-3.09006195824,-12.4262488677,30.2433502327,-14.5189895235,-1.40116964901,27.7633206986,-15.5358950588,-5.00766348259,-3.29220555435,6.82457442099,1.841637781,-1.27904255203,4.79463589607,10.5263270111,6.98142508384,8.50259643099,-6.93153204709,-8.09374994334
"K",-53.9117922618,-37.361946154,10.8032150645,1.3750825485,-2.62919575533,-17.2358081554,25.3306813626,9.70420555463,-7.27564024232,-7.28531693458,-13.3413164178,0.362316926209,3.54672318306,5.17026736767,-16.0488127578,8.26148706366,10.0213905557,3.04702374448,-1.60764570624,4.56180883997
"K+",-96.8115339642,16.2015802801,8.79816822181,8.94656988794,-8.80282196432,-6.26702479953,-5.95262290501,0.187540348741,1.78439567164,0.494373843667,-0.916577265619,-8.84907026995,-7.1289933457,2.23818461736,2.82425039403,-5.70769009172,-0.797506120584,-6.04579275293,-3.07596745316,-1.21461735382
"W",32.7552418476,19.9911374274,32.05775625,17.7239519729,29.6078688261,19.8438443343,3.09130888101,4.4444016461,14.4220023166,6.59584139057,-13.816970799,35.9702695381,-4.93231908425,4.01459010456,-15.7212194027,-3.70068304854,6.51113831495,-16.1374139684,-3.06514962872,0.964793413237
"W+",40.2637126263,44.2299302183,41.5233679099,-11.9975962646,-6.1776640967,12.824194723,9.7718245811,-21.9043182492,5.85013437253,-4.3001388462,-7.78876747206,-3.75198043526,3.99405930102,8.8452577165,-9.07478594951,8.94298709879,-10.2027233426,-4.03254276251,-12.3640322325,-1.17966079569
"K+",-43.7476238664,39.5415110068,23.1363426233,8.11573594014,-17.4690573955,11.6870171767,10.323307097,-10.8402128217,-11.9814992074,-5.00707155152,4.67246052597,-11.2551005455,0.174965788433,0.721832106575,2.55526603585,-3.47953414017,2.96051724475,-0.559217803472,2.54709404978,-5.4612310825
"H",92.2701261737,-32.2138245268,41.006335206,-3.60380206176,53.5108002046,-11.7907271886,2.18854534344,16.6996124558,12.6675577712,2.4109878288,15.5498466171,15.1017308173,-9.10894260578,-15.0334542679,8.68184608976,-12.3432267789,-17.4112966335,7.32467545163,16.4110471822,-11.9499154963
"K+",78.5273057746,32.5124809197,-25.1466845096,-14.6772471786,-9.93116258897,-12.3979598007,4.13005126459,0.0700285869348,5.67898695092,-12.2037204508,-12.3760787433,6.56878499395,13.9134272616,-11.822830649,0.572431691997,-1.0634181261,3.32473009933,-0.66425972438,-4.73530767076,-8.80730089341
"K+",108.096652203,-24.9011363962,-32.3262488785,37.2174339482,46.0072649776,-29.8765058914,-7.06764675197,-36.2394214036,21.0352274755,10.4105339237,41.0287984467,-15.7483208823,43.236483678,10.5102068905,-7.18402084117,27.0269003022,-1.63457667915,-3.18739447934,10.158134355,-4.3728335395
"H",-53.2775767839,29.5685574421,14.7113281627,19.5841755643,0.68516046634,-17.5636388869,-8.895956227,2.42867324208,18.6471473026,-14.3286981452,-3.35035736256,-5.90097665487,-9.51861551553,2.62275789363,-5.23140100501,2.08703545314,3.0481302447,10.2063660839,2.94445258154,2.77096223476
"K",-49.1492772731,27.5820920986,-32.4495391266,4.92533613031,10.8216329531,-5.34606709135,4.11962708902,7.06024256253,3.13903432902,-9.0538228253,-0.719972632719,-16.1693996111,-4.46945821421,8.13869463263,0.0232553219263,-13.231414313,-8.45661111618,-14.2554719353,4.40793071533,0.10405346636
"K",-16.0482223399,28.4983129429,-34.2122323174,10.7268033356,22.2610348961,-2.10707133878,-0.61575698483,12.1011188502,2.42605158771,1.3489439444,-8.45123699176,-15.5704394599,-3.03328424987,3.08099107912,5.37508198794,-8.09453419382,-0.417507284516,-7.4414448704,3.99064910026,-3.4562021683
"K+?",-91.4805307427,-10.359819476,-1.11223595411,-5.80841093436,14.4766745366,-0.627671714446,-2.43638182441,13.0539949949,-3.16364594201,-15.7142915956,-0.621476082277,5.02924868198,0.0262980049694,-7.75633041902,-7.68714240472,-2.38923824957,4.55476256844,4.86192697473,-1.41813712406,-10.1468731781
"K+",64.7487782034,-41.2091764525,-29.0456632756,-12.5880474652,-1.02177728708,-7.7658299637,24.3523851406,-0.0617044438085,0.82245986913,-6.55151626098,12.8875211642,5.80034097568,-3.99587267997,12.4190646339,-2.62743060352,-6.1713962037,5.5096070099,-7.99004519722,7.79811290709,0.889794607055
"K+",-30.5752739164,-13.1447597069,-29.3828462321,2.53121216467,21.750867324,12.3245909261,11.2967312,-5.41244149872,-16.2259419202,-7.58858315537,1.19742219882,-13.7324632198,-3.96358388934,-5.56091108786,-2.33285557806,9.03994476175,-0.593348986643,0.954355466725,-0.759060746361,-5.08056751321
"K+",-32.378026676,-4.64869298905,-37.0319157246,-9.20720486721,15.5702202594,17.5196816396,2.29690824054,-5.42706894268,-14.6154912156,-6.94413528322,6.64487380647,-5.71682920236,-9.18791364822,-0.34691921058,-2.66074963201,4.96847031031,-0.846875510764,0.974534868981,-4.06263967315,2.88326630257
"W",-47.3771247998,7.48655786122,15.1976861294,17.4804641713,-8.15123246551,-12.8344061748,2.03618129815,-4.45118512909,19.0695857246,-8.09895894618,-0.169566408842,6.93845720521,0.920861403595,1.45150333189,-4.26266257563,1.03046573595,2.07310616852,-5.14232764784,3.0307522297,11.1903433783
"K+",-52.4915605246,27.6184925642,21.7510600367,4.89368399891,-17.3451151768,-8.79827428792,4.45616837414,-5.83222654042,5.27273705598,3.31995940176,5.36297696522,-9.34299635003,-5.30239587984,5.05232049552,-4.24424335043,-8.33967715779,-1.78103613143,7.62903719397,-3.86579430745,6.34334163005
"H",-48.3773690535,-27.2274893458,23.570163154,0.37406348845,30.3780799717,-8.8360350803,-6.24416800887,-7.88306150998,3.51943283982,0.609804677885,1.64442649619,-8.59511134973,16.058582601,-3.24428664915,3.8842223733,5.73480471581,6.80407981055,-8.32397989005,-5.28275614743,-5.84681952983
"W",-36.4029070215,-13.3216825805,-26.1795917197,-8.31851997368,18.1174423183,21.5184978355,-1.86957832842,-8.09034140347,-4.2343203324,-6.23940474004,8.39401712189,-6.91458680681,-2.35403323038,-3.04900675917,-4.2676226674,6.07420415515,-2.44263749335,6.13690060874,-3.17449767595,4.60256253864
"K+",88.3102681994,-18.8309311276,10.7173198502,49.8897093574,-14.1543562974,1.49424738812,20.373706088,0.422401439976,16.6127488847,0.470763736588,-30.3857491503,-11.1177319458,12.0942187669,5.08004523151,3.31720931523,5.16851323955,-7.50976201521,12.066625434,-7.48014424587,0.940926504364
