"K+",-35.3447251878,-6.51643674469,5.18864400763,18.0138330033,-22.0413825133,0.12798286027,5.25650744639,-8.7548341909,-4.15975753666,1.07548922466,9.63813380804,5.78307123078,-6.5090806446,-1.78192632317,2.38180452495,2.27306523933,-5.55446552922,-3.56348859156,-0.546884312395,6.09440918613
"K+",17.1274518877,29.4317873347,-17.5555727316,-0.179917229186,-13.1255215615,2.13196438511,4.7679166508,-0.777987299109,-16.6764573474,16.2915302406,-6.0721696937,4.88528677847,12.3541103092,1.82963156186,-5.46750636,0.469579753141,0.00296641438854,-1.24379127559,4.5512751201,4.68390042308
"W",32.5493751578,38.3850679405,27.8652944029,17.4491883994,28.4477342786,27.596537968,-1.93881488413,-1.64577110205,13.1604348051,1.10809477682,-17.9324514178,28.146432813,-7.8576014757,13.9967690294,-23.1200130637,5.26709404429,8.59337814323,-9.95072914427,-6.81955048461,-0.0794018602408
"K+",-18.4605125346,4.61704745919,-9.58924449936,36.2960514284,-1.21209706692,-5.10190307273,1.87470945335,-11.7646271844,1.99516808141,6.96707358696,19.8112328746,10.7219850774,-0.496198722333,-6.73488574064,-2.73376044665,10.8442861356,-3.7364437393,0.370671161338,0.0282748890567,6.27711298591
"K+",3.54929327335,29.3593539956,-18.5723824488,12.3815126873,14.5469151159,-28.7450739755,-22.0541861276,-13.3529469151,1.9001530309,-13.5618729207,32.857026476,8.50759413838,-3.85395122725,-3.13469401291,14.1598750141,-3.9216291399,-4.39525159976,-5.93193219986,-9.65558404467,12.0392615723
"H",-62.365678501,5.54216730119,-11.5516663963,-4.71678598396,-6.67462920885,6.01331316665,-10.5138474974,-7.15391057699,17.1320519549,0.0273747643334,-4.8315958442,4.48568964747,11.930242448,6.12203119489,1.77132327305,-3.02097171652,-0.527626946848,-2.16021195637,-5.97151077551,-9.81544343307
"K",-38.8357949422,-33.7883504658,2.77542571693,29.8018934437,-15.8964062207,10.3784227183,-8.55262299574,-1.72877790424,-7.73724572879,-13.1534311322,-12.9879525237,4.39610431431,9.46726188793,3.32642794654,6.53871033889,3.20709856931,-7.6288754972,5.31621606183,4.93141781275,6.17747648916
"K",-59.7855241963,-30.1303619982,7.13573637611,-12.9908883885,0.829427107954,-10.6087487376,12.4479299073,12.7799625649,-13.363996769,-6.82451936073,0.33408275293,-9.87172001255,-2.6434971744,7.26036994286,-0.715794527007,-3.09076669325,-1.59791048836,3.25970386313,-3.71510313388,5.87972208315
"K+",64.7463912779,-41.2001422757,-29.047373603,-12.5854062203,-1.02324587284,-7.76173516954,24.3532979187,-0.0509760918516,0.816812153811,-6.55062339307,12.8888067174,5.80054848345,-3.99838768289,12.4183681837,-2.6275610153,-6.17326584453,5.50492010538,-7.97743788641,7.79000753261,0.863279611532
"W",-16.1309096593,-4.29150759853,-29.4131397661,-29.030931469,15.6916463465,31.896004109,-9.06622637219,-17.4411987383,5.87777096246,2.30506806878,0.168004774575,-1.93024790425,-7.1279432179,-6.23275051008,-1.53167397489,11.8790221237,-3.62183398969,-0.739313979498,0.109901226826,8.48190020626
"W",-25.4669102481,-12.2449642784,-11.4828342404,-39.3001711629,28.7409689767,13.1431831758,-6.8249265655,-1.85232017992,11.8635774177,-0.573254303195,-8.21722799134,-0.979345571017,3.86756706536,1.09398626497,-6.74088223155,7.90519106108,-7.38168489366,1.61840254227,-3.78847110513,8.62354278617
"K+",83.7255887615,-47.9669742651,-33.0770104848,-19.0656024798,-6.07085412094,-4.32067990006,23.0637721925,-1.99599119104,6.32983184728,-8.336062061,4.62003345895,0.0707420168013,-3.24998660339,9.25666557949,5.44833636958,-3.66191292783,-2.77878697785,0.808675236188,8.92879443944,-0.359629845306
"K+",-96.810290479,16.1878824161,8.79759267351,8.94441756965,-8.80559041793,-6.26868255233,-5.96168534555,0.179416065103,1.79064287366,0.488817697082,-0.916742620216,-8.86097054099,-7.1222846709,2.23386164907,2.82174307041,-5.70853140737,-0.796568470444,-6.04485553761,-3.08249911576,-1.19887543886
"K+",-1.12224808677,-14.3650265462,8.67078397329,24.1819214933,-15.5702829891,-2.22394861814,12.1048650488,-9.33879369556,-14.8719620076,0.0513451914514,12.5680445474,13.2233266342,2.677735586,-8.14222602778,6.33949945203,4.46443480249,5.19000974225,-2.61498759775,4.43306951696,5.10936137284
"K+",-13.5801496556,20.0162677446,15.0021794078,8.52805422848,-9.4548460911,-19.8473218827,-2.90506566615,-5.83091225443,4.62434757955,4.33211652064,-4.86526760135,-20.2078820793,-9.96272441528,-9.30353970502,-4.44659965235,-5.14648348522,8.56985960772,2.0740907954,0.986231926312,1.31212230711
"K+",-14.5341476495,-3.48974577216,9.31003611229,16.1299620979,-20.2256278519,-3.83422532528,5.68503583469,-5.40745186306,-9.0257351083,-1.90317558246,12.4087425571,8.3257137564,-1.55053022521,1.7941678713,8.0585003384,-1.21848415899,-4.9528689954,-1.73233018197,-0.728308651093,3.12712494166
"K",23.1181807064,29.5349704971,-26.8545693907,38.4669603633,31.3717591894,-2.63040751621,-2.50392412789,3.31706366587,-1.81295192825,-2.84772303425,-11.2742822571,-0.89745957925,-0.534501567225,13.9845123236,14.9952467379,2.64213502671,-3.49884114367,0.794975004072,-1.06180578392,8.06909254563
"K+",80.7113054558,-15.6195965979,10.1234236479,1.71856722074,-32.0620842846,-10.0312781292,-16.9836543541,7.71840715976,6.78781448156,-7.37365036313,-1.96064455125,-5.73447437064,-16.1333233669,0.594899845603,-7.27780079962,2.27963236127,3.81421642322,0.724287252981,3.67975553969,-0.759485570892
"W+",19.2717661247,36.6022148712,53.1098722598,-31.0445453777,0.0167754172046,2.09231057913,9.91082471348,-5.30892016838,-15.9243833856,-0.207067468453,-1.29846612439,-7.3856250229,-2.54777072599,4.79697704747,0.309973170646,-0.0721302212024,2.47407607098,8.87458812565,-4.67402638659,-1.41944210491
"K+",73.1905413894,33.0323137687,-24.8397964733,-15.4124505323,-18.945208106,-9.48235726514,6.17964207415,1.16137896906,4.88688811352,-19.4489745298,-10.2244882718,3.20762496112,10.3854564665,-17.1769547438,-2.70902043847,-4.05199595823,-0.836611606189,1.52900717629,-0.772714921232,-7.59657684712
"W+",-15.5186864751,48.7857525216,29.4501668648,-15.8146824178,1.15876088758,3.64061508347,-5.35062403161,0.235933733036,3.81468989552,-1.32374453609,-0.500480431355,7.50778202055,1.31762797757,17.1043856328,-3.84791903632,-5.28120222924,5.37668048734,-5.84136124069,14.4545266467,0.870979009085
"W",-25.0045271739,-7.91905239308,-29.0264790567,-30.9052488158,9.5104288472,27.5656121797,-7.74210138962,-7.40804800761,-1.96581998006,15.784862902,-4.81217149755,-5.84587397973,0.515132486569,-3.45088687543,-4.18822073457,-0.452794368855,1.62240695672,-2.44592012203,-2.93606684595,1.82429259024
"H",-53.1987617931,29.5512557208,14.7183931784,19.57794039,0.701760449658,-17.5658039868,-8.89347654564,2.4346737795,18.6332212689,-14.3379147305,-3.35001946459,-5.89915803859,-9.5257896838,2.6210288223,-5.21963428483,2.08661448378,3.04803896477,10.2089762594,2.95028363423,2.77857930399
"W+",40.2602914575,44.2315498474,41.5276323414,-12.0061160609,-6.17654096683,12.823257219,9.78064747172,-21.9021931279,5.84804249523,-4.30588200429,-7.79055598362,-3.75430855215,4.00474167015,8.83809125485,-9.07137265584,8.9389327221,-10.1839643575,-3.93721407677,-12.6736425333,-1.25792060642
"K+",-54.2345475887,22.5236391153,10.9637527956,12.7050960765,-5.31856071404,-19.6214885094,-2.47537620595,4.42143530631,15.6213082634,-4.51064685844,-2.20920170054,-6.12282815367,-9.23723877648,-3.19389995868,-1.12448660424,-0.0285323591244,-4.33582415385,3.55256716674,0.924431571265,3.21012445557
"K+",36.8333806804,22.1843650676,-32.6383700597,-3.0016102581,7.97140789115,-10.0650934401,-16.1483465641,20.2015206511,-10.5761457677,4.40523088987,0.403635198154,5.84981595531,-3.0661079432,4.05491722322,9.29600422295,-6.9827078741,-1.48367427813,3.42364581201,-5.35719919355,12.9923722495
"K",-26.4187537047,-30.1298653191,-4.584697422,-6.13620466347,-5.14160166723,-2.66599883713,20.454591579,2.85899258356,-6.91768016153,-1.66586100046,-1.28613281179,1.37972327828,-7.75295706141,2.68740849459,-12.4297251806,3.41168561419,5.67218637441,7.25796097117,-4.43587746738,-2.85182447377
"K+",-10.2965273443,-41.7296914126,25.7470674579,-9.35808257974,-22.6374896943,-10.639098192,18.0301766266,-5.28303542927,0.686376307558,15.48827725,-1.5273744265,6.04984123697,-11.1781827472,-3.78645560198,3.10296116665,12.0011966317,-6.73966355434,-5.04656545592,6.65971449468,-3.37447397714
"W+",17.5699239847,45.8271638003,45.3998989619,-26.1517789208,-0.0553464582042,0.602778944361,6.23853746722,-12.2082594775,-5.00603694886,19.0718422435,8.01770607349,3.55148520354,-2.24752854627,18.0793109201,15.6266210498,8.93011811168,1.20101065873,2.99596225597,-5.67320491221,-5.86735256459
"W",-62.809497387,-1.64234470505,-22.5743418743,-7.46044234406,17.1611268735,-5.57482931951,-6.0811829074,-8.2841815724,16.0372877049,-4.00557770992,7.22463033856,-13.3668979997,0.057157332801,15.5632191059,5.17346831305,4.21255110601,-4.03090207852,-13.1493313929,0.207168877759,-1.5165135849
"W+",-4.01457742209,39.8896051335,41.7318954235,3.76315976239,29.3475791273,8.0632790556,0.7690389205,-6.41753903396,9.19939322972,3.04685817769,8.05517666041,7.35447427731,12.9162953026,8.05200781174,4.2364129334,-4.12553145055,7.29657044078,24.2178605123,26.7353788511,7.15241785429
"K+",-71.4062917266,-22.4438460239,14.0770796115,15.2779009823,17.866213151,-21.2433216124,-2.92950021603,8.06022152414,-4.29615262439,-23.2500204337,15.1848199777,10.9215334954,-7.04486099832,6.0419126618,-2.0414306937,0.606615357181,4.92686127054,-1.69532658559,-6.02247705222,10.3559530957
"K+?",-56.5853800444,7.39250983411,16.311675291,16.7241561957,1.0978545754,-5.88358316604,9.45950406368,-1.25397168447,-5.66793871762,2.2280758121,-0.834014633491,1.70385389191,6.69542165948,-8.90133418633,-0.480753304092,-6.52891436553,0.944944570141,-13.0946461026,3.281567608,-6.23820247999
"H",-54.0602366,18.6617914301,13.6795677106,27.3825669137,6.15884653226,-13.5352561662,4.41361509068,7.275346562,13.8139824249,-8.98412481603,-5.80128501577,0.263763190241,-8.8627256341,0.527088291046,-9.16708881447,0.885523069707,1.64743468447,-4.59501259345,1.93959630958,8.89744531589
"K+",2.25899987859,-4.60026039029,-24.8476811712,8.46566461551,-8.88155725028,3.21759451612,3.8711983381,0.496402312387,-14.1709077501,15.3793379887,-4.91224428515,4.35394076031,11.4765376437,-0.247671022337,-6.06359084562,-7.9929193721,1.24494258075,-3.98550244819,1.91213789272,-2.72593026103
"W",-38.7199052444,-37.6079813892,11.6282662149,-12.7389760302,5.35966767932,-7.37907207429,15.3453137293,7.24596346859,-8.1445574484,1.17093402823,0.0628482033311,-0.312609381413,0.244912910286,-4.2778579671,-7.04059347877,4.97936416067,4.09447101821,10.9035635171,-10.1155004814,-5.94461349438
"K",-17.183505657,-24.0910726701,26.8023480297,3.38244339066,-6.17701845434,11.254997184,-35.9636675105,-4.23979581023,-2.31961481571,4.02640707751,7.54684338188,-5.76925642039,8.31443447311,7.64959662325,-12.046467448,-7.28827672751,4.70539886653,5.22481241919,-5.99190206007,-9.31941579793
"K+",-2.32778577295,2.64739993351,-22.3149270528,0.154523550845,-4.13537033051,-16.1891781943,7.93511927196,-2.63642629267,-6.70378822425,11.0837513575,-2.73338987126,4.69806866547,6.42938514575,-9.07829276687,-0.598009759553,1.92330038525,-6.44611770493,-1.87778577437,0.575474216006,3.05999368151
"K",1.9137526812,-7.14148528644,-20.6893016754,37.4522719898,9.81408185913,-10.9686537627,-14.4686109828,-9.2425639299,0.391489032809,-2.75705236129,11.3741853682,10.5551013775,13.9435975983,0.558289399106,4.06625657329,8.87498388118,-3.58683285072,-9.17897375771,-5.14230624996,-9.17417783413
"K+",-38.7793932714,8.12274236283,-0.841220657238,19.9269722626,-22.2028251994,0.340151483586,12.9045875384,-9.40860735598,-7.79936340006,-8.83829920968,11.4766470388,6.27305506001,-11.7553790258,-2.69608670736,1.95531418386,-2.06554851027,-0.28333427325,-7.91418195046,3.62095489616,8.97090797994
"W",-12.4698029268,-19.5816868741,26.1319681304,-17.1629298224,-1.09164597273,-18.8177364496,-3.11785836529,6.80229060467,10.1997646732,23.7970235338,-18.2242726369,4.69662428653,7.41611654498,1.33686371697,1.63780374307,-5.12245597292,0.419777703158,-4.03392367518,-0.330229060828,2.19232303713
"H",-17.725739785,-10.1729289304,-3.66929196953,-15.9874676287,-8.76735300606,13.3395597186,-11.11302788,-17.3914327115,24.2907003529,-1.88575108012,1.05609278257,0.362246640526,12.5591330464,10.7053131726,6.79974730139,-6.78681643716,0.852156245825,-5.26767540326,0.0721340749154,1.76707920403
"K+?",-76.9017068248,-32.6692437084,36.760271857,16.6369978634,-11.0671310831,-5.08900842747,15.7042666672,13.9772139472,-4.79797913882,-5.34265555295,-17.1417420553,3.55032244187,11.1935078884,3.91622823699,-6.42882781109,-0.596522198063,3.30505561041,1.35057789493,2.67445233587,-4.20828619836
"K+",2.82767655511,-21.7714787065,19.5802858311,24.5876028722,-2.02453813402,-6.79619797852,-2.97985550948,4.66884557214,-3.30957205165,-5.11284176654,-1.82638758571,-1.9420688511,5.97172190357,-4.28325438809,6.99734465197,3.19825243261,10.788970288,-7.9930741811,-14.7105414523,6.20895418103
"W",-34.0263873454,-39.7755275659,-9.82334515823,-21.2662855117,7.103670305,-19.4779839502,18.6934774928,5.69062017147,-1.10064992048,-5.55525656777,8.55768712592,-5.20933711824,-1.30298522366,12.6027360644,-0.68088668139,-15.364767217,-10.2466527395,0.0565957551803,-13.3744483744,3.48186317414
"K+",-89.2742238425,-0.982916425106,19.7029229529,8.24186630448,-19.6884340451,-12.700924567,15.3850621249,7.41951915236,-2.80143727447,0.64689968072,-7.09971855638,-0.633654471847,-5.31637842316,-2.30122088613,-5.75202340442,-2.43194100176,1.89645838457,-7.56426590561,-0.443587061492,-8.42077387798
"K",-13.8568994191,-31.601167317,-3.33623822319,-16.3351848503,-1.4893076284,5.86188126626,2.33403373117,4.2451726944,-12.7721375629,4.1142114433,-4.38032243398,4.66658848867,8.28469161136,4.60218156564,-4.97338850375,1.28881893043,0.178242254244,-6.04583751455,1.65755373661,-15.0943613753
"K+",-3.42580703497,2.22663046852,4.57023181309,17.6758649775,-13.2755002604,0.505492800417,4.45890282962,-8.43211904397,-6.23532900535,7.85147303025,10.1695653742,10.0263728743,-1.71891098378,-3.44365855819,4.19870427953,1.55535470032,-0.571916198209,-0.0803157192638,-1.42932039089,-0.105966136625
"K+",40.43452389,2.74905331974,-9.71784053841,26.473509467,-22.8513454001,-2.50123925365,-24.5027294072,10.2301705252,6.25641412115,6.00171166126,2.12342003885,-2.43055756406,-10.2985734304,-1.00465965639,-15.5867241544,2.60326608121,-0.124446643278,-1.53235199323,0.66315626013,-0.18918687558
"W+",17.9636179241,36.306570812,23.7032057133,-13.4473102995,-12.5784418086,6.58422114145,1.40677590317,-2.57941827038,-22.8878570898,13.2618170614,3.77524872932,-5.14533171634,-13.9926984663,6.82892762845,2.03307433294,14.7912079381,-0.809749568805,9.91726163255,-7.4162710504,-9.38400263395
"W",9.55389657857,-1.86095930897,-26.8719502326,-27.6620528093,25.7171868431,22.008388628,-7.96805578516,-1.24149796323,3.3612567301,7.7415111481,-3.37693762754,-8.98911598109,-6.02711980733,1.77953115649,-1.06225062239,6.63766996426,-11.3367001901,-0.353603655255,-0.224625248502,0.405355559628
"K",-53.9098650245,-37.3638062855,10.8015121629,1.37244998475,-2.63111583031,-17.234242658,25.3287671029,9.71253538916,-7.28481434713,-7.29088856563,-13.3405988916,0.361326863593,3.54935119126,5.16646368477,-16.0480374319,8.24443731777,10.0248752312,3.11113614469,-1.75294554625,4.54104992539
"K+",87.2026219553,37.9314377858,-26.3046591037,-6.16551855214,-15.3003404734,-12.4926651826,1.65012322786,0.283263956967,8.09464769207,-23.5078548086,-10.4663833869,4.53631772589,10.2561218184,-12.4913698195,-1.57616242328,8.94223379027,-8.91353275234,2.12069922966,-3.70647009285,-3.06489105638
"K+",83.1755197102,15.1984412827,-16.055168173,32.0994596677,48.106777202,-5.18663102214,3.88227341424,11.6236046686,23.0589523713,10.5853052867,8.20414512214,36.2857467434,-32.2874449032,-20.8578760216,-5.84528825647,-10.5443844256,-10.1717072761,-3.85828747171,-20.4750077378,-15.2641057004
"K+",146.238217307,-4.58678512911,49.1531432706,8.89527439923,38.4502170775,-21.1714542925,-2.17796535042,-15.9169244535,-16.3661753089,0.57274644688,7.59676370487,-14.5530842794,-0.714972651901,-17.5873070164,12.2715324116,5.89315029799,25.8093116887,-5.18533450066,-6.92348065488,8.16001488031
"K+",86.1500894445,35.6559434598,5.9947702524,93.3555320397,63.2502346326,45.7587703729,24.362933012,-15.0209268603,3.48071407131,13.9670713763,9.1333682837,-9.11078307734,-19.1975207765,-6.2467694215,3.29180656438,-19.518081379,12.9882947115,7.93040688087,3.72226688492,-5.35786957221
"K+",-32.8560868369,28.9359464812,-18.7041848433,8.18231191777,-12.8268429444,-10.088927126,-11.9905156399,-0.169540755245,6.11274132142,7.89642326617,18.6491030551,9.71926067191,-4.07756493052,2.00358622918,6.04565261522,-4.90579788946,-0.412029332668,5.06617311645,2.77086526259,-2.52163400764
"W+",-3.78527630715,-4.40731368784,-20.3797965607,-43.5265171418,24.814908872,21.2555633469,-9.04869268507,-6.69035714805,12.5115579756,4.5893430358,-8.47703534184,1.3460543495,-0.640546886433,-8.50752961679,-2.87457295682,2.92252174142,-1.68325059812,-0.536993672753,9.33652432329,2.20684538982
"H",-21.8923001077,-42.9847945015,25.6025337929,-13.1387478154,6.13794148749,19.1999167901,-10.2150293303,-1.46547706531,-18.0374869874,-5.75468296394,1.2074363888,9.83985591828,-4.17028609696,-1.05616909291,9.18852150928,-0.667713960369,-4.16742039779,-1.09190192465,4.17110332264,15.5535311704
"W",-34.3801975705,-1.78346828487,-21.5037033224,-16.1951884242,26.6324562068,18.3519929833,-9.99922040226,-7.35416241847,0.153863306356,1.26163505842,-0.546376953944,-11.6954917079,0.048663966115,1.30733860868,-2.89357821558,7.74587307686,-4.5871367853,-0.112180533088,-9.51564062966,2.28339125762
"K+",-37.5093466084,19.1834986329,-5.3285377405,-13.0753470451,-19.5183613379,-18.1736697521,-2.43065125256,-1.22156234836,8.36315709988,0.0855001540303,6.14419871361,3.02226287316,-13.0704854349,-11.0030418795,-1.84172738845,-7.25246248726,3.45028463293,3.52695326079,-0.849111291589,0.570885959806
"K+",-26.7778270891,9.63708040537,12.8843832133,-10.0187031308,-12.6609916842,-22.1813703187,2.38042748353,-3.28096804487,11.4448265824,4.32591501429,4.85171469285,-0.755648754636,-12.14136809,-6.49641296793,2.42178068491,0.998197760739,0.12787587095,1.18300039943,4.15176431003,7.48684018005
"K+",88.0785211465,-46.978869287,-32.0141107976,-16.8659460721,-5.76585212417,-4.83610411023,27.6246712479,-4.11090167491,6.01838762282,-5.23081024767,7.9287286471,-2.01938181025,-8.29996703931,6.54265723128,7.23490844234,-3.71341783246,-5.47827880656,-1.5836708728,7.0177247698,-1.98863343806
"W",15.8428366332,45.3202512961,31.4957381742,-30.083467732,-3.23027087947,-1.9729629937,-9.97274120509,10.2286476196,-1.72337330963,-19.2160839244,-7.62066598394,2.29184474715,-3.02050083905,15.9873155227,-11.559112627,1.42022586352,2.56649961306,-5.67202348887,5.63679857398,5.37781151547
"W+",-48.0287860673,-38.9851066143,31.7294130161,-19.2726745598,13.1106266556,6.85971472085,-2.77135778035,-4.21999040079,2.30171185423,-9.39791586097,-2.21573502396,2.05887077202,4.18014395282,-12.897065593,7.09455803261,-5.66043339566,10.4246601707,1.57539415735,-6.30905555568,2.06693783167
"W",-12.9692986472,-2.62211979345,8.10166896691,4.58821837125,9.2119380874,-11.3565498167,-20.554669601,-2.38595707391,12.7846898136,1.64511035429,20.9317864528,-8.37427142165,-1.66375692312,3.91802684391,-8.02203449008,-15.5610589568,-20.975419376,14.527333506,-4.75953194757,-8.27261128393
"W+",-21.4750438186,3.60352297639,8.1159598162,-22.3581136108,-17.0425089651,19.8755119453,-5.8341269613,-17.340274804,0.385239963269,8.16029086079,17.3547158315,28.0234542666,-4.20349757165,2.47810729323,4.04200896491,7.38911723931,11.4753170882,-4.20926444943,5.38140942238,-5.75558177765
"K+",61.5171680552,38.5981647482,-25.4762402186,-6.15673708823,-13.8616985387,-8.28591577855,3.81368559755,-4.93885322713,4.77535089638,-25.4380250976,-7.95285256874,2.72702720775,0.553524804978,-5.70781527946,0.035349867334,8.46677144513,-6.44743146218,-2.97968401956,-5.70561597129,3.98384492127
"W",-30.0272365796,-7.64571704467,-19.3198861004,-30.858822671,21.9667565545,23.5242238396,-9.03344544732,-2.36258109765,-0.808406383622,-1.91867456603,-2.91258551788,-1.01695786693,-5.57856675675,2.00709174306,-0.205093673046,2.73514582316,-3.81006573426,2.88483218837,4.64785060692,0.542756835894
"K",76.8896969808,-30.6109422945,12.1584573126,-2.95889133556,-32.4058593057,7.95591227069,-27.2222763955,5.86779228441,-1.6305585681,-4.58976007768,-1.36372087948,0.355040786382,4.21649505679,2.54184214732,-10.862125216,-1.50131756115,3.29398064761,-1.46245405977,0.0140384766221,2.47489661021
"K",-18.5388674409,-0.413470525916,-31.5779771482,-11.9439483389,19.5705459245,12.0434685849,8.41701268591,2.57405687293,-14.0586396229,5.49581545493,0.378772865383,-9.14392042703,-4.21915323543,-4.41043265467,-3.56722803086,0.773807352208,-1.2305821076,-3.53157133601,4.15228466116,0.597681026525
"K+",35.1115109029,14.9756934816,-21.8999505925,32.1293768266,-25.9681231092,-9.58285635327,-36.6384726835,8.20034606344,-4.29029319193,20.875738477,6.58334802278,1.11594556549,-1.47180736932,11.343599654,-3.84179377136,13.6053112352,0.562092992769,-0.280550859941,2.79166355678,-2.27731717469
"K+",-52.4852126855,27.6121797754,21.7591522232,4.88572880831,-17.3464549061,-8.79051531053,4.47119032905,-5.82545871448,5.27638797838,3.31723516898,5.36157962012,-9.34715857042,-5.29347740392,5.04817569923,-4.25968165448,-8.33276056403,-1.79514154486,7.61871976092,-3.75617968554,6.38370685579
"W",-15.6434574736,-19.2849313537,-15.289924026,-13.9717032059,-8.20986165863,5.6878288152,-0.538294935953,-2.27928973752,-1.12697035412,19.0212288671,-2.64264850935,-7.02731501406,-0.357883511187,5.20120824495,-8.8579374034,-4.55621974145,5.39962187404,7.20592188652,-7.09228606368,3.47339449255
"K+",-28.4879882546,19.2478387768,1.90366663646,18.0340869872,-10.9079735514,-14.46007019,8.6681549659,-1.05556984612,8.90092791065,1.37582397702,-4.312056613,-5.47344425406,-9.78077782265,-8.60381909656,-1.01956833204,-4.93141029408,1.92726205238,1.73267550114,6.45290874479,-1.47739969017
"K+",6.12428138972,-32.9005596507,6.65716727252,28.2927983162,-12.5171115823,5.18303620831,7.85004087796,8.08023192378,-0.170339246594,-3.01214370464,-10.6498970416,9.55932964674,-6.16999381127,-2.08514678602,2.52453331009,10.7269375636,-6.6717738725,2.79854538113,4.38972146914,4.6839404506
"K+",108.124230173,-44.2824821574,-38.3883087613,-15.8494889073,-3.09929355064,-5.03793218825,23.1723346814,-5.76628374763,4.5642285204,-7.30009563644,11.0633085153,-1.433710237,-1.86348962946,6.53647112378,3.86391351684,-4.59058803366,4.04950195705,-3.13546616725,7.01641414856,-2.70383582386
"K+",-48.8274186271,21.0252382481,16.6167773547,9.0859807206,15.3737652108,-16.0429933102,-1.4869441117,9.72400130641,-0.993497074025,4.79287920771,1.75527372429,-13.8123110433,-1.31631554788,-1.25228989607,4.2640893717,0.706719103163,-4.43908740499,-10.804897085,7.91366421529,-2.07984129667
"W",0.993295933467,-14.0655182999,23.0479443868,4.9466471351,7.2786781103,-13.3050286825,-27.2344218221,1.25225754394,5.2213138097,11.4700404363,14.0482120285,4.52292249093,3.13013085007,-3.05972154037,-5.0831415796,-11.1263102101,-7.92180170191,1.73574846654,-14.5891598386,-11.5944273411
"W+",14.0424221325,47.4066102001,40.1939159631,-29.3654899105,-3.88405690424,8.70026385974,4.53421664358,-9.35550573099,-10.9103847917,1.66388080861,5.7904653743,-10.8926395992,-8.87812386744,5.97852256221,0.274422902464,2.71075333334,-7.33740001599,-1.37345576863,-6.19535047609,-2.98162826782
"K",45.8932710546,-49.0725989814,34.3310445392,0.756915850949,-12.7851917617,12.2789425227,-29.589596226,10.4460192546,-10.4403429,-13.6451636715,-5.43741817603,-6.23342890913,3.36543030612,-9.12659078451,-2.1002791786,2.66296154708,-10.0290596981,-10.3372368816,1.74008042888,-3.46775419453
"K",17.1985286989,-11.9512700628,-17.8156991698,-1.30160524298,-7.30058692815,-12.3832660055,4.11396203562,-8.51506349584,-5.89878846127,4.34880569815,4.61862160806,0.545564757065,16.8622796283,0.718593403083,-10.7166383399,-0.746798496359,7.6702763781,2.5593881667,-10.767593727,13.135920422
"K+",-5.59371205185,16.7362436222,-20.4632333507,1.24731666251,-9.29742201603,6.85825043977,3.69419583123,-4.91626863685,-18.5712361253,10.1820604412,-0.135745588092,3.54523646941,6.60607005644,-0.845346842377,-3.58649847394,3.86952027662,-1.09580053655,-1.24765245736,1.00133673386,-0.339853572262
"W+",-15.5204612597,33.6988121723,-46.7724216146,5.54708176549,5.34759859928,0.453708698662,-23.7400884214,0.854814120442,6.04535566568,5.0650969685,7.32189525391,-6.51964819562,8.65506514553,2.7385476553,-6.24211457904,-14.7218177093,-0.197986845845,-0.868095986064,4.83973491462,6.04831395836
"K+",-10.0756099883,-5.85555142908,9.62378326161,9.27011868232,-15.9311595234,1.26369058954,3.69242826706,-5.52783084778,-10.5766215267,-1.3574377675,12.810805314,4.43941960674,-5.36686130885,2.82333821208,8.43915834722,-1.93643576244,-1.39760747316,0.220655857066,0.546488489664,5.88928291128
"W",52.2053602124,-18.2966317014,1.78020555619,3.10579454161,-18.6479707099,6.24323322344,-24.9413682389,5.97961979359,0.420116201385,2.14269426985,10.4598084949,-5.07042507361,-1.68074305222,3.62324413417,-11.9505912303,-18.4476558733,6.93341933187,1.49150455904,-5.53452797065,-2.14210212755
"W+",-49.0360939855,-9.86442850688,-0.511479046016,17.4199490217,3.26907095269,24.1155917089,1.47102049849,-17.761875539,18.410604397,0.181295316066,-7.66612465438,0.386738535841,3.50410998671,-7.54763207561,-0.445476198141,11.5288024989,2.31057307737,-5.32575403351,3.94934704728,0.146136239915
"W",-23.3071667982,-26.5131147216,42.7918591971,1.05948724527,18.4483293644,-30.4476846784,13.1653799944,6.54172363645,14.8355558597,23.9318971789,-6.46684495372,-12.573692438,6.31344173983,-10.9841116025,-5.12536747653,3.18527007799,-17.4969968592,3.74960544209,10.4809433577,-3.74836479027
"K+",-11.03064951,36.4307990553,43.7318989616,-7.38994404834,12.1856624492,3.34094965125,-4.07289825852,3.35610644027,0.963050482361,-14.5261848037,-3.22127304558,8.49407760947,7.11512847329,12.4147132965,-8.22563708805,-4.21130365364,0.0132803324523,-11.0799439445,13.8794623525,-2.5113865121
"K",-45.3540087189,-25.8141235923,0.751001729133,0.725417442962,-5.9248520568,-8.86482715165,29.2378029252,13.1686344127,-8.95343020533,-9.2962299149,-7.16868679462,4.1550381645,2.31913213492,-2.91858554877,-8.01129953404,9.34619176696,4.04168724167,9.55413497662,-5.83959261219,-13.1481604619
"W+",51.8083466673,54.8456326942,50.6637360527,-42.2375030323,5.29306057214,3.96509732889,7.5828519985,-11.4294292444,-5.25879904274,3.33940063316,-0.944441505871,-5.85096145982,-3.11481970931,6.28950852256,3.33148163305,2.70082813067,-5.13263941446,-4.31837910633,-4.53876631973,0.291535421133
"W+",51.6166098226,-35.4421018163,-31.2754181596,-12.601872187,-5.82398197832,-1.22829936602,17.4112640996,-5.15725247751,7.06534275608,-9.14989142346,10.1650717011,10.3209691349,-2.9162500676,6.78411792241,-4.27793999969,-7.19591381472,2.63496944564,-5.33413580581,5.07413142141,1.16064953365
"K",149.10916459,-38.4131114118,15.2427661704,-3.91129390828,-19.314210308,-3.48662279148,-19.5732880436,10.6169323587,-4.07944775652,-3.44677041861,1.73546741823,-4.86142230927,-11.974149029,-1.79943196982,-8.2910229987,4.15776755414,3.08034417507,0.0354466456104,3.89892328385,11.221221221
"K+?",17.9851830696,47.7032670136,29.009794477,-8.57607506485,-44.9718791788,75.7220185655,46.7642427249,126.109494784,45.3774030405,17.338655072,64.0754564801,-13.1789654815,26.1941159724,-14.9973066373,7.85597450283,13.5149563019,4.97623899695,-6.72411106658,-8.57494878647,9.12320746011
"K+",10.475653053,-16.9521112593,11.1779191887,17.7814540646,-12.3712000916,-0.300850988039,12.3748507356,-12.4596677136,-14.5779020943,-1.33632403576,9.98573915586,13.5273603986,-0.742893781269,-13.3482696845,5.42694721338,-2.67583234389,0.813860924452,-3.43910565259,1.56285909486,1.69071652641
"K+",17.6294220204,-15.6922110705,5.54666567537,16.0480519732,-12.9082291792,1.76325411244,-1.98677918266,-9.1529885494,9.45915207175,3.20876678577,3.26657595291,2.38783062519,3.94497889405,6.47957684307,3.2028898276,-1.16481896204,-9.65757871628,6.72065937211,-8.49377240564,2.52720478227
"K+",-18.6551198075,26.6593487242,-17.1910749149,5.1773995653,-10.8946133845,10.12944698,5.95075871429,-4.97933735271,-18.6893265044,6.42975201141,5.88403106961,9.51499515009,4.56165458761,6.01561962776,-1.23942054486,2.44830516407,-4.74471384091,-2.39492753545,2.29929865647,-0.574664936296
"H",-51.7982199853,27.5610206954,8.33665294258,16.49154294,-5.71231759234,-5.25360682175,-5.44969438155,5.72692674585,13.9316812241,-11.7332635487,-3.8689555625,-9.89829099536,-15.0351980572,4.20124840216,-3.53112451923,0.437619161878,1.96469060792,-2.2468526886,-3.09102613509,-2.31882897168
"W",-3.73972256559,37.619311872,43.649044413,-28.4349913413,-0.968161388428,4.01577469938,-4.60842344412,-8.62355270988,-5.68149587802,-5.71044639292,-2.41722646244,-2.54102577049,4.4199589527,2.09942246971,-7.85002946342,0.50336079393,0.958992151023,-0.983955830166,-5.28116226317,-2.18075235223
"K+",5.31381144865,-1.19444340139,22.5738763713,23.3610523374,18.0835267975,-10.0614190291,6.11410760351,2.53332926927,0.389856570058,13.9439812111,-7.38589388514,-5.98437091916,-2.54857252486,-7.95707447693,2.13515727786,2.31295055793,2.82097813263,-14.0165660615,-0.288988174984,0.0830156783904
"W",-51.0851052634,-32.4883782613,-10.6546167592,-7.16906783473,14.7276888346,-11.5216940285,13.267649008,3.11661522908,1.60300962073,-11.8397091921,7.02853382272,-4.09830435723,1.15679396748,7.4733580416,-5.04804892353,-4.73702429473,5.19547952108,9.20101101072,-12.7782451436,5.55728153898
"K+",-17.8045359256,-8.64439508741,9.43883893974,14.8504889733,-15.6886346131,-5.48507208298,2.60779578372,-11.7041218314,-5.45410592745,2.55377878441,11.9479324076,4.47388085424,-3.73181105756,0.955944945631,2.43937189914,5.10284745844,-3.88603004575,-9.00411911178,-2.44608265286,1.77664542001
"K+",69.3320651763,35.9530278881,-22.192111016,-9.95420324582,-14.8960295692,-7.20685372087,3.95558417078,-3.40390124741,3.83287640404,-13.4159696618,-11.4563680472,7.50086435262,13.8188053179,-7.5138008509,6.08877483384,8.35663627433,-7.607201163,-0.290453248293,-3.86407559551,-2.38901277091
"H",-48.4298594698,-27.2154690593,23.561067731,0.375762683949,30.3674195485,-8.83088815931,-6.23548440527,-7.89090184059,3.52044599421,0.600480039679,1.64633855572,-8.5883717132,16.0669855695,-3.24073404269,3.87293964934,5.73789773992,6.7852663527,-8.34176446485,-5.13404967494,-5.77675952388
"K",-16.923941396,19.9256358687,-21.1164998552,3.39870020564,-11.7221465691,7.58816272576,-0.571416060478,-2.79765577829,-18.2423812482,6.96211779055,2.00291460414,5.09203476251,7.53749577325,4.64556025212,-3.86838531226,-2.82159892965,-1.69320926654,-3.40977131536,-1.241047969,0.814104458426
"K+",-74.8193993485,-1.35846512802,-4.77770313703,13.7538766261,-1.12983321007,-8.62058679352,-5.16034367746,10.9961191978,-4.86684527598,-0.539753202618,6.13033417094,15.4200021252,-3.62394417572,2.77483377044,1.64287355152,8.97214598617,4.08181492686,7.05827880872,2.58252970853,-12.69983971
"K+",-40.6066882146,26.1253511602,-31.5238709116,10.1740752914,12.6642908058,3.6591212477,0.469184447449,1.74286190825,5.61257008228,-16.9579713704,1.08478381156,-9.48438435639,0.834750955282,4.09864256368,1.86303586274,-10.279320142,-1.6027873046,-2.05680048298,3.06235058402,-1.85894564313
"K",5.02913527728,-21.5889708525,-10.725096677,-10.3389671766,-5.40898300288,1.44886843267,7.5246954957,0.919480966971,-1.15406812721,-0.406593750509,5.48546490502,4.36843057662,5.46650143047,5.77550217065,-15.0734069399,-1.60028252953,4.31089980805,7.88250431075,-2.38113564639,-3.47227551298
"K+",108.094821624,-24.9016389257,-32.3223320054,37.2184666681,46.0128678404,-29.8690514603,-7.0445918818,-36.2320818321,21.0471299044,10.4165414101,41.0325906415,-15.7225169797,43.254320713,10.5126727158,-7.18140967257,27.0365710609,-1.62181368801,-3.2125946673,10.2549974562,-4.35331107158
"W",-36.3989683809,-13.3167220091,-26.1796149776,-8.31880097833,18.1180037689,21.5210805967,-1.86960411252,-8.09750705934,-4.23230574547,-6.23677756591,8.39742017983,-6.91614568879,-2.3485911906,-3.04763517666,-4.27316543649,6.08314815431,-2.44773588883,6.11407856174,-3.12733569737,4.62906773997
"K",-16.0436681592,28.4940265744,-34.2143187433,10.7215667076,22.2598364535,-2.11217792855,-0.618893869848,12.104139321,2.42083171068,1.34709037068,-8.4573880585,-15.5725426713,-3.03767493381,3.07233602856,5.37404315313,-8.10671545511,-0.402721661185,-7.43545297243,3.95587485486,-3.47799628186
"K+",-45.7558666212,3.88955282135,-11.3172079458,1.86092647218,-17.7267004872,-14.3060708894,-4.27626292413,-0.963750442685,-0.251459318449,22.6267861958,7.90079455152,6.85556627295,0.454532717076,-3.77803684427,-5.04970744302,-5.24094383371,4.18584291056,5.40454557892,2.82474682448,-4.00737492947
"W+",49.0063952993,47.8204922603,54.9690845918,-28.0174499868,-7.63458524969,9.06021551315,13.9541965426,-11.9057855097,-16.4618465013,3.62096397055,11.1303528924,-8.86574262935,-11.4840504755,8.28863006521,1.27193889523,6.91702319666,-7.06732729123,5.85488665237,-3.80144659866,-3.78280034724
"K+",-48.8249567224,24.8240379893,3.64868711561,10.1375124798,-17.8352806806,-12.8793998048,5.51291938096,-1.75288690422,8.22384926308,2.49281200693,0.280667005765,-10.5733302563,-12.4516329023,-5.18672578593,0.0097077836686,0.587068856005,4.30162864099,5.4567446965,7.29128761168,-4.67475955605
"K+",-63.0289072878,7.79502279071,12.795906539,15.533565548,-24.0703008753,-10.2163172806,12.5281345814,1.07585238679,1.82786951525,-4.17510433525,-2.77047415913,-4.77280941776,-5.00860482853,4.43644412107,-0.564439595781,1.63140438406,-5.3708958068,-7.86428699651,4.1449709942,-3.52435824366
"K+?",-91.4773253513,-10.3610267017,-1.11162139224,-5.80796260886,14.4769647058,-0.628429020484,-2.44403616785,13.0470295602,-3.17458743534,-15.7150414692,-0.616153638131,5.03396722503,0.0212603287132,-7.75823948205,-7.68999233318,-2.39349048582,4.55305756782,4.85939248249,-1.40299326576,-10.1381996403
"K+",88.2964789812,-18.8305734078,10.70815889,49.8890101231,-14.1517000673,1.49597154492,20.3728732992,0.428971740819,16.6168611361,0.447895775856,-30.3821685131,-11.1167726427,12.1021624555,5.08288456236,3.32127723858,5.17358738823,-7.49223474244,12.0449528629,-7.3680812249,0.98558591343
"K+",2.50930671251,20.6659989643,-41.8512497791,-12.8965131672,18.878001724,-2.93293993012,-5.15126948158,8.48881658856,-12.7635473969,9.0804168554,-2.61673506524,3.03704252572,-1.47180340675,2.76931765782,4.47774925053,-8.13540747878,10.4708690663,13.8031953554,-10.3662648534,6.8913083851
"K",-25.3566594475,-48.863728156,-12.4616409369,-5.13049118825,5.07971685126,-16.6521994628,26.8025511145,12.2083842009,-0.629159686612,-22.0513221951,-3.98073387119,0.368117433241,-0.918307503286,15.1811746922,-3.28577888436,3.11294177895,3.52544704277,5.94717484428,-6.24529586152,-1.76505402226
"K",22.829919338,-30.2334813433,5.73226944737,-2.71154520579,2.76724950702,15.3669068133,-26.3186388401,4.33263160535,-8.78477918772,4.27213451003,18.8906957875,6.3999354063,-2.81890764917,3.60305908888,-7.70282501205,-1.66064583836,-2.05391723448,0.182195522556,-0.66958761186,-15.8115151347
"K+",7.17823516558,12.4153359418,9.28180479754,21.6798328571,25.5586052387,-11.106137941,-10.2548327948,2.14661477537,26.4501839632,1.25658337741,12.3006869941,3.75733881222,-2.02027688235,-7.89283890849,-1.83330668166,-3.66558109184,-8.80630409978,21.4137204306,17.3840664359,0.565716239771
"K+",24.8282055552,-5.81609673143,-28.9278140515,0.241630966107,-6.88409639688,-8.54707498626,1.30230890803,4.34888900366,-8.58965618346,17.8028648766,-10.5184165739,9.21136474532,8.877394361,-7.35568541897,-4.0304972451,-1.94237261024,-1.47742479302,1.51995436524,2.52427763107,4.29444965563
"W+",-3.26899615565,-17.5751427473,-3.3874892688,-12.9838594818,-19.2145103466,15.9361424639,-1.12296153218,-9.33732662525,25.6169887449,12.7479707473,-10.4023211277,-9.52985949772,-4.2494106477,8.60922270733,9.87581955562,-4.1939655368,6.76042656642,4.31026827254,-4.97543128811,-8.48152053548
"K+",21.8845237129,47.6581958511,39.0434640347,12.9031843742,-3.75976291857,8.08360050562,5.50581209923,-7.34455376971,-19.2564088359,-15.0339271922,17.3128204647,-3.58145429978,1.99833441178,2.49223340392,8.20974874494,-6.90778909028,-1.18662198655,-5.30283629935,-3.44947439281,-2.19357378493
"K+",42.0975751942,23.5629695504,-49.4529296456,27.6648143843,9.20405526271,-4.22025138992,-34.0783621674,34.1735117362,-10.6539867713,4.28425710728,-7.57377039731,15.3253165549,-26.0780789272,13.7795587817,26.1501957961,8.62718895751,5.48526967067,8.64503070089,1.28363710327,-3.80429742631
"K",20.0995787847,-33.6125389487,23.0927289729,13.9752253214,-6.10500971895,17.7533213102,-21.6739363573,9.28278356887,-3.61397845043,-7.60786063569,-2.8723558005,1.9980207075,0.348185005555,0.523630310477,-4.13197177637,-1.49484001418,-7.99539019136,-3.64689380768,-4.45460864553,-12.215674974
"K+",60.9221225663,-47.1016434939,-29.9291116897,-16.5379297832,-0.936290818189,-5.96126725413,23.7994695292,-0.656281675837,3.59824263573,-19.9403144583,12.3612896551,0.74835631604,-7.74246187705,13.8989931165,1.08414400851,-2.0798195708,1.93696950297,0.437005104377,2.21340479799,-1.91702732436
"W+",-43.6137033677,27.0909340285,41.7339882207,-10.4037208117,2.92700989776,3.4542205085,9.92253626412,-6.67437791098,-1.88548951264,-0.667045078963,-4.91651565625,-8.19529462635,12.2579174584,6.20035571706,5.39959270104,-4.0059979307,0.366472249618,12.4440141599,0.234437572452,5.18700389078
"K+",-23.3812705886,2.81259200554,-9.50084725233,14.9531878034,-15.465781566,4.45865491342,-0.40344677099,-8.50721231815,-0.586970381302,-9.35239214041,17.2835551609,4.0731986725,-10.2223817422,3.18535647259,3.80443601108,3.48018602429,-6.21249573594,-1.30537036866,-0.0157066881579,7.46586763437
"W",53.3945587261,-51.8018744249,46.0517783079,-31.366333512,11.8241327852,-34.4284769401,7.14094388438,13.8186533657,13.550445378,8.00947395979,-4.59488028051,0.0488439711125,-2.66015036938,3.32751371501,15.893044035,-8.23114228143,-11.1384485016,-3.72202997043,-2.30847679123,2.75728460417
"K",-11.2933629125,-4.64429974348,-37.2300879643,-15.5300453939,5.03575288248,24.7886884139,-0.379933643076,-15.5480422335,-2.10308371313,-1.03383707032,3.95757954901,-6.49460262292,-12.6593460119,-13.1975439674,-0.865925331341,8.42718545186,2.3183007003,7.09832762901,3.4363444009,5.99804905061
"K",-16.3694662252,27.6873232615,-32.8749523439,33.7477863101,4.66283276215,4.77696264382,4.06095941704,11.5124401918,-5.71496271207,1.68333440154,-9.68558671017,-9.66486391721,1.51791032359,14.3764540264,9.07875298198,-4.27937745105,-7.28734234422,-7.53168924171,7.66600056339,0.390471458154
"W",-67.6689720148,-31.0738648543,-12.3504458574,1.23789588673,11.1741959627,-5.42166894708,16.5678973792,5.70987592616,-0.380871524448,-12.9423632313,2.98759383786,0.252861295275,-14.9594993856,9.97204885911,-8.75960922449,4.55463984651,1.10384583863,-2.75038841645,1.11793625263,-8.01281220864
"W",-26.1566926417,-3.97489537746,-2.18775576208,-22.3112294375,24.5315151878,-4.46678200939,-17.2774101806,-2.85140808222,6.45901072073,15.4380729276,10.2795162739,-14.6904547409,11.519514979,11.4148067646,-1.91581631577,2.22959144042,3.0452663519,-6.8485918243,-4.20961923328,-7.44225346424
"K+",-13.0611908766,-3.6566424702,-2.30648752941,-4.20408580589,36.9889405141,-18.8998315291,-8.15877138161,23.0799521928,-11.3206526476,-8.66433878918,-3.7356011791,-6.67586036,-9.62645295378,-8.40080844852,9.32777338082,22.2015327988,-1.00250158882,7.88163982878,3.4511391197,1.05727394259
"K+",-2.05097573836,33.1625906832,-16.296500106,-7.89349719357,-14.824104876,-6.59205009394,6.38803949233,0.354836468165,-12.6151802437,15.2953031763,-7.40671150714,4.01484190687,7.45236156556,-5.99189705386,-6.14447280849,0.00508509476569,-0.00553788966741,-0.0310180188959,0.465740675719,4.10746104792
"W",13.7804423949,-35.4720171221,11.9015937157,-6.52117423282,-12.2722318423,-9.09074033775,0.870321112413,5.00168271582,-5.38555976773,37.1718089722,-12.5391795435,7.94433364521,3.727665527,-2.67361910569,-1.32854113399,-5.00027274448,-1.34958710683,-4.35229117923,4.9473018666,2.99638410738
"K+",7.02811996447,8.00039963288,13.2003540764,23.2964703203,16.7195878311,-9.77786577617,2.63697045029,8.1564810105,0.847941040837,22.6149825542,-10.1984753016,-3.64341872736,1.12418881051,-4.45675427218,8.8832193072,-6.78398675509,-3.98379283134,-5.66043932354,2.72134809135,-7.30080380871
"K+",55.3330958641,34.2688232401,-14.1335225124,-18.3557209052,-5.91195020175,-6.13103813104,-0.225546621045,-3.59188489384,0.860692154612,-8.82253458675,3.82050423333,7.6816755846,5.37521205534,-15.2863561488,3.12827305664,0.513432565459,4.51542779229,4.96764420601,-1.51883375137,-7.01677219164
"K+",42.729931033,-1.15469730973,1.25662917061,18.0373499749,-12.0811918729,-15.1021648353,-17.875420869,-0.401170670049,5.2604780897,-3.53606415648,11.7794600623,-24.7748834308,-1.59429786852,-0.317871164413,-10.1007556178,12.6253456403,0.548562372608,-6.3072120046,6.57666937289,-2.08498740224
"H",-8.13096643609,-58.7271606655,27.85700626,-22.2877262739,27.6582391102,2.28788942661,-4.30379546463,-9.80343465346,-7.58641675696,-7.25327784406,10.7956210325,16.3340613742,11.0983714541,-14.2846330557,-2.49907904588,-12.8696839648,-3.74273404937,0.491871189361,-2.59533545452,5.15156429798
"W",25.6691666084,-27.7414955671,13.2083631223,-2.45865268909,-27.2738827497,-9.4529193538,2.9109265247,7.63837948452,-4.04731715556,22.7349238522,-19.2565188167,-4.46724425029,0.546211369723,2.28035334165,11.9960665625,-0.892733453611,6.48600892876,0.902454005302,2.78196906047,-4.98347094199
"K",106.081285833,-29.2654157803,5.6626446778,0.92510902851,-26.187128444,5.64968652744,-21.2990367747,7.09701431987,-0.879942601454,-5.14440561287,-3.25207213162,-10.1304965499,-14.4226106534,2.97656432158,-16.2294637009,4.57465729723,3.0342910061,1.25132422541,5.05188601029,8.4764325236
"K?",-14.0653025788,28.9235016078,16.2093162697,30.5211602661,19.1785169302,-0.958041873858,-1.81716898864,4.45865172699,8.55862494284,-0.39653735258,-9.10988622066,-0.89457828177,15.8383029684,6.47992971093,2.41129464994,-5.70497037029,1.69073316927,13.7240878755,5.23973475431,-1.12943809038
"W",32.7700776824,19.9880211421,32.0631297084,17.7240717262,29.6127648325,19.8381823979,3.09028517945,4.45170151803,14.4245066751,6.58221977879,-13.8279871852,35.9669738648,-4.94927705394,4.01854276657,-15.7173433074,-3.69540451662,6.500178614,-16.1677249426,-2.98169792262,0.980579789314
"W",13.7569500795,16.8498560138,10.1197081586,7.01200865428,4.19022472458,-23.3765507186,-16.56753736,4.2233138161,15.6580675434,-5.95888379694,-7.5734497998,-24.6443120112,8.08351396725,-5.14790660432,3.73665442893,-5.64851122614,12.0191127266,-2.17380257524,-12.8906111655,12.0860779513
"W",-44.9938933449,-46.2688576373,15.0925787456,-1.47895589872,-16.9106176464,26.0284106038,-5.89804270508,5.43602887495,-6.70694928417,-10.1965793305,-0.0401887708748,8.64455751704,-0.182459577282,-2.8455783367,12.9620125162,1.60007087685,5.25570694828,2.17112006378,8.63836384951,-4.37305180451
"K+",-77.8481472526,-1.41029678596,-3.0849027488,-12.4278764532,30.239669925,-14.5200602558,-1.41334421955,27.7626408972,-15.54966357,-5.00624094498,-3.2939903848,6.82566588637,1.83562336847,-1.28161040892,4.79861454592,10.5282066653,6.97691154534,8.50677771535,-6.90202263429,-8.04254942502
"W+",-47.2111570772,-19.8409890513,2.86164580175,7.92328024564,-21.1792348223,23.9396188229,-20.307829577,7.48532425327,-4.992199725,-8.83778190266,-4.51845469562,3.04790841295,4.5889715702,0.0118767508572,15.0695406025,0.0481545485753,2.65040796691,6.98762422063,2.38680748324,-13.8466975833
"W",-25.123891109,0.604751393243,-31.4089866996,-25.2449426042,11.7934557393,29.406763774,-3.9064067118,-11.8787790553,-0.588002968188,7.02021094523,1.43168455305,-6.86864458356,-7.52174380251,-6.21826414276,0.330458318722,3.16416961244,-5.49689350112,1.56169233461,0.493180114095,4.64184324188
"K",-49.2119927181,27.6139987792,-32.454541545,4.93706207181,10.8006272127,-5.32761858973,4.10863243514,7.06343653895,3.13508267244,-9.05770852198,-0.71602569677,-16.1656382581,-4.46106130359,8.13668012338,0.0222957609129,-13.2329587868,-8.47287510886,-14.207702735,4.32149978944,0.0859576939525
"K+",-14.2670904326,44.4611060658,-16.8114413272,-2.2613687754,-15.7086705409,-6.207156999,9.14802772615,-2.21404729323,-11.2181796386,7.31794343607,-1.0169164441,5.18510006216,2.16482442738,-3.13920697716,-1.78470230102,-6.10659240579,-2.4630029102,-3.67087636005,3.29170998842,3.20540573033
"K+",62.0540509642,27.9201585939,-12.895829649,-7.81630167325,-6.10345161921,-5.5863985386,5.59926737924,-0.165507415797,4.71210468671,-20.7869420238,-9.49238486653,0.709537896399,11.3965649578,-15.8265821341,2.52351675214,-4.95868518991,-9.52116031718,4.70324047154,-0.0598985859084,-2.25760379273
"W",2.08189757766,-55.0686527388,-7.73853535615,-8.40471550252,18.3232876425,-24.6433542128,19.491967792,5.80442097174,-4.48351861441,-1.23521311037,10.9426866916,2.84637732411,8.07870501786,12.5237388333,-3.48751776772,1.1618158351,17.731798333,4.26642099489,-6.24808272589,-6.36748270935
"H?",-12.5696997517,-31.3918493152,17.4911181418,41.9382215207,22.5897098145,-2.36369559415,5.88613782747,-15.1830695925,5.51119619353,9.40693699397,5.40478067493,2.9703425867,8.62031995302,-7.23253809328,-4.44193506561,13.5978016827,-0.872774805717,4.93374464238,-7.01677449395,-2.78241686125
"W+",-9.54940184777,-17.7417915735,-1.47294582783,-24.9707822216,-24.2396730038,18.2650036928,-0.900477114316,-16.9132517865,23.6639224314,-0.0338361668233,-7.61535060464,2.44506517636,-2.05457205516,1.95229432857,7.81694397562,0.193081406936,9.2384282396,-4.03835579749,1.55848805842,-7.01414349647
"W+",-55.9772079972,-3.37856077316,-9.80063041304,-2.713605451,-12.3931540513,11.8478353225,-9.51936973887,-20.9741889971,31.8998932927,0.587004672884,-3.08571657393,9.71114342416,1.78979458453,-3.11177411835,8.19086476498,6.22575439825,6.29087213784,-2.40857463893,4.36053440684,-2.21119226051
"K+",68.7070728708,43.6080740355,-28.8501612055,-11.0555049664,-13.6568622258,-9.30893861091,4.70478798376,6.06209175883,7.02620787128,-18.5619943971,-14.0516014915,7.42688114803,10.7457401353,-6.54930990002,-0.820655645223,3.65100065149,-8.3235761169,2.47098878377,-1.46246841281,-1.24622683556
"K+",88.8140879311,-52.394985627,-25.9176169431,-20.7043127379,-3.18374878255,-10.4012053682,18.8375539272,6.75395609827,1.45773447171,-5.98161515962,0.488617099596,1.27996605361,-3.81490011424,11.8057222465,6.85555895944,-5.9771328699,0.549612192637,0.149629140844,2.74254573157,-2.37903153131
"K+",-30.5707695996,-13.1450249833,-29.3842018332,2.53545305902,21.7510147437,12.3272618554,11.2934623693,-5.41059121796,-16.2295348348,-7.57629302179,1.20264358349,-13.7337205566,-3.96247143315,-5.56517410735,-2.3350466492,9.0444792596,-0.594811412939,0.921029754967,-0.700245266711,-5.06567377596
"K+?",70.8622257324,-11.304424263,-9.85848236867,56.3556009808,-17.8523168668,24.9878992267,27.0620096757,4.2975609701,-8.76294065189,-15.969916974,-15.0437211645,-15.7017835873,-0.0885451715253,4.04843184261,4.00804175167,-19.2885790265,-9.23313124607,-3.73592257183,-4.95163205329,-5.76805383571
"K+",29.6455844145,50.0473876604,35.3848188909,14.6796066896,1.36281819807,9.13139061898,4.84918433475,-5.73327271904,-21.3279708628,-10.8264555962,20.7597725356,-5.22284660272,2.63308032811,4.14201823427,7.15158999146,-8.36247516354,1.36452870125,2.08913902949,-0.670713978735,-2.72204987538
"K+",56.5837957348,-26.9483301886,-39.015080796,5.28722711049,-17.5650601743,2.42121511647,9.00374542295,-0.276900637041,0.455863369213,3.6731484318,6.28519786155,13.0929976906,-10.6449393872,22.6509115629,10.4224460899,2.52099378744,2.39716647633,1.93778624301,1.73069881714,-1.58655740605
"K",0.958434964897,4.44847515596,18.5140618295,1.75447658255,-2.4394268593,4.89117897743,-10.035095185,-3.71967797985,16.6723457899,-2.30696762806,-4.59527127017,8.95194287199,3.08891983192,17.0570714911,14.3907037975,2.10204296864,-13.8887755096,-0.113465052024,-5.0917481807,5.32742011841
"W+",-2.3934202729,46.5924491769,51.8305636303,-7.80658926535,22.2306868957,0.455084600972,6.65088599887,2.92828875981,1.80253078206,-10.7228112136,-2.85267886899,8.91780755728,13.2154439654,13.8490212893,0.85418379141,-6.45490137938,6.85312230057,12.2477103919,13.5936454488,9.82320471945
"K+",-30.4349289238,-6.39399925017,-31.5378575561,2.38542013406,5.21155080118,19.6659625922,12.4709995617,-3.6127131132,-11.4241909481,-13.2032895622,0.491624375957,-4.56450212875,-3.50447703068,-2.90320421742,-6.29279862929,6.86462348658,-1.6899755482,-1.4662243075,5.85583992868,-4.69035056418
"K+?",-35.9178137405,-7.00128895319,-9.44553345016,-0.961177439265,14.8092452735,-0.27773459976,-12.8416064245,30.1058204893,-18.9270419196,-12.3954556418,-12.0499791367,4.65330627409,-10.753853905,5.33029616185,8.61495749667,13.2115844692,4.09467637579,-1.82132321596,6.96629881558,0.624151002335
"K+",78.528010844,32.5147475579,-25.1430513796,-14.6778465434,-9.92748775141,-12.3988997843,4.128931017,0.0674250094201,5.66815834457,-12.2075972232,-12.3759577936,6.57428618277,13.9041892381,-11.8248437501,0.575806311303,-1.06860115948,3.30482494629,-0.683249807597,-4.73605976495,-8.79085135637
"H",5.33968379539,-1.97860172113,-7.21692294636,-18.3893609614,-3.1254389884,4.40613711802,-9.55920004214,-5.6980149271,22.8882471067,0.244995748418,-13.470090351,4.35353607948,9.75672339663,1.47261908394,8.07831575633,-10.2738337397,3.35849473106,-5.43276147231,3.53681153721,3.28557485855
"K",69.98760934,-19.3086455295,17.6941724138,0.295333927624,-27.7628103134,-5.19816874786,-22.6252570149,13.834835158,0.55296525044,-7.18078849903,3.56334857356,-12.4144090386,-13.6731573765,1.65506073814,-13.7397938771,-1.78160168994,-2.27772184205,-4.21740717464,7.86132281188,-1.39016400559
"W",-47.4473400448,7.50169047964,15.1978550499,17.4817744854,-8.16467289391,-12.8255802757,2.04429016231,-4.44734507465,19.0601045816,-8.1159081295,-0.173165942497,6.93010614581,0.92445064345,1.45410830265,-4.26678590204,1.03188489101,2.07201863718,-5.16747177942,3.16422065388,11.21166436
"W+",-25.0988572599,-13.5041863419,-0.363498911297,-18.328253533,-17.2119242643,16.567594113,2.48350361751,-18.2432715262,26.2559091544,3.15160729739,-11.445389124,-3.46610416887,-7.14818607246,-0.591916938497,10.0057392463,-0.0699895167689,10.3469486776,1.168742937,-0.564170603894,-5.59076211271
"K+",-12.6293479481,-29.02530462,-0.919045506961,37.0795261674,-12.7279436782,1.32180507977,-1.17977612231,-1.01136578845,-4.9434581062,-6.46969097871,-17.1049372928,7.45369243314,4.04545793731,5.06346933189,3.83960262386,11.8391636257,-3.48898865712,2.47671180032,4.213201878,8.06306373826
"W",-46.1169738475,-20.435922149,31.2035786174,-4.95620561194,-4.37070737742,-7.18331154573,-3.11509843818,1.53582691074,9.366268581,13.643174519,-13.3244754971,11.6344346459,0.529452672312,3.42160917254,-1.54497397509,5.29864650906,-13.9182093546,-12.049158905,-2.02359214931,9.12628406703
"K+",0.891132201868,29.0563687761,-13.103800112,-7.19630810268,-18.4827806642,-4.27263211026,5.30938632372,1.68233210557,-15.0712705569,12.5838035915,-7.02109203181,8.30523483475,3.31652453276,-4.97465066773,-4.11815471351,-2.80475679518,-2.24074390694,0.0595893955032,1.47789951523,4.57407704676
"K+",-18.8011325113,28.5953137413,-21.7443265507,5.90318510732,-8.90411521653,4.61265540766,5.34458617889,-4.73934795528,-18.4603434529,9.44882781342,2.65168096153,2.94406126635,8.76993552296,-1.09238623775,-1.24590213362,-0.594207239316,-3.84156569511,1.8375536803,0.675988461281,-2.46534573932
"K+?",73.7248551995,-6.98807204941,4.110775376,82.6802196758,23.0772323065,41.5513547938,31.157202756,-23.9258884382,8.91600414292,1.8196495379,1.26496638841,-3.619394351,-8.62221435837,-6.08362158075,-17.7217890841,-14.2978601571,-6.58260198752,6.34887306286,-5.64514883575,4.64394418786
"H",92.2692766173,-32.212932605,41.0068256062,-3.60244359219,53.5107367693,-11.7863683249,2.18489607927,16.7119711548,12.666694531,2.41208567845,15.5448478088,15.0947834424,-9.11250982981,-15.0337005411,8.69179352895,-12.3426189283,-17.3891822319,7.36894416588,16.0260976371,-12.1640613056
"W",-30.8063652231,-46.4990221946,28.0586268707,-11.5735466812,18.8740003035,9.00352199209,-8.61854607221,-3.46530783076,-4.17603745231,-13.8930823135,3.5603008939,3.91355236293,10.3515069921,-9.6708896739,8.20883096953,-3.7358354836,-4.47203172398,5.32791646944,9.42205002477,7.50204920734
"K+",-20.7286271713,2.52906224812,21.9918229306,27.5880624543,9.14289460164,-12.9901656062,7.48913730518,-11.9694298423,2.41187327205,11.9414860593,6.13373904644,-15.8235557899,4.04657905386,-1.57591782364,3.26927767956,21.184853911,8.06693582264,-13.9791914458,1.94981721003,0.0672037149096
"W",19.7399349041,-35.3767970105,36.3140424472,-22.6711032543,-7.14707021067,-16.4379355133,-0.587522774232,3.43217946626,17.7855015724,20.3700079154,-10.4142094189,12.7617161278,-5.32584375956,2.43104754326,4.17500273867,0.696379619137,-2.18123444196,0.852940138423,-1.12115324852,0.534877868024
"W",-9.18287147464,-2.00191240108,-30.6171754374,-26.1165949693,15.1914403333,5.87828236178,2.15886528306,-2.82014904325,-1.76996337513,4.63656342556,3.30782339058,-14.0695528371,-13.1505268803,-4.24450884879,-1.52422982884,2.41770041994,-12.1532525841,-2.36540368138,-1.27472543744,10.3279267567
"K",-29.9336077968,-11.6484192333,-15.9323474264,-21.3984113146,17.2639691477,6.75818486491,4.73431710282,5.50667958154,-2.70665177072,4.80562842074,-3.99759195116,-4.64520332567,3.14792667843,-1.76842742627,-5.78264751311,-4.60587493808,-8.49048336331,0.641971814407,-5.14158304146,1.34636239879
"K+",-70.8188518153,23.0110021174,2.66641177506,18.3167180702,-18.1866531125,-15.5153494719,6.93849655492,-8.30669615593,12.8813028526,-11.2329422683,4.80422519618,-2.081257949,-1.87735607823,-9.27320845042,-4.95079933072,-1.47641588289,9.55630041245,-0.0659374460014,1.85496379853,0.4522249543
"W",-17.1717537422,1.35930207881,-27.1963835686,-35.5471180532,19.4539737567,29.6367133597,-10.2812597466,-8.73194173386,11.5180061993,14.4235139403,-11.5903095529,-7.40768706924,-4.23387673342,-7.18559880621,1.1585564005,5.19249702252,-1.98121588795,-4.3543812738,7.00830015896,-0.435635431745
"K",9.18101263001,-7.72714415205,-22.6322236683,-1.76392784719,-2.15375411584,-0.104941272737,0.0784569204628,4.59660174081,-10.8227356022,20.8624896987,-7.84032527659,-5.30385265286,3.62894447857,-4.58684432632,0.048091267166,-8.65020476802,0.49894411481,6.16939145928,0.371967773537,1.44038852046
"K",70.2618321735,-23.2752599118,13.0830339801,54.576374198,-4.23130160535,16.8122842779,11.4987743869,-4.81039774962,12.6442081835,22.9369228811,-24.1800268855,-5.80822656124,-1.84670614188,13.5417749852,-0.907808000932,15.3914196484,2.31208601442,19.0097929618,-12.6833493529,14.6142199702
"W",-8.70401192488,-9.64375541577,-29.0439391102,2.32905312754,-1.79057991592,-1.01262644654,4.73445895855,-9.40266108935,3.80148759456,4.41900734116,16.4458992044,1.74750640723,8.14005053108,3.66482769548,-12.904664596,0.759725275245,-1.86444831169,9.65666874849,4.93974247589,-3.28173647312
"K+",-35.1738236971,-13.8691111834,31.7811893089,9.09189727949,11.6851279752,6.10740499421,-4.0324811668,6.03561928784,-7.28355508503,-7.12948795743,-1.50730940537,-11.4016774421,3.34809767603,-22.0562874346,-3.86772179382,-9.75684784581,8.54591883753,-2.16330450258,15.3100512182,-1.40387381672
"K",7.84994562536,-14.1310799517,7.09104203442,-3.75010786862,-17.5795366142,-12.8282301938,7.78074889356,5.07217552466,-8.31485975499,19.4768348177,-9.69749737975,1.43356812619,0.109690433274,-9.38794658291,2.47556777862,-5.02804846383,0.0714608752139,-10.6805188792,2.05089869835,2.49414360414
"K+",14.5523923674,19.440941344,-52.471859542,-5.24648317657,18.6668017019,-2.12945575656,-4.60921948071,10.7109626832,6.16406122178,1.01582288791,-12.3649397482,-0.237659466744,5.21320917499,-0.964955149758,-5.83542643419,-4.73842250235,9.29269944349,-3.16586773211,-5.88382571387,0.27462992
"K+",-80.6631767085,11.569113794,14.9935757132,5.53957898477,-3.66666451424,-5.27385833659,-2.93443054434,1.63074200981,2.44885410574,3.7350321885,-1.70240336496,-5.96627929197,-9.75736101006,0.822068520303,3.83656257375,-6.7031754349,-1.47501779328,-6.59217869427,1.94634375092,1.5202067639
"K+",-26.5302988897,-8.91567011533,-5.86688378801,-3.04929247067,14.9733735079,12.4004176963,-23.9782027006,5.07382148026,-15.4326032897,0.050684374521,1.18465631371,8.61392655525,11.5909294639,-3.12415572356,9.67176367822,-6.83253991472,-13.3727821621,-2.4113380053,-4.68766513499,9.72225175324
"W",13.5595245337,-39.2344160929,-22.1680894502,-18.8965695248,6.60059789581,-4.01162771117,5.31323509126,-0.318490460615,0.0135122395097,-4.08309700336,10.1907874819,-0.0454228564069,3.16158825647,15.2539270074,-4.00407372262,-11.1485585061,0.604373231841,-6.32928670024,1.17290823824,1.42923132845
"K+",47.3150456917,15.0823203015,-7.0932620924,-11.6164971426,-5.5734898275,-12.5488589539,8.04320990802,0.762438606678,-10.8484546546,12.9054135658,-2.92142673964,8.39050001417,-1.36631340485,-4.71407240045,0.136051219852,8.26789811417,-3.29430230405,1.69457997519,3.46110162004,3.01163153465
"K+/W+",15.7228827633,-15.6961497985,-22.7769543361,-14.5233271505,-14.7940822095,6.19990714497,8.11758698139,-5.66538734715,-2.43384650805,10.6401418648,5.64186966898,0.696306660494,-3.13221354307,-0.898812427464,-9.23437152788,0.829650299268,2.07008009953,2.90335559806,1.47303220907,2.32608245021
"K+",44.2866154216,41.1363152298,-6.85755638462,-29.4396946387,-8.76544680904,-7.40557993157,-2.08521760069,-7.34082596391,7.51056110992,-11.006478852,2.88516129724,6.50821686466,-0.281779069671,-8.50534569876,10.1785900325,4.66342395626,0.666053420724,-0.11062361895,-0.532772660796,-5.76683772775
"K",14.0866023621,-39.5244664465,31.6139961384,4.57723993077,-16.9455438373,9.88129964174,-23.0813359551,3.46632956406,-8.30650341937,-13.1993675252,-1.96140447587,-3.19867208118,2.05333435233,-12.9843602371,-3.60067697468,1.78504310154,-5.00916181847,-6.52839876614,-0.00584573905286,-4.97903237382
"H",-71.1259483598,-4.51989961971,12.5507292093,16.4955419959,9.7626446021,1.50434133582,3.5729896117,3.15861844612,9.78939519976,3.01827384173,-16.1062735623,0.470578513683,-5.74536095906,-2.86952775355,-3.38089882723,-6.5752622377,-11.750123509,1.50595028025,-2.36592335094,-3.8248289952
"K",-0.465360737218,31.5353098817,-23.8376969636,13.7340475239,20.0131558421,-0.245656663678,8.01903875099,8.48872648104,-4.38292707863,2.33214441378,-12.7873264095,-10.6624402363,9.41016487072,3.51962053197,6.18544985283,-11.9135249386,5.3179380746,-9.07668000847,2.34532180675,-2.21873255989
"K+",-26.3791961385,46.9930562279,22.3015977685,12.6550141733,-22.8053692298,3.90752717904,-1.27325245674,-5.81190029399,-9.69869042606,-15.6099389685,2.30716074383,-11.3808573844,1.05805153899,-1.15420545415,0.776072812912,-0.694135330375,1.32751311555,-4.49982419337,-0.724371757396,-3.93875226816
"K+",-6.96818450396,-13.0850282262,4.95737632422,9.63541578902,13.7279778242,-28.5211627956,-5.09708797523,-3.29755215992,-4.44052740009,-4.04628063014,14.7475316827,7.06975239497,4.84466935769,-2.73120618563,7.46329612564,9.60360174859,4.74046037171,-4.01360270487,-6.6720348312,1.80120378946
"W+",-7.34841465443,-19.2599425155,-32.0582664824,-16.639473101,5.54994835336,17.563244067,2.68710221248,-2.53596343509,-15.3214651165,0.676015553807,2.28897400291,0.0253703627981,0.90895433603,-8.03041575015,-5.40496815738,1.05037664722,7.83995529803,0.139943057995,3.86001060971,1.05213940906
"K+",-56.4538201324,11.5022137061,8.4163444412,6.66709504021,-25.0077043808,-13.4186378834,4.025376426,-9.03485627237,7.64678125898,0.298748112266,4.72257345874,-1.04205502658,-7.8440029719,-6.70101372862,-1.49809230932,-3.91758237195,-0.819205996023,3.43197543484,-1.08506472959,3.76095931672
"K",73.5821643788,-12.0117525009,-6.73809574509,7.55817592091,-16.0725067678,2.56400540646,-16.1450763477,-0.48914923866,6.51584644363,-12.0559498059,8.43214390181,-8.04950909946,-3.91429205997,9.03915519192,-12.9699434793,5.50229921173,2.78502319987,3.10208293154,11.3834995881,0.144555866155
"K+",-24.2553082288,-21.5425939606,-5.45889171963,37.2715356839,-23.0198724907,19.3668220669,-13.0116658978,6.88496077987,-9.08308733462,-0.36250808999,-15.9262298138,4.69501527106,3.95624972038,9.45730036644,7.37626214714,3.05223017889,-8.50733784074,0.346263424843,5.37061466178,-1.50142302205
"K+",-43.7033492738,39.5243955683,23.1578408484,8.11451499859,-17.4641863395,11.6788315254,10.3244236833,-10.841167469,-11.9829604969,-4.99514411585,4.67325262869,-11.2527739908,0.1683290261,0.714750423552,2.56219203474,-3.49125675691,2.97422184726,-0.573658064842,2.50123491987,-5.46806386005
"W+",97.8518357847,1.91373184558,59.8396903931,-35.6872688145,32.5410644791,-14.8726022577,11.2630219485,7.1837769563,5.57700606196,2.69751179251,-3.95739077692,1.90830323004,-1.11645327448,-1.72277694231,-2.5210023324,9.3245400427,-4.8881260529,3.42325871419,2.00066644819,2.54909754864
"K+",-1.6404915709,33.0282974584,-17.3189164235,-3.66307013114,-13.6467971417,-2.07390491494,2.29936106302,1.728970959,-14.2299336036,13.2367405937,-8.21249550385,7.32197624105,9.08646873586,-1.53104811686,-5.76837430234,-4.62106705304,-0.593702831181,0.906627170134,3.70248221436,4.19456477975
"K+",-64.1718125841,18.6002815735,-2.29249161145,-15.0269518279,-15.0557529657,-13.4220283869,1.88557571417,-0.180821821255,3.37555877866,2.57986011883,-0.322136583861,3.86155595898,-7.68029706308,-9.97294625908,-3.80462905193,-8.40335606169,10.84847563,-0.890359252846,-0.896203618231,-0.213913953079
"W",44.2211911423,41.9711763437,41.3722067673,22.7710552557,37.7841789543,25.4185339611,1.32375308411,1.51603717895,5.03335587523,-6.27217823241,-9.96143638251,35.9081543096,-5.62950356059,4.08624442723,-25.5607092104,3.68217850718,8.42758124491,-11.6279254467,-4.80229227647,-0.269876179473
"W?",-1.74461945048,-22.3344242318,3.56951125071,11.3789403011,0.772153450851,7.91333701021,-38.1145102236,1.33728648903,-13.6290530294,3.22768086312,22.334318569,-1.52886835738,13.7751725861,11.5989499946,2.74974363484,-0.523014928339,3.1351663942,-2.88759266253,-1.27275704257,-12.4102680858
"W+",-32.8147456619,-53.0521891209,27.6111462417,-18.7146369959,2.93443710388,12.6793161035,-0.0320762070604,-7.64663895948,2.55449397693,-16.4826991825,-3.59219936718,3.18293088905,9.57212630439,-4.04952927024,2.82997499271,-16.0329347622,8.65480545698,8.02316177802,0.705091850955,4.76379134859
"K+",-18.7048395804,-15.0386826066,0.133413929424,45.2887001766,-2.10051183366,12.6709850594,-8.1134788281,3.69298087648,-1.21585218432,-3.01574905485,-16.8302824525,-3.04543169391,9.89558840631,3.74342135638,8.54660222837,8.87787550573,5.61003232314,2.66512462048,0.0440290574949,-1.40529187237
"K+",64.311529077,37.2750336167,-22.6568704954,-11.8737197746,-14.8376076302,-4.03721083769,-0.415621719477,-3.53451338084,1.67529019269,-8.1260659996,-3.85712375389,6.31950327912,9.51500124645,-10.7292252935,-1.55217949589,1.68229105084,3.85746495582,4.29405464928,-1.18089356478,-6.17440043569
"K",14.643933231,-42.8163278923,24.3226520104,18.9696008326,-7.44653623383,14.1104923565,-28.632070843,11.8476802224,-12.4603245198,-15.3262272788,-3.08802728505,-4.22802551636,8.26255498974,-9.15560379931,-5.99670097579,-0.268404667937,-11.4538143482,12.0646589357,-2.034294518,0.465521879535
"K+",-38.2954158116,-7.33049332539,3.42321223729,14.4294669781,-17.4227033751,-3.07185817719,1.56184460661,-6.46610537128,-7.16067425975,6.49136471617,10.4373068789,8.78606854375,-7.48938087308,-5.54932175854,7.06371728872,-1.50443497952,-5.52129112125,-3.49319068609,-0.322947915685,-0.311279939397
"W",51.1002951866,-25.2181329728,7.99477379186,-11.4617081444,-17.6438925041,-3.60948775719,-32.2787822591,-13.2031365352,-0.524624906973,8.4495288213,8.03516762092,-12.6487122919,0.620162554768,7.46580544541,-7.68276289943,-13.1683844427,11.5490064029,0.283685875687,-15.3601539847,1.70372330599
"K+",-63.4720371828,-15.8287075383,-5.2249173919,-9.72745929387,13.5305476632,0.905767527484,4.14844304045,18.1676730903,-4.81053607325,-2.25651925424,-3.4568889706,0.867543959328,8.48555612947,11.5658578876,-13.3006984224,0.982185029604,-11.5808317353,4.13184240437,3.03358355812,-5.37714965783
"K+",2.16312830567,-12.6357914813,18.1861592761,5.81214691481,-19.1823770974,-1.54364748054,12.3501521744,-11.5948658269,-4.09953290986,-0.47030935437,11.7050615628,5.5011787945,-0.200993514739,1.75294335443,2.23163963648,-4.56955592631,-0.152201873939,-2.34282473583,-3.93516713626,2.79803327426
"K+",59.5474024354,33.2857665612,-17.0823543823,-24.6194871109,-13.6541865193,-8.80073569812,4.41855906205,-2.69476448216,0.247426857757,-19.2303790891,-1.78549177493,7.40454516897,9.63457956141,-10.9945621964,0.949845297749,-2.19448306552,3.02874575598,1.04581522448,-0.755088517573,-3.94740497963
"K+",-27.6407815656,8.3675609536,-12.9170561118,-1.46668798389,-13.1282328643,-12.7823873163,-5.2337728006,-5.90769134864,-3.97304826379,21.5262219307,2.01717913065,-5.95319255297,-1.09587601655,-7.16949773409,-6.39019911161,1.92316327313,0.963726613527,2.34562358615,0.376532337505,-4.047287762
"K+",-30.1411407961,28.97958957,-20.1416180531,3.82536205741,-15.5695324487,3.95024035076,10.6245275744,-7.22820272832,-18.0552673566,7.07780886681,5.2042277286,8.01881980047,7.67883433611,1.2566572454,2.85090913901,-3.50274976151,-1.1663068793,1.31945459166,3.16714833523,0.739755905594
"K+",-32.3494113917,-4.66553648973,-37.034781978,-9.2057330147,15.5793153588,17.5099139418,2.29328156783,-5.42450706757,-14.6123319331,-6.92953245202,6.64713177676,-5.72415106464,-9.18344601111,-0.347844580318,-2.65907302451,4.97427334523,-0.847261124685,0.990139477396,-4.08452987783,2.87126525964
"K+",177.194611833,-7.40003701342,30.6464615111,35.2552425001,36.8554017382,-3.24805423295,6.80975787671,-1.17097465068,-25.7914727656,-0.14325687737,-16.5491250203,-16.9834024482,-1.33442127848,-1.58384291253,24.9566943063,1.14692807971,9.14450074706,-11.1427864244,0.630507764648,-5.54149650315
"W",34.0130233449,-34.6924369304,17.805791133,-8.66913035449,-0.77612236065,-16.7439697399,-2.45787963442,6.76827024131,1.15688520648,36.8331819493,-3.91116657671,3.40843579827,2.31927650735,-0.0640276457291,1.2346489696,0.607149164055,-0.581417357167,-3.73208678169,-1.22167103201,0.111167959632
"K+",7.66359425142,-7.78925559187,-28.4207058757,4.24645590753,-2.69252874814,4.59050300896,0.820148017668,5.00253610466,-11.3077970509,22.3319454237,-12.3518433933,-5.88536433089,12.1153772076,-4.42719327961,-3.1501106894,-9.60236496614,4.91934612413,0.812919779074,4.10395291432,-2.19197555731
"H",-15.8181456628,-56.390162296,38.3318241439,-14.4058984692,23.156982357,12.5085765784,-1.3109310441,-8.9048819836,-6.38788887104,-12.4090626901,6.24737292149,8.14968528155,9.8911537019,-18.5866323612,11.430800036,-9.03354851985,0.183868419665,-0.581245935231,-2.08741068783,16.016614721
"H",-48.6667554535,-9.61008488334,1.44019556695,3.91241145949,-5.16131780738,4.91982066667,-7.80237660957,1.22039811792,12.5721375973,-5.77800000967,-15.1988444143,1.09432018819,11.0386873016,1.06911901597,14.9392718853,3.27623196425,-4.95963262697,11.5229107564,-3.24339909366,-2.96414309093
"K+",-97.6233859632,3.4735726902,5.59669211379,20.2739204748,7.97166114751,-13.1462545995,0.872343647581,5.26932560627,-4.12394734467,-16.9167040935,13.286818031,4.82783697741,0.0821049970185,7.47691906066,-1.49744408748,-0.869520744665,-5.16943409294,1.1968698062,-0.375170806108,3.27674756034
"K+",31.7548369623,59.6865864656,-21.2651754937,-14.028822424,-1.81215869182,-11.3608523279,-12.7440434121,-1.37757174878,13.9410416389,-9.55310967105,2.86765395817,3.5618748749,-7.69982966949,-3.48506488875,4.17041314353,8.11286909263,4.24408427314,2.33916611817,5.0031517444,-7.78038421576
"W+",16.6883569232,-23.9119486271,-0.0526047521413,-26.3311818227,-18.6253028896,10.9274571664,5.56953052488,-11.7310490847,22.443935305,8.04182031303,-6.71700228094,-5.52569426133,-5.85801189584,-0.146671806711,15.039655772,-5.03537909652,4.83962266729,0.319764097695,-2.32709765645,-5.18508978325
"K+",-37.9922732342,26.1184175253,-22.3802932147,3.0533387148,-12.5979718328,-0.207471441173,7.95743754572,-9.4089410482,-12.99310437,0.959829576132,5.42904850801,3.04103114371,4.6651084584,-5.37698672221,-3.54153817258,-2.07786891346,-4.36962268407,-2.27715272693,-2.61974554106,-0.336931476581
"K+",7.47057868518,-42.7822183095,40.0056558363,6.39962742296,-8.73893550584,15.3142923441,-19.4708181687,0.34922566985,-11.5587780652,-13.0534822703,-0.461488151679,-11.1598065094,-5.25174411275,-13.1621558599,-0.553618172396,4.88214987986,-4.87096357353,-2.32846646147,2.5194374526,-7.68208574458
"K+",-17.4816244581,24.0833359582,-29.6525090225,12.2925203262,14.6097004784,-4.4981257001,5.76506231029,8.78631796361,0.355210984968,-5.59640647677,-10.6236272146,-14.0864365857,6.03724011415,2.38721722876,1.38089486913,-9.18732223045,2.14993853482,-6.80560052171,1.57262042332,-6.73390161476
"K+",67.2874651752,38.1136378349,-27.5671092541,-4.93485373011,-17.2379099595,-5.51935134112,-1.89237533043,-6.51971956381,8.76002368636,-16.0917509446,-11.1361882677,2.59097977379,6.58345899032,-10.2900544888,-3.28281027271,7.23704501926,-4.30837373182,2.30080772155,-8.35873172119,-1.95180871221
"H",7.7281265077,3.68607521843,-17.7453568465,-37.2581632732,42.4178274651,-15.2485756848,-6.16078060307,23.1381507816,-2.842495005,14.2026298473,-7.82987322776,-0.981030014002,-4.97397691276,-2.01128361042,-9.65725644215,-0.834394535182,-1.99812189879,-9.80704215127,5.60724672965,5.41305805114
"K+",-36.1168232542,-5.50130420473,-24.7805445614,-2.47722316795,23.9448055177,2.70304157585,10.2761975307,-1.19019111037,-6.38139972054,7.39292027452,-1.87182687078,-14.628762021,-2.95283952519,-5.28265235751,-6.01170403775,4.39560964137,-5.73352573687,-6.46683732484,-5.7671589251,6.08562351325
"K+",-54.6312485338,13.5767742782,-3.11001630618,4.64251192671,-23.5149671422,-17.1165808853,-5.02423988873,0.572746628615,-0.241693389378,20.4094156177,8.92291100224,7.56979107688,-2.10173952755,-7.57838338059,0.142482314059,-2.83949468869,8.44248947803,7.99219482622,6.57323707344,-1.35650825202
"K",108.795328729,-19.3824190711,11.4041318779,3.31667687485,-27.6222236921,-8.54170314966,-22.165986708,16.9613329188,-3.62088856559,-5.81556208451,-5.30588499932,-19.3252262659,-13.5905153043,-7.11817972927,-11.6149198596,-4.97595376195,1.08549611387,0.166029824784,3.22067574238,9.46592684696
"H",-3.73982103794,8.2768150096,-15.9237246889,-27.7255701659,36.2245923915,-1.29348746728,-1.34883073326,17.800845007,-6.09847715359,-8.82071594461,-6.38606252268,-1.87617514982,-10.0267669488,-0.768011081126,-5.36042820286,4.99943250027,4.68499791152,-7.0587415886,4.45061638952,3.09033381821
"K+",-32.2099184633,10.1961699059,-28.8783467659,-2.2675807834,38.8523362603,-11.6388052791,-8.01830160581,6.68559079014,-0.897052404592,2.49715549236,6.5287122293,-5.94481158897,1.25416750418,-6.38087352915,0.171805375018,1.95989087636,-2.00177340615,4.93181733611,-4.6469918253,-1.18383717049
"W+",-5.84378099845,-50.4240780239,19.7373328638,-21.5916026815,-1.69014093395,24.740624487,3.95457705269,-9.25347522486,2.00904378551,-6.00697862227,-8.58091474198,-5.77737695497,-4.73314365074,-9.34494043519,10.7684822067,-5.25588539898,11.8046489925,-6.86996563785,-2.08466220443,-6.11468968825
"W+",-18.0524016298,31.0844422941,26.6061785199,-34.6697966038,-1.35248836416,10.1444278697,7.5811400751,-10.9586111347,-1.14284540257,8.98557289496,-1.37900411291,-3.82887614245,0.42003916014,8.07198633872,4.40545489589,0.191310695161,-9.07569397854,3.0737582668,-4.94289250277,-3.3362332266
"K+",-56.8618076954,15.6682881146,0.578315089844,12.6233304148,-21.2809627229,-5.17494042782,0.159334691764,-9.37263771715,14.1563834451,-2.1762021776,-3.4492207979,-5.30908712427,0.438540028037,-2.71417059074,-6.72752365642,-1.3475997251,3.54368804523,1.5226765002,-4.62010511399,9.02149614814
"K+",-31.8541919712,-1.33277693818,-25.4490207195,-9.2340178658,32.0193900068,-8.40235989364,1.97659950497,16.8340256747,-8.52400407707,2.24888342123,-7.60285327519,2.72074932154,-7.58565908233,-1.5596771283,3.97172752241,8.44083397047,9.65198300712,6.51831203146,-5.94069813237,-6.29330379242
"K+",43.1013612547,30.478941204,-49.5298088399,10.7490612412,-3.69189866375,6.77899175887,-29.3960762116,12.0396111856,-2.66205905579,14.3661889163,0.962938869403,12.2406189384,-6.66665095569,7.45723150905,10.6226038443,-7.71600017042,7.13172953426,7.6878727246,-2.59724370555,9.65002373459
"W+",-12.4569178499,-12.4563749113,2.91818501345,-22.6014235354,-15.7812797238,9.12453588493,4.63449496547,-12.023224513,14.5127886249,0.292406771386,-3.57249494477,-6.41019493186,-13.4077064338,-0.824278521743,18.0091192414,-4.99304339428,2.83005503817,6.73620220868,-2.09810082018,-7.16863776041
"K+",83.0484606044,-42.2429953273,-40.5815739029,-7.13865140053,-3.81698442195,-1.09323302643,21.1450215103,-8.76734073419,9.71508080918,-3.42187358359,9.0595941842,-0.30937240307,3.2134017247,13.6355182227,-1.84278737068,0.0538799954446,2.83010424523,-5.49215116463,7.49937785038,-0.419481338164
"K+",-2.94747551307,-21.627977676,-13.9439240098,0.682026201872,-3.41485956494,-3.14647626065,20.6401616419,-3.7835270951,0.21056825459,1.12743794607,-3.88485380694,-0.41090813399,-8.88574568413,0.758879151248,-6.67639239747,5.78260732768,-2.76294701484,4.45248618791,0.82105742371,-2.27689480211
"K",-37.1390449157,25.8670326913,-38.3838563908,10.7914242223,8.99979778328,2.36870768009,1.1492250962,5.50796686446,-1.28179527511,-6.51081496036,-5.05912541191,-10.3163475396,6.60877229042,5.24597316189,4.57592899737,-6.58913721989,-1.97670727476,-5.78283587272,0.186380005026,-5.82075022093
"K+",-19.7664565447,-27.8305369101,-3.12884763378,32.3271350775,-16.3118395561,10.1829755596,1.63372123215,1.93833601229,-1.4681084465,-4.20639223097,-10.8118352952,3.53124217012,4.20565934092,1.73357615831,4.71164795097,7.13479842027,-3.46195570228,-3.16347130772,-2.59015476847,8.44451325209
"K+",7.86600350845,29.2561526471,-44.741662392,-5.27068145147,4.05039323555,-5.99637467454,-16.3414056571,15.7701418984,-3.21920689463,-7.63309687264,-4.10848915924,4.58501900081,-3.9741032288,1.44264014925,10.9745753953,-3.90936874919,4.79579778596,2.93995202516,-7.02181197746,3.3711905946
"W+",-84.536485622,7.51398114022,-7.00524222239,-4.14343557297,6.02684513932,2.65481276774,-4.98842350941,-14.1187002501,23.0754182044,-5.6039788245,1.05060799874,-2.29635156867,-8.53035544668,-5.68373339156,9.90149338862,15.7736144212,12.0991291595,-3.5499440041,-0.583336481056,1.32650853595
"K+",59.9949796667,32.5345299881,-28.9538535746,-12.1555470046,-13.0280083391,-6.66390232611,5.33025736954,-0.972058236236,-1.09486123894,-10.5273836985,-10.6054598091,6.7932692662,14.9098610697,-6.91471472213,-2.05976488196,-2.92152536813,-0.140316674525,1.20150831794,0.0751918817827,-2.67422572438
"H",-38.679927941,-9.85285377305,-11.2745793147,-17.7189110383,-1.00324352794,3.29719307749,-11.3104011446,2.09661270437,16.2523490689,-14.4942500829,-7.24660645199,11.8520365465,0.944428107725,3.74395700807,6.53029681559,0.133550519671,-0.904971182944,-9.61553594025,-8.60021408016,6.31394534361
"W",54.9819661482,47.8736582407,54.0723559948,-36.3279170817,14.710709629,1.44296818262,-3.82235193497,3.35534478868,-8.22506060212,1.65331468614,-1.82871845913,4.68307009791,6.47290804507,10.5987823962,0.0746573746446,-8.15315409736,7.05894770144,-1.23354144699,6.68457731939,9.76203459108
"K+",18.02052417,37.5960746984,20.6676578424,-20.5043055484,-4.53599717558,-4.04421717432,19.3581651776,-7.32112680865,-8.54089443027,5.22652832452,4.34716077975,-5.9955270843,-5.66815927297,2.45049365441,0.259822146796,2.40435153608,-12.5597131849,-0.970675124532,0.758998796996,-1.15489359295
"W+",42.8483246563,52.9929015724,51.9660691378,-37.840834889,-2.84344602019,6.40985919661,8.38438387421,-8.14089706635,-13.0073843001,3.40266120166,5.36481225855,-6.11909986467,-8.6397560532,5.90181627654,3.70922883412,3.65128535101,-7.84706029193,5.10353397133,-8.36279912777,-2.92471222588
"W+",-21.2745858759,3.99277950689,-40.2591657982,-15.4510159289,-8.67210245688,11.8772622303,4.91279018234,-15.5415146907,-4.0611449026,6.30043244007,4.48317077607,-6.50101721435,-5.77277713822,-20.2957560087,-4.72561685675,5.22916053516,3.82164735332,4.35452404585,8.77982957311,5.42657055094
"W+",23.3757545595,35.1374808432,49.8069934664,-17.8210091337,19.5286928352,-0.500335220825,-2.73327869758,6.36987152906,-4.38046248895,-10.0547999384,-8.59050227201,-1.67522536259,2.2958486754,6.83880191694,-14.1397372604,7.0653108009,5.90474368296,8.80205143307,9.69098024613,-4.26630239844
