"K+",3.40905162901,-0.543327966041,0.950555384271,-0.160216154311,-0.870969340576,-0.167975020145,0.321491547823,-1.04663694709,-0.468161641856
"K+",1.20994664611,0.687989586997,0.727191337983,-0.0703893284167,0.506473714381,-0.525428838828,-1.25502159645,0.300427051423,-0.636810699022
"W",-3.49328042699,1.68051072037,1.92565407446,-0.0694001715517,-1.10024269074,3.30718572614,-0.568183912036,1.04450239765,-0.101752116623
"K+",2.6841318481,-0.51221520325,0.871147557901,1.12849486194,-0.0845755259639,1.86252117563,0.523880235876,-0.591275256332,-1.47956853767
"K+",2.76092639456,-0.434536737747,1.45154589646,1.38504066457,0.350679702637,1.36039796063,-0.558789588469,1.67793256207,1.03987786792
"H",-3.96462328746,0.785699297165,-4.02161730283,-0.373828706884,-0.541267796992,-0.315094677597,0.613160883702,-0.964686193166,-1.83303894763
"K",2.03206686347,0.700554600316,0.548738615573,-1.04108916225,-0.452876233311,-0.215542002451,1.11992535282,-0.073358702671,-0.350190403639
"K",-0.116702025552,2.79211019831,-0.344474386198,-1.83371289445,-0.805100458247,-0.847852946022,0.527692648563,-0.547387400314,-0.533716571604
"K+",1.01123057117,-1.04310955442,-0.219425044193,0.920378938953,-0.949575571086,0.295336974553,-0.226941364113,-0.027227319474,0.837695402807
"W",-2.90742247395,0.252091901137,2.15713538547,-0.521212369034,-0.207711972455,-0.37443717378,0.215958757587,0.0365760509228,-0.756248490686
"W",-2.50857237902,2.11763859517,1.38515570546,-0.578512455166,-0.0559551002932,1.84315498298,-0.825434635923,0.404608335203,1.06811152667
"K+",1.05123728769,-0.581294885962,0.0665328522285,0.231568577988,1.06725809374,-0.705546407684,-0.342155327685,-0.80187928755,-0.231977040897
"K+",0.447718793383,-0.365263428441,0.00340292095074,0.692432444568,-1.82241125154,-0.811251506314,1.38104335686,2.60864105184,0.0669705785629
"K+",1.89472425643,-0.449546424989,-0.981442607131,-0.0227668966112,0.564600916266,-0.184790380539,-0.63683157353,-0.426521804998,-1.07912507801
"K+",1.17584787037,-1.15790639183,-0.732772530411,2.99799586228,-0.79003615564,0.631654389636,-1.45118568264,0.487861565677,-0.108267087282
"K+",2.29763706482,-1.35262866757,0.287960677472,0.578212696572,-0.418213916641,0.483824031236,-0.264246853884,-1.8014440542,-2.34988400807
"K",1.13174604018,1.32810914974,-0.637160168267,-0.158913289379,1.97164677054,-3.22528439189,2.47476999833,-0.960875399107,-1.55969672198
"K+",0.460173011717,0.148396690629,-0.379372237997,-1.33618946913,-0.188993266973,-0.991569046088,1.41907240059,-1.39141873855,-0.0118925521304
"W+",-2.34480972988,-2.0870590073,2.23646564918,-1.79520503624,0.0854291135569,0.0798839179338,0.0877745052415,1.05789470029,0.93816237693
"K+",2.48702257444,-1.95186350982,-2.01823563524,-0.435588136391,-0.650044042654,-0.344832955135,-0.0969988843133,0.765840620061,-0.0220023297074
"W+",-1.6147985127,-2.47218068764,0.149521923972,-1.00734922933,-1.4785998784,0.84936566663,-0.196785897755,0.0483145715664,0.475032866063
"W",-1.93752860521,1.15798208354,1.83027761303,0.490687640745,-0.182579937527,0.065003922367,-1.0079973346,-0.590820728644,-0.482346403029
"H",-1.76337811299,-0.665952255635,-2.15640226393,1.84839712607,0.226874723167,-0.343104729357,1.79748558214,1.47342410709,-0.470993048098
"W+",-3.41357967502,-3.3331587787,0.065610461477,-0.799790360005,2.11913717533,0.15524278613,-0.699740198691,-1.16483684762,-0.109041627891
"K+",-0.171136892216,-0.111907429571,-2.12660423173,1.56142210286,0.620462224054,0.612747803149,0.03181427356,0.848058729165,1.90253103523
"K+",2.62971359717,0.593890161093,0.865572491513,0.887379701164,-1.80799533949,0.480987343743,2.13917114793,0.185358597058,-1.00136184199
"K",-0.464578395743,0.535669963496,-0.275399341625,-1.7386690606,-0.350398539634,0.000320480974899,0.358200882734,-0.482596516239,-1.58742200011
"K+",1.17842570561,-0.546386828338,0.653695189044,0.357662911174,0.89315905076,1.09357799424,-0.265591251129,1.0010206897,-1.317455419
"W+",-4.46975606365,-3.78336874321,0.998628992591,0.863770384903,0.0663494970405,-0.444827927457,-0.472084057566,-0.684102756311,0.864427516941
"W",-1.16296329741,2.63203708351,0.775810072668,0.955832453137,-0.778427904052,1.41578977025,-0.251149700346,-1.84980968294,0.189772552426
"W+",-2.37540112305,-4.16600624033,-0.446106462186,-0.246819933749,-0.12793141059,-1.71797876233,-0.830522886731,1.3671524008,-1.1364768058
"K+",2.50916636276,-0.135527180149,-1.064034967,0.566634352565,0.759313389536,0.465204345873,-1.19830898484,2.08366584164,0.535550018477
"K+?",1.88610807913,0.245114256838,-1.20409312634,-4.7271389539,0.321624920936,0.520084308433,0.11562361331,-1.51740434915,0.209289713532
"H",-1.01175906206,1.04798103934,-2.11584547679,0.611466925589,0.124754012074,1.72606344906,0.430133812063,-1.84069264469,-0.202361083439
"K+",1.6677244689,0.0119877467312,0.181580458695,-0.725324663864,-0.394865572499,1.878490305,0.260693364811,-0.894619607709,-0.0298840320329
"W",0.280500127339,1.87954904155,0.919965078008,-2.12408454104,0.472303678968,1.08525885601,-0.379683254364,1.28822465674,0.863503529512
"K",-1.65274230547,2.50832871192,0.887921519615,-1.14436643403,1.47976795124,-1.6348974347,1.94775845768,-0.210642240725,-0.688444746307
"K+",3.39198544261,1.20162755611,-0.109701283955,1.68242395118,-1.0134948083,1.12423431424,0.4040527714,-0.732370433174,1.45784367611
"K",1.6760459026,0.401857040162,-1.82053202212,0.836716470215,1.98094209161,-3.20892404824,-0.431996040279,0.828254413751,-0.761951181656
"K+",3.60614354379,-1.52190747381,0.0464533823896,-0.253289832087,1.33611410648,1.32354849385,-0.190769489195,0.43035992925,1.3220147818
"W",-4.33901999549,2.66906596225,0.441576605659,-1.07485615942,-0.398348961738,0.826195607539,0.560833514744,-0.218676895067,0.691578072672
"H",-2.61855929626,-0.0449879848818,-2.55037191018,1.68358358148,0.717502615642,-0.390845934861,-1.46088026701,0.620515459701,0.198968773794
"K+?",0.915094823128,0.0819700337209,-0.646554086238,-5.14851888011,0.169615336397,0.600976277135,-1.13461993248,0.918080439898,0.204592470668
"K+",1.75568700118,0.0993891562644,-0.580266091166,0.0739800164229,-0.893485483482,-0.311459692319,-1.76273802256,-1.28700127357,0.957883080818
"W",-0.932760388573,2.08943537469,0.449379793928,1.09941024376,0.604298139445,-0.414191636395,0.212973941961,-0.0511343784204,2.59907813523
"K+",0.640462773736,0.276486085317,-1.72117874628,-0.938488859023,0.837921368182,0.527230040118,2.26819012833,-0.548766385971,-0.719053367746
"K",-0.128655238765,1.2969329991,1.92652640639,-1.61962758291,-1.41684076347,-2.23999150647,1.25878262202,-0.223464343897,-0.135964026497
"K+",1.26943392088,-1.25041045528,-0.810628146983,0.0542353366222,0.472783328774,0.129167989444,-1.27895715499,-0.763034692807,0.578423673097
"K+",1.58704294024,0.990133653655,-0.0381993017536,0.106879171092,0.404267524355,-1.44484216148,0.481594528139,0.251333923237,-0.32595406551
"W+",-1.80559070152,-2.25716891334,1.20008021824,0.343093603367,0.249355303439,-0.00449025653717,-1.15927342134,-1.62484281185,0.0587698684119
"W",-2.32031960481,1.58433265662,1.43658847232,0.716240029527,1.05045959551,0.789359537219,-0.377590522248,-0.854624576444,0.453852040833
"K",0.723338795145,1.56586837857,-0.156473169989,-1.00502830459,0.291355052781,-1.16123247818,2.23710596402,1.12047647875,-0.810118402529
"K+",3.7881706211,0.706035839728,-0.861590606693,2.91637702349,-1.20828169207,-0.224746574014,0.307361431679,-1.45591982213,1.31051938606
"K+",2.85725325658,-0.226206735187,-0.709735824406,0.0572443208724,1.37670100308,0.428329494433,0.656735594558,-0.00285868352672,-1.02283029279
"K+",1.04582871714,-0.408256187817,0.512481988762,1.10502837926,1.91883633684,0.553634418981,-0.216995353667,-0.162267847908,1.0557604219
"K+",1.6455354513,-1.21251957376,-0.510866565618,-0.510487421981,-0.853461215407,1.12618339469,-1.30691654319,1.05719764175,0.577756851624
"K+",3.22262287691,-0.0152825849916,0.480417504898,1.19186067027,-0.321301839387,0.657847231479,-1.18500766112,0.493931402467,-0.942651481779
"W+",-4.30572543917,-0.868265402795,-1.25979682006,-0.834129005101,0.750028996003,-0.948865693613,0.23893379874,0.895350113771,-0.888713805911
"H",-3.51053897564,1.62105059179,-4.55081553577,1.65506642266,-0.631602710824,1.34634761471,1.79304324251,-0.647474503099,0.724033799163
"W",-1.35666401013,0.58382013501,-0.375602247153,0.426830219037,0.659444234076,2.32765466919,-0.0345753255225,1.1379762999,0.370821693384
"K+",1.76434983914,-2.09902547412,-0.613288189781,2.33718724881,-0.804707527823,1.07488510477,0.258526092582,0.176152051755,0.35638175826
"K+",0.268248629559,-1.46186943107,-0.892318189046,1.21420710195,-2.6036759536,1.68771047485,0.0889229539014,0.305466440713,-2.55400139287
"K+",0.915663937615,-1.04781420569,0.703664674899,-0.598324592894,0.747971977047,0.907653499494,-0.440208464934,-0.972648208731,-1.97259221849
"W",-2.86400852039,0.417654025586,0.576538615125,-1.90808884483,-0.829290840939,-0.578167909151,-1.14554357229,0.684470664934,0.114120165576
"W+",-4.41250538864,-2.3795794467,-1.07768768851,-2.19986317123,-0.370749257572,-0.337837270041,0.34819465147,-0.15798318697,-0.134265230964
"W",-1.78984238026,2.67524395504,-0.587065582678,1.02501840422,0.134738016055,1.98950377253,-0.825454620508,0.171169761814,0.909467369426
"W+",-2.10673786375,-3.28121040839,0.371226373045,0.203074878427,-0.29997718623,-2.3798845911,-0.556674191973,0.182770153534,-0.360162070842
"K+",1.24030446222,-1.16019370423,-0.852137620158,2.08111591989,0.261232320532,1.33202916523,0.495680574263,-0.874233986537,0.896046959823
"W",-2.69624924516,0.733315317283,2.27661923774,1.34248008885,0.623150834706,2.53665843382,0.941508311005,-0.420574814521,0.458254109456
"K",-0.149927586754,2.15462979951,2.28426150216,-1.95909894825,0.778706220549,-1.68184551787,1.72447398963,0.328257087475,-0.62598009909
"K",0.479810250287,0.83325483794,1.69126887132,-2.01965448795,0.249612941722,0.603054888838,0.108201024281,-1.03450371927,-0.138636143654
"K+",2.73908943184,0.169096877301,-0.258520370497,-0.458746576526,-0.122904927269,-0.749858044052,-0.0552938753019,1.67045556178,0.966089677566
"K+",0.382514008141,-0.61717604788,0.687170246698,0.784765410144,-0.152297861207,-0.473964668959,-0.0162535355908,1.07197227082,0.719770614003
"W",-2.09410335409,2.09307493373,2.47136965892,-1.71917291727,-0.0326073158045,1.03587996596,0.98230447535,-0.338024258039,-3.10111114396
"K+",2.53983818645,-0.175109534985,-1.02606159598,0.312682835831,0.274160173835,0.660697902653,-0.65778491502,0.120459705142,-1.12050454693
"K+",1.81962927858,-0.21358497703,-0.93867990592,-0.972939370973,-0.719473840782,-0.093958099592,-0.426073831154,1.90978467932,-0.525350571704
"K+",1.74944959886,-1.88621362519,0.68366876108,0.39329954763,-0.632839266452,-0.349342623067,2.19211481908,0.500924137056,-0.371178115194
"K+",0.839058877495,0.69735891322,-0.64168297628,2.09449859228,0.0765444576956,-0.324957807086,0.669933841205,0.247244399123,0.28062454217
"W",-2.33225780304,2.67076114331,1.20825701302,0.19544093905,0.185878742039,0.358848014351,-1.63821444596,1.21615360276,0.501086767801
"W+",-1.98216726394,-3.08707957342,1.71237981784,-1.95237817265,-1.21989704635,-1.23043525365,1.06391694677,-0.811614142029,0.759017133082
"K",0.403030512138,2.70083890956,-1.58237820173,0.249467724563,-1.49794455703,-3.62015815227,0.881444315637,-1.82984379286,0.996592644209
"K",0.895007701877,2.49486847883,1.21079981083,-0.262699668254,0.154126099649,-1.13321296286,2.70277693609,1.37228251648,-0.279201812204
"K+",1.78317697022,0.32166672237,0.761373569014,0.544819962577,0.410002880734,1.12321065472,0.153245538577,0.354367026982,-0.184736692419
"W+",0.131754597596,-1.18581206458,-0.515593074718,0.166270059815,-1.61348496155,0.428840350244,0.423433523692,-0.134150576722,-0.634604927838
"K+",1.23326296957,-0.707419300338,0.0661920466163,1.27679449101,1.06754030449,0.0537464303864,-2.36010915508,-2.2147901738,-0.134547932586
"W",-1.23141347321,3.03604632533,-0.0304056410202,0.52625923926,-0.594830614335,-0.649937661548,-1.10427237127,-0.0210187748923,-0.790834823592
"W+",-2.89662347664,-2.05938543546,0.237487744776,0.0500683578546,-1.29551018126,-1.82214191991,1.26891247337,-1.13148882146,1.43669740219
"W",-1.56980667108,0.614880858369,0.582233962038,-0.293762265578,2.01287883298,2.56974749359,0.263234815594,-0.106179328006,-0.468016737468
"K+",0.409022357364,-0.487529909938,1.0441509523,-0.789695706685,-1.24201879884,0.743797650548,0.810206453724,0.120856126694,2.07138929256
"K",2.5027300133,1.70646445544,0.040700431801,-1.22505464108,1.09212023578,-1.64474734543,1.01205913068,0.17270168864,0.840074887645
"W+",-3.6174070417,-2.81053141864,0.0283582579884,0.401891774425,-0.183559344313,-0.933553460791,0.0367582078429,-1.66868551622,-0.621584920912
"W+",-0.000392850016631,1.28494540669,1.23824033238,0.286133496157,1.33335745207,1.06925574071,-1.62348727996,-2.20505714124,-0.64602062168
"K",0.769660042704,0.564217252197,0.831501111966,-0.342663896846,0.470613478394,-0.406986411993,2.70229586342,0.557681118453,-0.0336481505813
"K+?",1.61030200873,0.16226202947,-3.07602913631,-9.83917685587,-1.55582006564,3.09964060713,-2.78673039489,-1.14576097664,0.828193262022
"K+",2.28959176191,-1.70208818645,-0.103850347893,0.134850876989,-0.35835712897,0.901735686117,0.0864917376327,-0.0206102005131,-1.45946340547
"K+",-0.0371800774523,1.07206633237,0.333305516448,0.577278688729,0.625650674792,-1.63473602957,0.0546505261034,1.21647280537,-0.279698278466
"K+",1.03021681964,-0.588347552694,1.85779261518,-0.044292499943,-0.11944617507,-0.780195473085,-0.137700289113,-0.494805318836,-1.46911054857
"H",-1.94674957696,0.291107968856,-5.80239611221,0.379836745417,0.208024916679,-0.959942870136,0.0314421283688,-0.320575560785,-0.397390048241
"W",-2.77682045023,0.537557468755,1.53820418427,1.1976271831,0.289785319475,0.781108345164,-0.8416408296,0.0967188995633,1.03377568724
"K+",1.09829852886,0.369763236094,-0.693253822688,0.715708350006,-0.220155127538,0.629268333152,-0.851123387623,0.871053433805,1.3782790696
"W",-2.96587893474,2.18029993483,1.33452750393,-0.0525956984264,0.73041931745,1.70674466794,-1.14884814708,0.606253545743,0.246367213528
"K+",1.16380064313,1.21186382271,0.338760911766,2.68838740108,2.04717839059,0.758457872166,0.200751857537,-1.37807754316,-0.125838337133
"K+",2.4126369461,-2.38681782084,-0.0990530847858,0.840445714176,-0.423086172309,0.986888858308,0.416402428445,0.267157429981,-0.540103675784
"H",-2.25785097108,1.75604669183,-3.61803429533,1.13588529516,-2.15550076808,-1.60345908789,-1.12153617117,0.46586551569,0.067442175651
"K",0.102156041938,1.17465144663,1.31852568039,0.225803639581,0.859784265324,0.235177694665,-2.10768651657,1.98632750503,0.0252725321231
"K+",0.3104558081,-0.994761789073,-0.102970441986,-0.0992449953802,-1.4589715972,-1.15109842926,-1.13834120803,-1.66417612722,0.71011281638
"K+",0.809175110402,1.08490476971,-1.22938717171,0.447917963814,-0.594998212965,-1.35115424069,-0.175774056963,0.283775410438,-0.422689778519
"K",-0.222102789906,0.39885460423,1.61265126915,-0.269734325772,0.215510339788,-2.10635737568,1.57647316018,-1.92812342628,-2.14525398442
"K+",0.599395211682,-0.196002535668,0.234406222243,0.572811787689,0.129769705629,-0.491593005771,-2.87942327984,0.486711063552,0.39072880427
"W",-3.68559810832,0.0741409883571,0.68920155437,-1.40004455795,-0.430263541814,0.587354293999,-0.989983633091,-0.256900863827,0.148213222173
"K",1.80444143827,0.086380860464,0.749851506968,-0.29738864479,0.865203779642,-1.23826770064,0.740537794782,2.17916407809,0.174981192698
"K+",1.92498135049,0.182549934254,2.60377861349,1.69858143086,-0.457328802151,0.598864037277,-1.59473769857,0.533402438922,0.476199385272
"W+",-2.84515807788,-3.05105796024,-0.21470106484,0.982361337348,0.519447277548,-0.716014638563,-1.06045068642,0.427810633893,-0.135618471414
"K+",1.60639913625,-0.940719156197,-0.0830407799192,0.290385893743,-0.922230346711,0.737326283772,-1.31940162617,-1.65868478195,-1.36207031304
"K+",1.87355265675,-1.77816331216,0.988721240819,-0.326609866933,-1.161155795,1.09588507737,0.534318061506,0.783461255858,0.4644707186
"K+?",-0.378398665897,-0.547824283071,-1.22709945835,-4.04921338892,0.696252209222,2.38450469724,-1.01971182384,1.08354024818,1.30447727941
"K+",3.39258046274,-0.747076224483,0.0435103207873,-0.522942633408,0.747943160265,-0.498221057497,1.63918966056,0.855000887334,1.54846698364
"K+",0.627180668187,0.78262961132,0.367076307236,0.461808621126,-0.30181494444,0.317520178433,0.360756597449,0.644992407669,-0.72632207212
"K",0.887543524358,1.60541568541,1.794499334,-0.684124908977,0.291546078597,-0.775499628095,0.0811484214121,-0.670607762102,2.65167828355
"K",-0.272434980568,1.40553909064,0.779978664519,-0.233048903648,-0.963316184208,-2.24526637908,1.26877005049,-0.684607125457,0.922266582985
"K+",-0.0221866021281,1.18057382327,-0.744571277044,1.16523578351,0.931829193113,-0.996646973734,-1.04346346452,3.00171415333,0.436472469718
"K+",1.34980210855,-0.123640897076,0.00207218238103,1.53196574855,-0.0630620205523,-1.03913968502,1.58819693124,1.39861810826,-0.197062171881
"W+",-2.80507693394,-1.57827941879,2.56615186556,0.263927379985,-1.08489550053,-1.69699594193,-0.852510407767,-0.280085741927,-0.0241745618235
"K+",2.37894104983,-0.893149311875,0.16274275313,-0.211740455696,-0.571054968315,-1.09762745088,-0.035264951881,0.0584550949869,-0.841942282484
"K+",2.90041379628,-1.01678326843,-0.897174378962,0.785014705176,-0.2837424499,0.911054956059,0.341413356408,0.275151324189,1.04726481263
"K",0.550898185612,1.91159926185,0.0735493904416,-1.45981406603,0.797208232946,-0.9592007457,2.03245000816,-1.27828873193,0.278226886887
"K+",1.09580655695,0.93927550982,1.79546891504,-0.425202373647,-0.248800835161,1.37631303172,-0.250649756853,-0.30629959794,1.01826413478
"W+",-3.9504973154,-2.39929253897,0.730871160455,0.621665349256,0.201168381046,-1.60332489906,-0.38845522189,1.13599565367,1.35837695433
"K+",1.7019077997,0.172589166032,-0.157070341401,0.96806387523,-1.79697533473,-1.37604350806,-0.825981112322,0.938302933047,0.203403917514
"W",-3.66585653525,2.82817595237,0.0709962640659,-0.233773251328,-0.265413645282,1.27418317518,-1.08573627618,0.713116804654,0.977081277542
"K",-1.1051022318,-0.34366147015,1.5583043776,1.16473704623,-0.30712897982,-0.297825286935,0.2640730823,-0.918860717133,0.0314716666336
"K",3.68940971517,0.795765630267,0.394135897787,-1.62629366345,-1.157595424,-1.07026957386,-0.305974232997,1.69591542041,0.941600097552
"W",-0.817482738113,1.4640586164,0.255922524434,0.961332235577,-1.03096712015,1.47143602327,0.742174211469,0.197930337798,0.956771492099
"W",-2.76923359475,2.77493023574,0.813533784392,0.912298809456,0.0277932239913,0.544097341049,0.314124716038,1.7998988888,0.022188304971
"K+",1.58116954705,1.44312067234,0.592206682869,0.306465190906,0.306173675219,0.852809835071,-0.585180971023,-1.63356559358,-1.0059272965
"K+",1.5522388432,-0.0916630133923,0.360137664614,1.60960754244,0.340578793163,2.56767133277,-0.213715114275,-0.932561744845,-0.512772546872
"W",-1.86894189509,1.52566365922,3.14959055299,1.93726819983,0.580288935488,0.137907328312,-1.17372232445,0.115818424366,1.07288239484
"K+",0.298935700974,-0.788173785765,-0.292270878526,-0.046004553317,0.372730523444,-1.22742242521,-0.741762447556,-1.66997564915,0.778888166325
"K+",1.22926829802,-1.49892265206,-1.13484180898,0.19603539255,-0.0667157507924,1.26013975046,-1.82257754165,0.274285372402,-1.48047854638
"K+",1.5906659927,-0.301802452048,0.242582142837,0.173680108593,-0.644713896307,1.48478239021,0.573334595665,0.551013832716,-0.522370187746
"H",-3.17221938608,2.16316087625,-5.83787004543,1.6832089317,-1.04820634887,0.77376423357,1.34875755714,0.161950991977,-0.279341580352
"W",-0.822985649865,1.63798713276,-0.587662673887,-1.69858470042,1.95323128706,0.46119784667,-0.694809738971,0.753903089395,0.324529728104
"K",1.95552867136,2.72404666015,1.57627674597,-1.39284550331,-0.212308086666,-2.97357940681,2.90546843717,-0.287658228917,1.68075698884
"K?",0.222278591314,-1.57487676735,-2.53689698947,-2.19653778248,1.04504465013,-2.17012041578,0.208433491734,11.3078520265,-1.12311192143
"W",-2.12820119222,2.3259247575,1.19115669559,-1.20805354697,-0.404724456929,0.682429260163,-1.03867247806,-0.537837292033,0.100037829677
"W",-1.5122792316,1.2200222519,0.00705322760938,-0.430368950509,-0.0417761304874,1.23559105403,-0.604738538043,0.0190964531785,-0.221609994985
"W",-1.42254437146,-2.16474185549,-0.0050011903587,0.023464621913,-1.07842355582,0.295147468792,1.61695055088,1.53674753226,1.25079151253
"K+",0.966416436495,0.186546573323,-2.25852022003,-0.582968418511,-0.328023302186,-0.0879253211272,-0.757707380025,-0.232344032884,-0.00977779355614
"W+",-2.83477948337,-1.27144022762,1.84426528957,-1.47289638587,-0.598881704662,-0.409628208925,0.497237303691,1.21283528677,-0.345406596049
"W",-3.32596074222,2.68084949167,1.850583142,1.10070499738,1.55446713031,0.970650971527,0.328060982282,0.597107757723,0.596415629513
"K",-0.659583657042,1.33387831264,0.775415267075,0.102011234571,-0.592291437034,0.83318367498,2.38099624436,-1.90394976931,0.682061145069
"K+",0.850097210285,-2.15100385195,-0.525072234987,1.11555423353,1.31126451984,-0.818245762864,-0.867889177049,-0.0634339346178,1.89521737918
"K+",2.50607251213,-0.237978727184,0.425607977041,0.670881462654,-0.00544458430983,-1.14090614041,-0.177445083917,0.153228515861,-0.244157110926
"W",-1.42047369935,0.177656120502,1.16552605262,0.90628636109,-0.213001462687,0.884482152722,0.296764377829,-2.09803338087,-0.15360082215
"H?",-0.437322425889,1.8570966089,-4.65368074695,0.169811886922,12.212989392,-3.0378512063,-4.74781570118,-1.55135111862,-0.120904321243
"W+",-3.00768531833,-3.32196071272,1.70427125417,-1.12853725654,0.552360030054,0.746737858992,1.08861906751,0.943024379126,2.55448568565
"W+",-3.22650217128,-2.71745493281,0.292101389608,-0.611711137294,-0.238746937342,-0.853760944334,-1.11091593476,0.726411523121,-0.59910262964
"K+",1.51519615503,0.260201343603,-0.307302008615,1.543849502,0.68796502456,0.699167838664,0.824244535461,-0.132041837405,1.07050059462
"K+",1.10342733068,-0.0143506864034,1.65696158402,0.972710482437,-0.0742441090331,0.987424273704,-0.954552626919,0.879146329415,-0.287294370902
"K+",2.42679648136,-1.62773055966,-0.254116519228,-1.34552093734,1.73113177034,-0.490038200434,-0.273432620975,-2.12756735352,0.773490369061
"K+?",3.03974517682,-0.344310332523,-1.82198239896,-7.03433736681,-3.2787397387,0.515183788746,-0.672449483736,-0.875798014435,-1.21139015278
"K+",2.21100157326,-1.26129193346,1.91830716024,-0.0324430260219,-0.631704129966,-0.977763163454,0.139343213726,0.475141187688,0.0742792942869
"K+",1.57355431226,0.444644476732,-0.172615085835,1.54976181885,-0.00878233515693,0.393843228849,0.678329621484,-0.84168047295,0.815528571997
"K",-1.10090084184,0.81734679831,1.0149250921,0.651745865464,0.178849018091,0.321101059545,0.693593761523,-0.272939841696,-1.14562552646
"W+",-3.15171818982,-2.68964366552,-0.353220531595,-0.551931276713,1.27932707989,-1.36702478918,1.61945160442,0.910781603357,2.04047447324
"K+",1.27766546337,1.01309344663,-0.329826197342,-1.52082029953,0.133306202058,-0.978460469009,-1.91770107446,0.269523229993,-0.828580821805
"K+?",2.08037333852,0.426875028632,-1.258959739,-1.25959857169,-1.65079984867,-0.206568361207,-1.08908321582,-0.715385433192,-0.698334193464
"K+",2.24863195189,-0.146700351859,1.3257198183,2.03534267082,0.250149840556,0.728611482799,0.541557660655,2.08621691527,0.0379844221052
"H",-4.45220475882,-0.410091678187,-4.31482005987,0.178317312122,-1.72216868788,-0.555737090739,2.7950229473,-1.5819408394,0.98660711412
"K",0.342885809296,2.02030127992,3.04127500115,-0.551171226659,-0.86990873972,-1.41071972596,2.03059141121,0.295228970235,-1.49659254364
"W",-0.156551219886,2.26015081432,-0.498680510561,2.37682401126,-1.13983088171,1.16592168636,0.368119687242,1.16164710203,-0.674739865802
"W+",-3.73692042734,-2.25192786773,-0.683921074161,-0.453046149953,0.403694253033,-0.491699304554,-1.91175713436,-0.3262507535,-0.292761776434
"K+",1.33431097626,0.49030424937,-0.0695635363378,1.19671407332,0.194531941814,-0.110598122474,2.62441162615,0.191032499987,0.946964463406
"W",-1.46602542797,1.97220672271,-0.861188789092,0.855105919206,-0.429266660733,2.07201717268,0.0271993196574,0.32815036045,-0.852812259616
"K+",2.86230356683,-0.676044038359,-0.67280838833,-0.0505997104986,0.0488486004396,0.901264884305,-0.430663521054,-0.114969283622,0.738122508793
"K+",2.06730251653,-0.635680985553,0.121367344192,0.191703674986,-1.46767775078,-0.71389797547,-0.69230608487,0.750918841659,1.13339431938
"K+?",1.64103435426,0.318793116534,-3.72775178666,-6.29190290881,0.518602964479,2.17747158906,-1.28429563624,-1.03822201261,1.49400999132
"H",-2.89247395673,0.545537011682,-4.78983559226,1.53166632649,-1.89653327408,0.15101966332,1.16625742259,-0.936895858495,0.0859498146805
"W",-2.75941872624,0.0144520844176,-1.45109428835,-0.0581492333145,-1.21305424646,1.63574482963,-1.99114899128,0.178964720915,0.767826248278
"K+",2.5263516174,-0.202253513992,0.202119817626,1.85980398492,1.49177071067,-0.0875293336055,0.079624297265,0.352450714266,-2.26366279169
"W",-2.88374022612,0.638722216344,1.23429957751,0.529836403742,1.02382656512,3.03988304201,-0.958382617484,0.191313402197,0.0319187737716
"W",-3.01765156964,1.62338233672,1.0542035091,0.331031824651,-0.592784552578,0.842446367471,1.73723985455,0.942830543935,-1.06738065728
"K",0.086115865257,1.44223259879,0.620025941517,-0.905393964415,-1.00245129528,1.33887338993,2.0709151504,1.15634999539,1.38540370005
"K+",1.76380407621,-1.22746738031,-0.35347741116,0.468062399015,-0.490575446473,1.20467460433,-0.241328359431,-1.44519939206,-0.451368649522
"W",-3.00411548528,0.595792364718,1.65464275991,0.00608940746334,-0.225861886257,0.419265623469,-1.53879521404,0.840060570419,0.438398509447
"K",1.62598985204,0.0318969951486,-0.809450129207,0.450700195894,0.122739821178,-0.557662097105,1.94662581494,0.625367924345,-0.561227937935
"K",-0.583909987549,0.65902422438,1.08843579525,-0.728063416964,1.8210862949,-2.51945030014,0.469652735332,-0.52521440263,1.4857110721
"W",0.106229613211,0.208379659391,1.00729019017,0.0848608282788,2.852290234,-0.262240499052,0.755982106631,-0.230847994864,-1.70678412508
"K+",1.00357742375,0.124973584032,0.168108657616,-0.657696365035,0.934248993792,-0.178770460573,0.145649216192,-0.490915024392,0.301983497897
"K",1.18214596248,0.509119757799,0.812794963459,-0.231157762883,0.0263026870533,0.165045727083,1.60831534923,-0.430240651237,0.406530541836
"K+",2.28370687253,0.630051945622,-1.03931941626,0.970191608183,-0.182244405263,1.77905568669,0.695231059853,1.09653485399,0.486124186956
"K+",-0.0352681671425,-0.729142799091,-0.437207014174,-0.801041090985,1.08547016211,0.568270660864,-0.139222825869,-0.348741818521,1.09399484382
"K+",0.308897827951,0.759393141711,0.489240785726,0.277953326212,0.0238465872462,0.0717219098334,-1.42746686572,-0.374329726572,-1.11900411137
"W",-2.63746855026,2.7740645002,-0.340903859509,-0.119220060951,0.184392293739,0.36232492005,-1.29127556449,1.66600936875,-1.17105947102
"K+",1.5100922926,-1.89065523839,-0.642608265572,2.08422172186,-0.957338685122,0.555746184322,-0.136702202988,-1.12182893476,-0.688049796764
"K+/W+",-0.987643835413,0.235815335656,1.50167324589,-2.05259239865,0.60506833173,0.590380880696,1.43787318182,-1.46847462979,-9.32778786424
"K+",0.436379262492,-2.28403919453,0.702475219441,1.41003565991,-0.389019105557,-0.301069124147,-0.127929253818,-1.81315878613,-0.117080006813
"K",2.36065879532,1.03169597977,0.0413928263854,-0.612918824079,-1.1326457051,-1.82195921059,-0.229570832195,-1.5443031689,2.22546627765
"H",-3.20046176311,2.346354349,-2.0768791085,-0.360548886451,-1.99813943273,1.12826872605,0.312666621899,0.640157664107,0.478252888582
"K",1.94567547701,0.594076361485,0.142571992856,-1.70963508384,0.258037969137,0.401894868958,0.988882993653,1.20972111728,1.29544903324
"K+",2.04395790037,0.334164419275,0.632689745347,1.5566585348,0.84191105149,-0.47888945514,-0.0649908252147,-0.422104545024,1.12604734055
"K+",1.40166386513,-0.719034134424,-0.110161533044,0.601979553932,-0.729971185532,0.0394606107888,0.0249461099882,-0.315094228276,1.15227694911
"W+",-1.88708023275,-0.33134060655,-0.829949212404,0.126593367637,1.47758652449,-0.297488773632,0.930091554945,-2.60301749087,-0.909285091658
"K+",0.711577442838,-1.14359539664,0.675479153756,1.04235172558,-0.114601598868,2.26184147307,0.294840288257,-0.468012140603,-0.489066781853
"K",0.404819183859,0.199133679849,2.22255118105,-1.88621465692,1.75276675448,-1.55199666612,1.83348697975,-1.07043813194,0.894742321914
"K+",1.6117939978,1.77384332068,0.0283705577806,-0.914705006424,0.622242910076,-1.25223529314,-0.312278873577,-1.24741389146,0.892334779175
"K+",3.23119665688,-2.05457630939,-0.167566185994,-0.0318013424503,-0.701150337081,-1.04189902162,0.129626521511,-0.360055096859,1.04263223931
"W+",-1.83114496774,-0.946096019513,0.97313274104,-0.484722841189,0.669680584632,0.693457012773,-0.336388895311,-0.921557201206,-0.85177736527
"K+",1.08548875687,0.5408688798,-1.05029157049,0.377631600703,0.825443675881,0.894892862271,-0.0430996875013,0.804044111605,-1.01120143624
"K+",0.801415486142,-0.958321180226,-0.649875566924,1.39910583158,-2.19186317064,-0.31143924785,-1.22727812837,-1.19200529826,0.679647080902
"W",-3.30768371924,1.40958267895,0.14991900785,0.163677301644,2.65552305102,2.15129880802,-2.17989341593,0.790968442964,-0.514845606793
"W?",-0.131623875807,5.23367238828,0.450842667998,1.0279296121,-6.25797769375,-7.87178223048,-8.47943199885,-0.378237808922,-1.02645665779
"W+",-3.22846638709,-1.6844222374,0.772592917958,-0.687733097264,-0.0916988047698,-0.450936580808,2.91898967651,-0.555709867381,-1.1410044952
"K+",1.14887374154,1.24266586748,-0.146858803544,-1.09270630048,-0.961006398484,0.342331759109,-0.085854491264,0.250626690405,0.0920888489981
"K+",1.09590000709,-0.345186527901,-0.446341709993,1.09205940883,-1.39390241871,-0.0510970830719,0.757762374007,-0.964492882679,0.0457656873889
"K",2.388068334,2.15097423805,1.63752325676,-1.66876675553,1.83017108279,-2.28542539255,1.496993788,-0.137334525765,2.08568656586
"K+",1.68023519147,0.291746773702,-1.17891490468,1.12285964353,-0.868601365648,1.48921478295,-0.975104731446,-1.24032308799,1.37352544839
"W",-2.07241301588,3.6721506032,3.4852413573,0.504427003153,-0.959504565477,-0.6028383438,-2.03760189367,-0.142702126427,-0.588260481473
"K+",1.05771427551,1.64717677972,-0.0417093103736,-0.167512012945,-0.364743176383,1.37789787693,0.519160162734,-0.00141037777758,0.428248013653
"K+",1.4913925105,-1.47315827523,0.412123063919,0.219921271894,-0.223940049154,0.427143180744,-0.367324863084,-1.14878868844,1.18788924149
"K+",1.82919488893,-1.42008211353,0.50939514206,0.0512255893254,-0.391699188388,-0.202003771916,-1.18438435109,-0.74177354341,-0.23969259759
"K+",2.64687051408,-1.69505011062,-0.154321701702,1.41174555767,2.36935741101,0.670491394592,-0.900722298415,-0.0285917986641,-0.436528447825
"K+",2.64815152864,-1.4781553292,-0.201332033957,0.857848297351,1.01488785301,-1.87348392808,-1.07339160863,0.0455396592193,-0.40985735376
"K+",-0.465007974882,0.775356795199,-1.08616356651,2.12279001156,-0.00100907582119,-0.676100358066,1.79036458761,-0.164837697003,-1.19171951808
"K+",2.16711878896,-0.0519554107434,-0.899940634326,0.433208324722,-1.92060501886,0.729491742795,-0.623540640259,1.28032810628,-0.594432287779
"W",-1.91376340849,1.75532975079,1.36091209098,1.74656325249,0.650981910547,1.17080935941,-1.01184206117,1.05399311132,-1.06913024535
"K+",1.6385995884,-0.0074013452819,0.961342589077,0.573131893405,-0.702335988258,0.287122919454,0.278990304439,1.18120330292,-1.0427476041
"H",-3.63267387908,0.342645817054,-3.46165060511,0.756335633261,0.308640573179,-0.464308124912,0.936616346463,-0.119524010326,-0.626546663163
"H",-1.87016556644,-1.57983775585,-3.2168639198,0.0360287316331,-0.164755508388,-1.46521065325,1.9808217715,0.69871601998,-1.47593332995
"K+",1.44888331387,0.0278135682806,-2.32352657569,-1.11205753292,-2.27958023097,0.590433398036,-0.00714959984818,0.869810542341,-0.697446488041
"K+",0.778345828655,-0.034389476267,-1.4836200139,0.66176656016,0.109026573503,0.755834216486,0.603176658264,0.523623594008,0.0658912558082
"W+",-3.84615514995,-2.86717961025,1.30429893565,-0.253451283425,0.816142146177,1.42208161448,-0.0900146569248,1.33754682674,0.0275690222766
"K+",2.27752851211,-0.911606929482,-1.13591869871,-0.0756387881649,0.638820409969,0.369845786008,-0.391114795158,-0.301430267145,-0.864599808358
"K+",1.94466946489,-0.155965518726,1.31685901437,-0.183112288702,0.0489900325142,-2.02237908139,-1.15940155998,-0.879272860273,0.639067631276
"K+",0.760959245131,-1.21071508502,-0.690009802872,-0.574995310228,2.34189405179,-0.166014064025,1.97031058684,-0.176798789162,-0.140228542105
"K+",1.65252203511,-1.67509360634,0.571138184864,0.74620968046,-1.17630207248,1.13627732785,-0.400141240418,0.436252038837,-0.565628216418
"H",-2.19679990034,2.76891268824,-2.65862097536,0.397959715858,-1.03791057713,-0.161721671875,0.90749684931,-0.300209982604,1.58173690119
"K+",0.260111310066,0.0603223199522,0.719157432218,0.416026753399,-0.117541329031,0.156515109379,0.00372270083343,-0.637392191036,1.47969840881
"K+",2.39160078039,-1.08836226399,0.204201600747,1.01517566887,-0.127933237674,-0.375422235615,-2.81113911083,-1.56754118849,-0.84481726572
"K",1.0579919406,0.670031065112,1.1881409637,-0.803401915723,2.11063816582,-1.72595351641,3.49735376097,-1.00090670558,0.387068737039
"H",-1.43374957295,-0.671166211002,-0.847387932945,-0.351953415016,-0.769588747104,-0.894453051638,1.35798191766,-0.951239754013,-0.128668802234
"K+",1.87866150627,-0.224145698821,0.243978874677,0.528744049416,1.17593695758,0.303080392156,-0.0793570214303,1.76353759495,-0.79930422661
"W+",-3.75238180962,-2.11466924769,0.605708359045,0.040324175662,0.294380891446,0.524614037841,-0.0814818577122,-1.64772412814,1.87122851016
"W+",-3.35753691822,-2.77385293147,1.48375394185,-0.77043826718,-0.4260692303,-1.37255783553,-0.384200607757,-0.377283071192,-0.173386953245
"K+",0.687277826469,-1.03081251697,-0.802150467915,-0.410561822991,0.622930170025,1.10347714181,0.474722020535,-0.838866502444,-1.89091072514
"K+",2.09690596524,-1.09827434719,0.317890665291,1.05092912025,0.56980600831,-0.769747349994,0.0986740658371,0.54403814461,0.650329962951
"K+",0.753730884243,-2.07707581052,0.649797691442,0.239701199385,-2.16511817807,0.794033559902,-0.00753400592798,-1.27106890128,1.00533916016
"W+",-3.07598981077,-4.30783260335,0.252355788153,0.159270466063,0.469294937,-1.48065412539,-0.826086025928,-0.376382174344,0.043196326196
"K+",0.795802041719,-0.374807799609,-1.51614836608,1.60582124121,-0.8813320363,-1.76423813406,0.143139841455,0.584048786442,-2.23638494021
"K+",1.52317906517,0.502378995255,1.60679077462,-0.599227705303,1.53574650229,0.743759780964,-0.747035035991,0.772437054352,-1.18257997321
"K",0.430995785398,1.64318665418,0.647215020496,-0.639376874165,-0.280785404696,-0.609440837738,-0.117600915012,-0.721890996653,0.912035043695
"K+",1.73359557652,0.132949834466,-1.35519328207,-0.80404604227,2.88965908646,0.170471672598,-0.329525090372,0.636035747118,0.880753556564
"K+",2.16093824586,-0.0833397587555,-0.610837153522,-0.226892175893,0.567136918354,0.301525844499,-1.50995721153,0.393820108802,-1.21498572567
"W+",-3.04011216022,-2.42189151952,0.176926221243,-0.282310709146,0.91048119135,-1.51101677479,0.226228803131,-2.0085658531,2.00079930566
"K+",0.829634030226,-0.833089372096,1.0267952494,0.628533377984,-0.681887406021,0.799591184231,-0.549070399548,0.741524083653,0.447681445199
"H",-2.99894846961,1.41606439066,-4.3354226966,2.69054194354,-1.05251956158,-0.5890171857,1.6760496183,-0.778383472097,0.0153694068791
"W",-2.78452623102,-0.289956315129,0.555365589157,0.305935672584,-0.262695089141,-0.161838832107,-0.0774006756547,-0.0191623024746,0.490390605569
"K+",1.05394325357,-1.66479797793,-0.213184410397,-1.12389850037,0.837582711365,1.16418745335,1.31683266895,0.274242922489,0.332595935134
"W+",-3.52949610964,-3.09157932698,2.78495239271,-0.812439031867,-0.583651023919,-1.49079812515,-0.755859160497,1.21265616894,-0.445565003002
"W+",-0.529350102081,-1.04611864056,1.2564998453,-0.936732838873,-0.99428032145,-0.149485251474,0.0104758727584,-0.468098539444,-1.30559329924
"W+",-3.8741301313,-2.64904348248,0.894933856201,0.265094983358,-0.901857257132,-1.64781260685,-0.816345217896,1.18646167445,-0.194793815083
