KP_2009_ChF_TP3_exp_7.wav,259.682126,259.735949,s
KP_2009_ChF_TP3_exp_7.wav,264.245583,264.341241,s
KP_2009_ChF_TP3_exp_7.wav,269.303883,269.388208,s
KP_2009_ChF_TP3_exp_7.wav,298.925401,298.984781,s
KP_2009_ChF_TP3_exp_7.wav,308.623415,308.704491,s
KP_2009_ChF_TP3_exp_7.wav,312.534344,312.579754,s
KP_2009_ChF_TP3_exp_7.wav,313.037343,314.331400,r
KP_2009_ChF_TP3_exp_7.wav,314.391573,315.310337,r
KP_2009_ChF_TP3_exp_7.wav,315.333123,315.727187,r
KP_2009_ChF_TP3_exp_7.wav,321.045746,322.252438,r
KP_2009_ChF_TP3_exp_7.wav,322.291414,322.941796,r
KP_2009_ChF_TP3_exp_7.wav,326.524714,327.585039,r
KP_2009_ChF_TP3_exp_7.wav,327.617296,328.480423,r
KP_2009_ChF_TP3_exp_7.wav,328.509286,329.050022,r
KP_2009_ChF_TP3_exp_7.wav,329.083318,329.533446,r
KP_2009_ChF_TP3_exp_7.wav,331.278167,331.361394,s
KP_2009_ChF_TP3_exp_7.wav,331.582738,332.486431,r
KP_2009_ChF_TP3_exp_7.wav,332.533712,333.081206,r
KP_2009_ChF_TP3_exp_7.wav,341.746377,343.033543,r
KP_2009_ChF_TP3_exp_7.wav,343.082960,343.457395,r
KP_2009_ChF_TP3_exp_7.wav,347.052411,348.256289,r
KP_2009_ChF_TP3_exp_7.wav,348.377244,349.075659,r
KP_2009_ChF_TP3_exp_7.wav,349.118578,349.606298,r
KP_2009_ChF_TP3_exp_7.wav,349.723351,350.269597,r
KP_2009_ChF_TP3_exp_7.wav,350.308615,350.893879,r
KP_2009_ChF_TP3_exp_7.wav,350.965343,351.502554,r
KP_2009_ChF_TP3_exp_7.wav,353.547058,354.223466,r
KP_2009_ChF_TP3_exp_7.wav,356.402777,357.481993,r
KP_2009_ChF_TP3_exp_7.wav,357.551371,357.812249,r
KP_2009_ChF_TP3_exp_7.wav,358.419800,359.346794,r
KP_2009_ChF_TP3_exp_7.wav,359.395845,359.917008,r
KP_2009_ChF_TP3_exp_7.wav,359.960170,360.419778,r
KP_2009_ChF_TP3_exp_7.wav,360.470979,360.929535,r
KP_2009_ChF_TP3_exp_7.wav,360.960616,361.552554,r
KP_2009_ChF_TP3_exp_7.wav,361.579940,361.946481,r
KP_2009_ChF_TP3_exp_7.wav,363.731484,364.503249,r
KP_2009_ChF_TP3_exp_7.wav,364.551653,364.840472,r
KP_2009_ChF_TP3_exp_7.wav,366.436242,367.029360,r
KP_2009_ChF_TP3_exp_7.wav,369.444001,370.247169,r
KP_2009_ChF_TP3_exp_7.wav,370.280454,371.089447,r
KP_2009_ChF_TP3_exp_7.wav,371.116906,371.743155,r
KP_2009_ChF_TP3_exp_7.wav,371.770528,372.342387,r
KP_2009_ChF_TP3_exp_7.wav,372.373871,372.924858,r
KP_2009_ChF_TP3_exp_7.wav,372.945218,373.410949,r
KP_2009_ChF_TP3_exp_7.wav,373.434292,373.934753,r
KP_2009_ChF_TP3_exp_7.wav,373.978214,374.492081,r
KP_2009_ChF_TP3_exp_7.wav,374.522137,375.057790,r
KP_2009_ChF_TP3_exp_7.wav,375.088914,375.560643,r
KP_2009_ChF_TP3_exp_7.wav,375.692257,376.109590,r
KP_2009_ChF_TP3_exp_7.wav,377.792287,378.405355,r
KP_2009_ChF_TP3_exp_7.wav,378.472978,379.076865,r
KP_2009_ChF_TP3_exp_7.wav,379.139368,379.708623,r
KP_2009_ChF_TP3_exp_7.wav,381.530365,382.123673,r
KP_2009_ChF_TP3_exp_7.wav,386.669894,386.976419,r
KP_2009_ChF_TP3_exp_7.wav,387.249286,387.756664,r
KP_2009_ChF_TP3_exp_7.wav,389.811510,390.541900,r
KP_2009_ChF_TP3_exp_7.wav,390.604356,390.901286,r
KP_2009_ChF_TP3_exp_7.wav,392.235584,392.901549,r
KP_2009_ChF_TP3_exp_7.wav,398.346708,399.307054,r
KP_2009_ChF_TP3_exp_7.wav,399.387937,400.048793,r
KP_2009_ChF_TP3_exp_7.wav,400.112391,400.713268,r
KP_2009_ChF_TP3_exp_7.wav,400.743189,400.986269,r
KP_2009_ChF_TP3_exp_7.wav,402.847963,403.556600,r
KP_2009_ChF_TP3_exp_7.wav,405.517343,406.267552,r
KP_2009_ChF_TP3_exp_7.wav,406.347587,406.901121,r
KP_2009_ChF_TP3_exp_7.wav,406.970270,407.524388,r
KP_2009_ChF_TP3_exp_7.wav,407.620424,408.029182,r
KP_2009_ChF_TP3_exp_7.wav,408.090489,408.626694,r
KP_2009_ChF_TP3_exp_7.wav,408.758958,409.275716,r
KP_2009_ChF_TP3_exp_7.wav,410.404937,411.088856,r
KP_2009_ChF_TP3_exp_7.wav,414.926879,415.985018,r
KP_2009_ChF_TP3_exp_7.wav,416.060970,416.620529,r
KP_2009_ChF_TP3_exp_7.wav,419.031439,419.126769,s
KP_2009_ChF_TP3_exp_7.wav,419.197607,419.672771,r
KP_2009_ChF_TP3_exp_7.wav,421.529318,422.340126,r
KP_2009_ChF_TP3_exp_7.wav,422.419120,422.742915,r
KP_2009_ChF_TP3_exp_7.wav,431.769595,432.673429,r
KP_2009_ChF_TP3_exp_7.wav,434.826681,435.443635,r
KP_2009_ChF_TP3_exp_7.wav,438.541107,439.420349,r
KP_2009_ChF_TP3_exp_7.wav,439.482246,440.190292,r
KP_2009_ChF_TP3_exp_7.wav,443.962521,444.838467,r
KP_2009_ChF_TP3_exp_7.wav,444.894242,445.309316,r
KP_2009_ChF_TP3_exp_7.wav,447.704747,448.418304,r
KP_2009_ChF_TP3_exp_7.wav,450.782686,451.852731,r
KP_2009_ChF_TP3_exp_7.wav,451.911217,452.212791,r
KP_2009_ChF_TP3_exp_7.wav,454.488434,455.444021,r
KP_2009_ChF_TP3_exp_7.wav,455.492530,455.822322,r
KP_2009_ChF_TP3_exp_7.wav,457.428406,458.304918,r
KP_2009_ChF_TP3_exp_7.wav,458.383426,458.576821,r
KP_2009_ChF_TP3_exp_7.wav,460.608623,461.195369,r
KP_2009_ChF_TP3_exp_7.wav,461.258068,462.099744,r
KP_2009_ChF_TP3_exp_7.wav,466.345699,467.124188,r
KP_2009_ChF_TP3_exp_7.wav,467.191444,467.545723,r
KP_2009_ChF_TP3_exp_7.wav,469.625752,470.443774,r
KP_2009_ChF_TP3_exp_7.wav,470.516333,470.874091,r
KP_2009_ChF_TP3_exp_7.wav,472.602126,473.412081,r
KP_2009_ChF_TP3_exp_7.wav,473.477390,473.851180,r
KP_2009_ChF_TP3_exp_7.wav,475.670573,476.415516,r
KP_2009_ChF_TP3_exp_7.wav,481.863008,482.651449,r
KP_2009_ChF_TP3_exp_7.wav,482.688840,483.143661,r
KP_2009_ChF_TP3_exp_7.wav,483.237428,483.679953,r
KP_2009_ChF_TP3_exp_7.wav,485.749876,486.361410,r
KP_2009_ChF_TP3_exp_7.wav,486.449525,487.015245,r
KP_2009_ChF_TP3_exp_7.wav,489.035366,489.718742,r
KP_2009_ChF_TP3_exp_7.wav,489.786893,490.255033,r
KP_2009_ChF_TP3_exp_7.wav,491.785497,492.457454,r
KP_2009_ChF_TP3_exp_7.wav,492.530541,492.762459,r
KP_2009_ChF_TP3_exp_7.wav,493.997906,494.723203,r
KP_2009_ChF_TP3_exp_7.wav,494.788452,495.035470,r
KP_2009_ChF_TP3_exp_7.wav,496.520818,497.192289,r
KP_2009_ChF_TP3_exp_7.wav,497.269952,497.787774,r
KP_2009_ChF_TP3_exp_7.wav,497.839756,498.288853,r
KP_2009_ChF_TP3_exp_7.wav,499.643164,500.278645,r
KP_2009_ChF_TP3_exp_7.wav,500.382270,500.619960,r
KP_2009_ChF_TP3_exp_7.wav,505.684875,506.385957,r
KP_2009_ChF_TP3_exp_7.wav,506.459895,506.815260,r
KP_2009_ChF_TP3_exp_7.wav,509.078341,509.684263,r
KP_2009_ChF_TP3_exp_7.wav,509.765650,510.218275,r
KP_2009_ChF_TP3_exp_7.wav,515.148390,515.516507,r
KP_2009_ChF_TP3_exp_7.wav,524.904386,525.335417,r
KP_2009_ChF_TP3_exp_7.wav,537.654299,538.520706,r
KP_2009_ChF_TP3_exp_7.wav,544.452093,544.534138,s
KP_2009_ChF_TP3_exp_7.wav,544.584602,545.123375,r
KP_2009_ChF_TP3_exp_7.wav,545.208917,545.533603,r
KP_E_2007_TAPE_4_exp_8_REDTAIL_REPLY_TOO.wav,185.193464,185.292846,s
KP_E_2007_TAPE_4_exp_8_REDTAIL_REPLY_TOO.wav,185.292846,185.879671,r
KP_E_2007_TAPE_4_exp_8_REDTAIL_REPLY_TOO.wav,185.955391,186.367115,r
KP_E_2007_TAPE_4_exp_8_REDTAIL_REPLY_TOO.wav,186.447567,186.854559,r
KP_E_2007_TAPE_4_exp_8_REDTAIL_REPLY_TOO.wav,186.939743,187.408257,r
KP_E_2007_TAPE_4_exp_8_REDTAIL_REPLY_TOO.wav,187.460314,187.782122,r
KP_E_2007_TAPE_4_exp_8_REDTAIL_REPLY_TOO.wav,187.876771,188.279031,r
KP_E_2007_TAPE_4_exp_8_REDTAIL_REPLY_TOO.wav,188.331088,188.662360,r
KP_E_2007_TAPE_4_exp_8_REDTAIL_REPLY_TOO.wav,200.088990,200.151144,s
KP_E_2007_TAPE_4_exp_8_REDTAIL_REPLY_TOO.wav,201.520934,202.386495,r
KP_E_2007_TAPE_4_exp_8_REDTAIL_REPLY_TOO.wav,202.482668,202.912917,r
KP_E_2007_TAPE_4_exp_8_REDTAIL_REPLY_TOO.wav,203.019214,203.429217,r
KP_E_2007_TAPE_4_exp_8_REDTAIL_REPLY_TOO.wav,203.510205,203.905022,r
KP_E_2007_TAPE_4_exp_8_REDTAIL_REPLY_TOO.wav,204.036628,204.502309,r
KP_E_2007_TAPE_4_exp_8_REDTAIL_REPLY_TOO.wav,204.552927,204.947744,r
KP_E_2007_TAPE_4_exp_8_REDTAIL_REPLY_TOO.wav,205.013547,205.347623,r
KP_E_2007_TAPE_4_exp_8_REDTAIL_REPLY_TOO.wav,205.443796,205.813305,r
KP_E_2007_TAPE_4_exp_8_REDTAIL_REPLY_TOO.wav,205.914540,206.243554,r
KP_E_2007_TAPE_4_exp_8_REDTAIL_REPLY_TOO.wav,206.314419,206.648495,r
KP_E_2007_TAPE_4_exp_8_REDTAIL_REPLY_TOO.wav,206.749730,207.023065,r
KP_E_2007_TAPE_4_exp_8_REDTAIL_REPLY_TOO.wav,207.144547,207.559611,r
KP_E_2007_TAPE_4_exp_8_REDTAIL_REPLY_TOO.wav,207.696279,207.929120,r
KP_E_2007_TAPE_4_exp_8_REDTAIL_REPLY_TOO.wav,208.080972,208.430234,r
KP_E_2007_TAPE_4_exp_8_REDTAIL_REPLY_TOO.wav,208.536531,208.855421,r
KP_E_2007_TAPE_4_exp_8_REDTAIL_REPLY_TOO.wav,208.997150,209.336288,r
KP_E_2007_TAPE_4_exp_8_REDTAIL_REPLY_TOO.wav,209.437523,209.604561,r
KP_E_2007_TAPE_4_exp_8_REDTAIL_REPLY_TOO.wav,236.787013,237.553888,r
KP_E_2007_TAPE_4_exp_8_REDTAIL_REPLY_TOO.wav,237.652840,238.078332,r
KP_E_2007_TAPE_4_exp_8_REDTAIL_REPLY_TOO.wav,238.246550,238.414768,r
KP_E_2007_TAPE_5_exp_1.wav,196.421142,197.291421,r
KP_E_2007_TAPE_5_exp_1.wav,197.381257,197.779901,r
KP_E_2007_TAPE_5_exp_1.wav,198.537886,199.290257,r
KP_E_2007_TAPE_5_exp_1.wav,199.385707,199.846112,r
KP_E_2007_TAPE_5_exp_1.wav,200.710777,201.468762,r
KP_E_2007_TAPE_5_exp_1.wav,201.569827,202.019004,r
KP_E_2007_TAPE_5_exp_1.wav,203.332845,204.175051,r
KP_E_2007_TAPE_5_exp_1.wav,204.292959,204.730907,r
KP_E_2007_TAPE_5_exp_1.wav,208.279679,209.181018,r
KP_E_2007_TAPE_5_exp_1.wav,209.312629,209.659605,r
KP_E_2007_TAPE_5_exp_1.wav,210.106286,210.784284,r
KP_E_2007_TAPE_5_exp_1.wav,210.927860,211.482223,r
KP_E_2007_TAPE_5_exp_1.wav,211.773363,211.912951,r
KP_E_2007_TAPE_5_exp_1.wav,212.409235,213.134869,r
KP_E_2007_TAPE_5_exp_1.wav,213.288672,213.718531,r
KP_E_2007_TAPE_5_exp_1.wav,214.101066,214.720221,r
KP_E_2007_TAPE_5_exp_1.wav,214.822756,215.327545,r
KP_E_2007_TAPE_5_exp_1.wav,215.501066,216.017686,r
KP_E_2007_TAPE_5_exp_1.wav,216.199094,216.625010,r
KP_E_2007_TAPE_5_exp_1.wav,216.853742,217.173179,r
KP_E_2007_TAPE_5_exp_1.wav,217.480785,218.135433,r
KP_E_2007_TAPE_5_exp_1.wav,218.240120,218.631278,r
KP_E_2007_TAPE_5_exp_1.wav,219.324694,219.461007,r
KP_E_2007_TAPE_5_exp_1.wav,219.976624,220.622627,r
KP_E_2007_TAPE_5_exp_1.wav,220.622627,221.250851,r
KP_E_2007_TAPE_5_exp_1.wav,221.339750,221.914634,r
KP_E_2007_TAPE_5_exp_1.wav,222.086506,222.465810,r
KP_E_2007_TAPE_5_exp_1.wav,222.661389,223.111814,r
KP_E_2007_TAPE_5_exp_1.wav,223.111814,223.698550,r
KP_E_2007_TAPE_5_exp_1.wav,223.846716,224.160828,r
KP_E_2007_TAPE_5_exp_1.wav,224.474939,224.611252,r
KP_E_2007_TAPE_5_exp_1.wav,224.866097,225.369861,r
KP_E_2007_TAPE_5_exp_1.wav,225.500247,225.998084,r
KP_E_2007_TAPE_5_exp_1.wav,226.175883,226.572968,r
KP_E_2007_TAPE_5_exp_1.wav,226.727060,226.993759,r
KP_E_2007_TAPE_5_exp_1.wav,229.592955,229.887727,r
KP_E_2007_TAPE_5_exp_1.wav,229.993002,230.721510,r
KP_E_2007_TAPE_5_exp_1.wav,230.797309,231.378431,r
KP_E_2007_TAPE_5_exp_1.wav,231.483707,231.967975,r
KP_E_2007_TAPE_5_exp_1.wav,232.119572,232.397500,r
KP_E_2007_TAPE_5_exp_1.wav,232.864924,233.323927,r
KP_E_2007_TAPE_5_exp_1.wav,233.517634,233.909260,r
KP_E_2007_TAPE_5_exp_1.wav,234.262585,234.691174,r
KP_E_2007_TAPE_5_exp_1.wav,234.849344,235.359569,r
KP_E_2007_TAPE_5_exp_1.wav,236.982086,237.522925,r
KP_E_2007_TAPE_5_exp_1.wav,237.670890,238.155604,r
KP_E_2007_TAPE_5_exp_1.wav,238.441330,238.711749,r
KP_E_2007_TAPE_5_exp_1.wav,239.303611,239.793427,r
KP_E_2007_TAPE_5_exp_1.wav,239.972006,240.446515,r
KP_E_2007_TAPE_5_exp_1.wav,245.642033,246.403137,r
KP_E_2007_TAPE_5_exp_1.wav,248.012330,248.827799,r
KP_E_2007_TAPE_5_exp_1.wav,249.099622,249.578030,r
KP_E_2007_TAPE_5_exp_1.wav,249.697633,250.186914,r
KP_E_2007_TAPE_5_exp_1.wav,250.186914,250.806671,r
KP_E_2007_TAPE_5_exp_1.wav,251.013256,251.448173,r
KP_E_2007_TAPE_5_exp_1.wav,251.622140,252.089676,r
KP_E_2007_TAPE_5_exp_1.wav,252.274515,252.698559,r
KP_E_2007_TAPE_5_exp_1.wav,252.883399,253.263951,r
KP_E_2007_TAPE_5_exp_1.wav,253.405299,253.753233,r
KP_E_2007_TAPE_5_exp_1.wav,253.981564,254.296879,r
KP_E_2007_TAPE_5_exp_1.wav,254.481719,254.927508,r
KP_E_2007_TAPE_5_exp_1.wav,255.112348,255.482027,r
KP_E_2007_TAPE_5_exp_1.wav,255.612502,256.090911,r
KP_E_2007_TAPE_5_exp_1.wav,256.232259,256.634557,r
KP_E_2007_TAPE_5_exp_1.wav,256.634557,257.276060,r
KP_E_2007_TAPE_5_exp_1.wav,257.406535,257.808833,r
KP_E_2007_TAPE_5_exp_1.wav,260.218379,260.748962,r
KP_E_2007_TAPE_5_exp_1.wav,260.891507,261.057809,r
KP_E_2007_TAPE_5_exp_1.wav,262.554529,263.267253,r
KP_E_2007_TAPE_5_exp_1.wav,265.888493,266.506187,r
KP_E_2007_TAPE_5_exp_1.wav,268.525571,269.167022,r
KP_E_2007_TAPE_5_exp_1.wav,274.352307,274.935767,r
KP_E_2007_TAPE_5_exp_1.wav,275.771281,276.121357,r
KP_E_2007_TAPE_5_exp_1.wav,277.871735,278.408518,r
KP_E_2007_TAPE_5_exp_1.wav,284.981332,285.719547,r
KP_E_2007_TAPE_5_exp_1.wav,285.853768,286.398109,r
KP_E_2007_TAPE_5_exp_1.wav,286.852969,287.240719,r
KP_E_2007_TAPE_5_exp_1.wav,287.419680,287.919280,r
KP_E_2007_TAPE_5_exp_1.wav,288.411424,288.672409,r
KP_E_2007_TAPE_5_exp_1.wav,289.552302,289.962422,r
KP_E_2007_TAPE_5_exp_1.wav,291.834059,292.482793,r
KP_E_2007_TAPE_5_exp_1.wav,292.684125,292.892913,r
KP_E_2007_TAPE_5_exp_1.wav,294.451368,295.032992,r
KP_E_2007_TAPE_5_exp_1.wav,295.167213,295.711554,r
KP_E_2007_TAPE_5_exp_1.wav,295.890515,296.166414,r
KP_E_2007_TAPE_5_exp_1.wav,298.609215,299.288990,r
KP_E_2007_TAPE_5_exp_1.wav,301.611557,302.268673,r
KP_E_2007_TAPE_5_exp_1.wav,306.132064,306.834498,r
KP_E_2007_TAPE_5_exp_1.wav,307.015772,307.299012,r
KP_E_2007_TAPE_5_exp_1.wav,309.021110,309.587589,r
KP_E_2007_TAPE_5_exp_1.wav,309.768863,310.029443,r
KP_E_2007_TAPE_5_exp_1.wav,311.717552,312.204725,r
KP_E_2007_TAPE_5_exp_1.wav,312.352010,312.623920,r
KP_E_2007_TAPE_5_exp_1.wav,317.806186,318.372203,r
KP_E_2007_TAPE_5_exp_1.wav,318.522031,318.638564,r
KP_E_2007_TAPE_5_exp_1.wav,323.483005,324.348678,r
KP_E_2007_TAPE_5_exp_1.wav,325.930196,326.579451,r
KP_E_2007_TAPE_5_exp_1.wav,326.695984,327.145469,r
KP_E_2007_TAPE_5_exp_1.wav,336.617932,337.183949,r
KP_E_2007_TAPE_5_exp_1.wav,338.432517,339.115067,r
KP_E_2007_TAPE_5_exp_1.wav,343.629903,344.272074,r
KP_E_2007_TAPE_5_exp_1.wav,346.356100,347.143668,r
KP_E_2007_TAPE_5_exp_1.wav,348.524941,349.033831,r
KP_E_2007_TAPE_5_exp_1.wav,350.269707,350.705898,r
KP_E_2007_TAPE_5_exp_1.wav,350.863412,351.239021,r
KP_E_2007_TAPE_5_exp_1.wav,351.408651,351.881192,r
KP_E_2007_TAPE_5_exp_1.wav,352.002356,352.377966,r
KP_E_2007_TAPE_5_exp_1.wav,352.523363,352.947438,r
KP_E_2007_TAPE_5_exp_1.wav,353.165533,353.625958,r
KP_E_2007_TAPE_5_exp_1.wav,353.783471,354.134848,r
KP_E_2007_TAPE_5_exp_1.wav,356.061360,356.667182,r
KP_E_2007_TAPE_5_exp_1.wav,360.471741,361.174494,r
KP_E_2007_TAPE_5_exp_1.wav,361.295658,361.513754,r
KP_E_2007_TAPE_5_exp_1.wav,371.187277,371.843418,r
KP_E_2007_TAPE_5_exp_1.wav,373.470049,374.003944,r
KP_E_2007_TAPE_5_exp_1.wav,374.161118,374.355715,r
KP_E_2007_TAPE_5_exp_1.wav,382.844396,383.307518,r
KP_E_2007_TAPE_5_exp_1.wav,385.992110,386.380358,r
KP_E_2007_TAPE_5_exp_1.wav,386.577703,386.745246,r
KP_E_2007_TAPE_5_exp_1.wav,395.442488,396.098955,r
KP_E_2007_TAPE_5_exp_1.wav,400.301146,400.964355,r
KP_E_2007_TAPE_5_exp_1.wav,406.026852,406.778489,r
KP_E_2007_TAPE_5_exp_1.wav,406.933238,407.286950,r
KP_E_2007_TAPE_5_exp_1.wav,409.873466,410.470354,r
KP_E_2007_TAPE_5_exp_1.wav,410.558782,410.757745,r
KP_E_2007_TAPE_5_exp_1.wav,417.314402,418.108812,r
KP_E_2007_TAPE_5_exp_1.wav,427.337975,428.001185,r
KP_E_2007_TAPE_5_exp_1.wav,428.178040,428.509645,r
KP_E_2007_TAPE_5_exp_1.wav,430.878624,431.322713,r
KP_E_2007_TAPE_5_exp_1.wav,431.508944,431.698359,r
KP_E_2007_TAPE_5_exp_1.wav,442.340010,443.098884,r
KP_E_2007_TAPE_5_exp_1.wav,444.985719,445.592818,r
KP_E_2007_TAPE_5_exp_1.wav,445.734244,445.948109,r
KP_E_2007_TAPE_5_exp_1.wav,459.944436,460.537027,r
KP_E_2007_TAPE_5_exp_1.wav,460.734931,460.875811,r
KP_E_2007_TAPE_5_exp_1.wav,467.953770,468.601335,r
KP_E_2007_TAPE_5_exp_1.wav,468.745756,468.918129,r
KP_E_2007_TAPE_5_exp_1.wav,470.455513,471.047173,r
KP_E_2007_TAPE_5_exp_1.wav,471.186935,471.513046,r
KP_E_2007_TAPE_5_exp_1.wav,471.732007,472.058119,r
KP_E_2007_TAPE_5_exp_1.wav,474.080012,474.583155,r
KP_E_2007_TAPE_5_exp_1.wav,474.774164,474.969831,r
KP_E_2007_TAPE_5_exp_1.wav,482.256288,482.885669,r
KP_E_2007_TAPE_5_exp_1.wav,483.015247,483.192955,r
KP_E_2007_TAPE_5_exp_1.wav,485.658649,486.184367,r
KP_E_2007_TAPE_5_exp_1.wav,486.313946,486.584209,r
KP_E_2007_TAPE_5_exp_1.wav,492.973128,493.619711,r
KP_E_2007_TAPE_5_exp_1.wav,493.754712,493.932345,r
KP_E_2007_TAPE_5_exp_1.wav,496.703417,497.307369,r
KP_E_2007_TAPE_5_exp_1.wav,499.062382,499.581070,r
KP_E_2007_TAPE_5_exp_1.wav,499.680544,499.964757,r
KP_E_2007_TAPE_5_exp_1.wav,502.387669,502.899251,r
KP_E_2007_TAPE_5_exp_1.wav,506.749489,507.288670,r
KP_E_2007_TAPE_5_exp_1.wav,507.448428,507.608185,r
KP_E_2007_TAPE_5_exp_1.wav,516.694386,517.303461,r
KP_E_2007_TAPE_5_exp_1.wav,517.503158,517.692869,r
KP_E_2007_TAPE_5_exp_1.wav,519.899518,520.468654,r
KP_E_2007_TAPE_5_exp_1.wav,520.608442,520.927956,r
KP_E_2007_TAPE_5_exp_1.wav,527.057450,527.527074,r
KP_E_2007_TAPE_5_exp_1.wav,527.671573,527.960573,r
KP_E_2007_TAPE_5_exp_1.wav,534.740014,535.281888,r
KP_E_2007_TAPE_5_exp_1.wav,535.414346,535.763554,r
KP_E_2007_TAPE_5_exp_1.wav,541.591706,542.121538,r
KP_E_2007_TAPE_5_exp_1.wav,542.217871,542.675453,r
L_KP_TP8_exp_5_cut.wav,119.829870,120.192267,r
L_KP_TP8_exp_5_cut.wav,122.847907,122.955212,s
L_KP_TP8_exp_5_cut.wav,123.041056,123.584735,r
L_KP_TP8_exp_5_cut.wav,125.402538,125.499594,s
L_KP_TP8_exp_5_cut.wav,125.604458,126.541547,r
L_KP_TP8_exp_5_cut.wav,128.406847,128.497293,s
L_KP_TP8_exp_5_cut.wav,128.571026,129.363410,r
L_KP_TP8_exp_5_cut.wav,130.984213,131.067924,s
L_KP_TP8_exp_5_cut.wav,131.157407,132.082552,r
L_KP_TP8_exp_5_cut.wav,132.177809,132.457806,r
L_KP_TP8_exp_5_cut.wav,134.268595,135.095185,r
L_KP_TP8_exp_5_cut.wav,136.637371,137.356749,r
L_KP_TP8_exp_5_cut.wav,137.482817,137.753465,r
L_KP_TP8_exp_5_cut.wav,138.920500,139.749901,r
L_KP_TP8_exp_5_cut.wav,141.597561,141.994806,r
L_KP_TP8_exp_5_cut.wav,142.783413,142.853847,s
L_KP_TP8_exp_5_cut.wav,142.955723,143.699046,r
L_KP_TP8_exp_5_cut.wav,143.855005,144.261254,r
L_KP_TP8_exp_5_cut.wav,148.423459,148.491992,s
L_KP_TP8_exp_5_cut.wav,148.605756,149.731062,r
L_KP_TP8_exp_5_cut.wav,149.969555,150.336890,r
L_KP_TP8_exp_5_cut.wav,151.489973,151.555643,s
L_KP_TP8_exp_5_cut.wav,151.691002,152.499139,r
L_KP_TP8_exp_5_cut.wav,152.655941,153.146452,r
L_KP_TP8_exp_5_cut.wav,155.299163,155.370315,s
L_KP_TP8_exp_5_cut.wav,155.474375,156.210799,r
L_KP_TP8_exp_5_cut.wav,157.411419,157.459222,s
L_KP_TP8_exp_5_cut.wav,157.584804,158.289685,r
L_KP_TP8_exp_5_cut.wav,159.442409,159.496352,s
L_KP_TP8_exp_5_cut.wav,159.618949,160.353552,r
L_KP_TP8_exp_5_cut.wav,160.521265,160.760574,r
L_KP_TP8_exp_5_cut.wav,162.503198,162.590134,s
L_KP_TP8_exp_5_cut.wav,162.668499,163.404393,r
L_KP_TP8_exp_5_cut.wav,163.601529,163.980600,r
L_KP_TP8_exp_5_cut.wav,165.862722,165.976621,s
L_KP_TP8_exp_5_cut.wav,166.076283,166.829085,r
L_KP_TP8_exp_5_cut.wav,166.996375,167.108494,s
L_KP_TP8_exp_5_cut.wav,167.197478,167.918246,r
L_KP_TP8_exp_5_cut.wav,168.238588,168.606980,r
L_KP_TP8_exp_5_cut.wav,170.305359,170.401358,s
L_KP_TP8_exp_5_cut.wav,170.439938,171.574885,r
L_KP_TP8_exp_5_cut.wav,173.518586,173.602481,s
L_KP_TP8_exp_5_cut.wav,173.711635,174.649812,r
L_KP_TP8_exp_5_cut.wav,176.820389,176.892385,s
L_KP_TP8_exp_5_cut.wav,176.988650,177.823479,r
L_KP_TP8_exp_5_cut.wav,183.674664,183.775980,s
L_KP_TP8_exp_5_cut.wav,183.830534,185.393128,r
L_KP_TP8_exp_5_cut.wav,186.940064,187.031423,s
L_KP_TP8_exp_5_cut.wav,187.103123,188.269984,r
L_KP_TP8_exp_5_cut.wav,191.872491,191.958806,s
L_KP_TP8_exp_5_cut.wav,192.037579,192.863018,r
L_KP_TP8_exp_5_cut.wav,194.700064,194.800524,s
L_KP_TP8_exp_5_cut.wav,194.876343,195.970032,r
L_KP_TP8_exp_5_cut.wav,197.404273,197.489273,s
L_KP_TP8_exp_5_cut.wav,197.595321,198.576466,r
L_KP_TP8_exp_5_cut.wav,200.728831,200.830882,s
L_KP_TP8_exp_5_cut.wav,200.886632,201.892968,r
L_KP_TP8_exp_5_cut.wav,203.780439,203.875931,s
L_KP_TP8_exp_5_cut.wav,203.958690,204.756573,r
L_KP_TP8_exp_5_cut.wav,206.271701,206.636690,r
L_KP_TP8_exp_5_cut.wav,208.417493,208.522297,s
L_KP_TP8_exp_5_cut.wav,208.597381,209.729889,r
L_KP_TP8_exp_5_cut.wav,210.682364,210.764917,s
L_KP_TP8_exp_5_cut.wav,210.859742,211.869342,r
L_KP_TP8_exp_5_cut.wav,214.315596,214.420461,s
L_KP_TP8_exp_5_cut.wav,214.490742,215.462414,r
L_KP_TP8_exp_5_cut.wav,216.740386,216.838593,s
L_KP_TP8_exp_5_cut.wav,216.914732,217.805220,r
L_KP_TP8_exp_5_cut.wav,219.970906,220.071648,s
L_KP_TP8_exp_5_cut.wav,220.162641,221.111564,r
L_KP_TP8_exp_5_cut.wav,221.387791,221.758261,r
L_KP_TP8_exp_5_cut.wav,222.983953,223.077662,s
L_KP_TP8_exp_5_cut.wav,223.179180,224.153082,r
L_KP_TP8_exp_5_cut.wav,224.396253,225.296451,r
L_KP_TP8_exp_5_cut.wav,225.522006,225.947830,r
L_KP_TP8_exp_5_cut.wav,227.757256,228.469039,r
L_KP_TP8_exp_5_cut.wav,228.738267,229.070842,r
L_KP_TP8_exp_5_cut.wav,230.910781,231.538412,r
L_KP_TP8_exp_5_cut.wav,232.137935,232.214421,s
L_KP_TP8_exp_5_cut.wav,232.282289,232.830621,r
L_KP_TP8_exp_5_cut.wav,233.057925,233.481293,r
L_KP_TP8_exp_5_cut.wav,235.339714,236.106275,r
L_KP_TP8_exp_5_cut.wav,236.292570,236.912538,r
L_KP_TP8_exp_5_cut.wav,237.082036,237.477532,r
L_KP_TP8_exp_5_cut.wav,238.166281,238.295485,r
L_KP_TP8_exp_5_cut.wav,239.344447,239.422260,s
L_KP_TP8_exp_5_cut.wav,239.539616,240.368766,r
L_KP_TP8_exp_5_cut.wav,240.452956,240.718284,r
L_KP_TP8_exp_5_cut.wav,240.986163,241.188986,r
L_KP_TP8_exp_5_cut.wav,242.200467,242.294341,s
L_KP_TP8_exp_5_cut.wav,242.369704,244.117613,r
L_KP_TP8_exp_5_cut.wav,246.139595,246.217948,s
L_KP_TP8_exp_5_cut.wav,246.303675,247.501086,r
L_KP_TP8_exp_5_cut.wav,248.986934,249.290661,r
L_KP_TP8_exp_5_cut.wav,251.388966,251.898244,r
L_KP_TP8_exp_5_cut.wav,258.000856,258.109907,s
L_KP_TP8_exp_5_cut.wav,258.181416,259.372039,r
L_KP_TP8_exp_5_cut.wav,266.222880,267.632313,r
L_KP_TP8_exp_5_cut.wav,269.724841,270.755010,r
L_KP_TP8_exp_5_cut.wav,270.911801,271.099216,r
L_KP_TP8_exp_5_cut.wav,272.993205,273.360363,r
L_KP_TP8_exp_5_cut.wav,274.676231,274.887315,r
L_KP_TP8_exp_5_cut.wav,277.299129,278.297063,r
L_KP_TP8_exp_5_cut.wav,278.518002,278.934672,r
L_KP_TP8_exp_5_cut.wav,280.749229,281.352614,r
L_KP_TP8_exp_5_cut.wav,281.557114,282.085216,r
L_KP_TP8_exp_5_cut.wav,282.946197,283.070366,s
L_KP_TP8_exp_5_cut.wav,283.164971,284.209572,r
L_KP_TP8_exp_5_cut.wav,284.292352,284.930938,r
L_KP_TP8_exp_5_cut.wav,285.155626,285.549815,r
L_KP_TP8_exp_5_cut.wav,286.574329,287.347198,r
L_KP_TP8_exp_5_cut.wav,287.520107,287.826469,r
L_KP_TP8_exp_5_cut.wav,289.210792,289.682539,r
L_KP_TP8_exp_5_cut.wav,290.971739,291.385868,r
L_KP_TP8_exp_5_cut.wav,293.150416,294.198342,r
L_KP_TP8_exp_5_cut.wav,295.420441,295.727637,r
L_KP_TP8_exp_5_cut.wav,298.392389,299.292546,r
L_KP_TP8_exp_5_cut.wav,299.428285,299.928372,r
L_KP_TP8_exp_5_cut.wav,301.114294,301.814416,r
L_KP_TP8_exp_5_cut.wav,301.971586,302.450242,r
L_KP_TP8_exp_5_cut.wav,303.957648,304.214836,r
L_KP_TP8_exp_5_cut.wav,305.222155,305.579360,r
L_KP_TP8_exp_5_cut.wav,308.108920,309.222338,r
L_KP_TP8_exp_5_cut.wav,309.484735,309.810960,r
L_KP_TP8_exp_5_cut.wav,311.825040,312.356928,r
L_KP_TP8_exp_5_cut.wav,314.477386,315.179477,r
L_KP_TP8_exp_5_cut.wav,317.853098,318.739577,r
L_KP_TP8_exp_5_cut.wav,318.987791,319.299832,r
L_KP_TP8_exp_8.wav,194.019253,194.128994,s
L_KP_TP8_exp_8.wav,194.181546,195.402606,r
L_KP_TP8_exp_8.wav,195.447430,195.543260,s
L_KP_TP8_exp_8.wav,195.631362,196.071871,r
L_KP_TP8_exp_8.wav,197.838492,197.947759,s
L_KP_TP8_exp_8.wav,197.947759,199.658424,r
L_KP_TP8_exp_8.wav,199.936072,200.290744,r
L_KP_TP8_exp_8.wav,200.988099,201.687325,r
L_KP_TP8_exp_8.wav,201.829398,202.102403,r
L_KP_TP8_exp_8.wav,202.296948,202.377789,s
L_KP_TP8_exp_8.wav,202.461740,203.935531,r
L_KP_TP8_exp_8.wav,204.035028,204.818563,r
L_KP_TP8_exp_8.wav,204.974026,205.546131,r
L_KP_TP8_exp_8.wav,205.695376,206.227060,r
L_KP_TP8_exp_8.wav,206.457146,207.281101,r
L_KP_TP8_exp_8.wav,208.371282,208.494742,s
L_KP_TP8_exp_8.wav,208.543244,209.788867,r
L_KP_TP8_exp_8.wav,210.055629,210.917645,r
L_KP_TP8_exp_8.wav,212.610619,212.722648,s
L_KP_TP8_exp_8.wav,212.754017,213.892235,r
L_KP_TP8_exp_8.wav,214.031152,214.654035,r
L_KP_TP8_exp_8.wav,214.797433,215.379986,r
L_KP_TP8_exp_8.wav,215.518902,215.850509,r
L_KP_TP8_exp_8.wav,216.011832,216.388251,r
L_KP_TP8_exp_8.wav,216.603347,217.064908,r
L_KP_TP8_exp_8.wav,217.275524,217.710198,r
L_KP_TP8_exp_8.wav,217.907369,218.351006,r
L_KP_TP8_exp_8.wav,218.543697,218.772237,r
L_KP_TP8_exp_8.wav,220.109106,220.760434,r
L_KP_TP8_exp_8.wav,220.919647,222.070327,r
L_KP_TP8_exp_8.wav,222.244015,222.743367,r
L_KP_TP8_exp_8.wav,222.895343,223.409169,r
L_KP_TP8_exp_8.wav,223.553908,224.053260,r
L_KP_TP8_exp_8.wav,224.198000,224.661166,r
L_KP_TP8_exp_8.wav,224.813143,225.319731,r
L_KP_TP8_exp_8.wav,225.435523,225.876979,r
L_KP_TP8_exp_8.wav,226.000008,226.463174,r
L_KP_TP8_exp_8.wav,226.564492,227.128977,r
L_KP_TP8_exp_8.wav,227.244768,227.729646,r
L_KP_TP8_exp_8.wav,227.816490,228.330315,r
L_KP_TP8_exp_8.wav,228.475055,228.902037,r
L_KP_TP8_exp_8.wav,229.205990,229.575076,r
L_KP_TP8_exp_8.wav,229.770474,230.146797,r
L_KP_TP8_exp_8.wav,230.414566,230.841547,r
L_KP_TP8_exp_8.wav,240.490868,240.631969,s
L_KP_TP8_exp_8.wav,240.820105,241.025878,r
L_KP_TP8_exp_8.wav,241.166980,241.543251,r
L_KP_TP8_exp_8.wav,241.754903,242.242880,r
L_KP_TP8_exp_8.wav,242.536841,243.301142,r
L_KP_TP8_exp_8.wav,243.401089,243.989012,r
L_KP_TP8_exp_8.wav,244.083080,244.418197,r
L_KP_TP8_exp_8.wav,244.582815,245.094309,r
L_KP_TP8_exp_8.wav,245.217772,245.705749,r
L_KP_TP8_exp_8.wav,245.888005,246.287793,r
L_KP_TP8_exp_8.wav,246.464170,246.893354,r
L_KP_TP8_exp_8.wav,247.263746,247.651776,r
L_KP_TP8_exp_8.wav,248.139752,248.474869,r
L_KP_TP8_exp_8.wav,248.698279,249.103947,r
L_KP_TP8_exp_8.wav,250.879066,250.917291,s
L_KP_TP8_exp_8.wav,250.929153,251.604014,r
L_KP_TP8_exp_8.wav,251.781955,252.093024,r
L_KP_TP8_exp_8.wav,254.935186,254.980504,s
L_KP_TP8_exp_8.wav,255.068066,255.528154,r
L_KP_TP8_exp_8.wav,257.887424,258.162496,r
L_KP_TP8_exp_8.wav,260.366274,260.435402,s
L_KP_TP8_exp_8.wav,260.542935,260.924422,r
L_KP_TP8_exp_8.wav,261.325110,261.780846,r
L_KP_TP8_exp_8.wav,263.361567,263.434393,s
L_KP_TP8_exp_8.wav,263.558198,263.950552,r
L_KP_TP8_exp_8.wav,264.084371,264.361112,r
L_KP_TP8_exp_8.wav,267.329074,267.407135,s
L_KP_TP8_exp_8.wav,267.487055,268.027652,r
L_KP_TP8_exp_8.wav,271.325262,271.447939,s
L_KP_TP8_exp_8.wav,271.506493,272.371041,r
L_KP_TP8_exp_8.wav,272.513518,273.174724,r
L_KP_TP8_exp_8.wav,273.286770,273.801022,r
L_KP_TP8_exp_8.wav,273.951569,274.428587,r
L_KP_TP8_exp_8.wav,274.650180,275.002022,r
L_KP_TP8_exp_8.wav,275.250680,275.822424,r
L_KP_TP8_exp_8.wav,275.908190,276.418816,r
L_KP_TP8_exp_8.wav,276.552480,277.061605,r
L_KP_TP8_exp_8.wav,277.153218,277.665346,r
L_KP_TP8_exp_8.wav,277.842564,278.411420,r
L_KP_TP8_exp_8.wav,278.578742,278.855618,r
L_KP_TP8_exp_8.wav,279.028915,279.489048,r
L_KP_TP8_exp_8.wav,279.664337,280.068697,r
L_KP_TP8_exp_8.wav,280.269880,280.666272,r
L_KP_TP8_exp_8.wav,283.472197,283.573279,s
L_KP_TP8_exp_8.wav,283.628215,284.201745,r
L_KP_TP8_exp_8.wav,285.263106,285.357596,s
L_KP_TP8_exp_8.wav,285.469665,286.610133,r
L_KP_TP8_exp_8.wav,290.185169,290.280478,s
L_KP_TP8_exp_8.wav,290.363164,290.786062,r
L_KP_TP8_exp_8.wav,295.273289,295.384378,s
L_KP_TP8_exp_8.wav,295.453809,295.812325,r
L_KP_TP8_exp_8.wav,295.970123,296.857576,r
L_KP_TP8_exp_8.wav,298.731959,298.830916,s
L_KP_TP8_exp_8.wav,298.839647,299.797197,r
L_KP_TP8_exp_8.wav,302.808710,303.940889,r
L_KP_TP8_exp_8.wav,304.028204,304.703437,r
L_KP_TP8_exp_8.wav,304.825677,305.355386,r
L_KP_TP8_exp_8.wav,305.596956,305.928752,r
L_KP_TP8_exp_8.wav,307.271553,307.372543,s
L_KP_TP8_exp_8.wav,307.429350,309.144083,r
L_KP_TP8_exp_8.wav,317.863245,317.998250,s
L_KP_TP8_exp_8.wav,318.038751,318.661122,r
L_KP_TP8_exp_8.wav,318.809627,319.296993,r
L_KP_TP8_exp_8.wav,325.118895,325.895539,r
L_KP_TP8_exp_8.wav,328.228908,328.352621,s
L_KP_TP8_exp_8.wav,328.417915,329.338891,r
L_KP_TP8_exp_8.wav,331.270725,331.847948,r
L_KP_TP8_exp_8.wav,332.027943,332.499652,r
L_KP_TP8_exp_8.wav,333.970640,334.082361,s
L_KP_TP8_exp_8.wav,334.156841,335.410595,r
L_KP_TP8_exp_8.wav,335.671276,336.589868,r
L_KP_TP8_exp_8.wav,336.782276,337.347085,r
L_KP_TP8_exp_8.wav,337.502253,338.085683,r
L_KP_TP8_exp_8.wav,338.271884,338.569806,r
L_KP_TP8_exp_8.wav,339.351850,339.699425,r
L_KP_TP8_exp_8.wav,342.767378,342.864879,s
L_KP_TP8_exp_8.wav,342.907082,343.524105,r
L_KP_TP8_exp_8.wav,345.130114,345.217078,s
L_KP_TP8_exp_8.wav,345.274148,345.782343,r
L_KP_TP8_exp_8.wav,345.969859,346.980815,r
L_KP_TP8_exp_8.wav,347.222684,347.948289,r
L_KP_TP8_exp_8.wav,348.478226,348.774447,r
L_KP_TP8_exp_8.wav,350.504894,351.060342,r
L_KP_TP8_exp_8.wav,351.272421,352.262127,r
L_KP_TP8_exp_8.wav,352.567623,352.650940,s
L_KP_TP8_exp_8.wav,352.698911,353.171041,r
L_KP_TP8_exp_8.wav,353.398269,353.628022,r
L_KP_TP8_exp_8.wav,354.852255,355.748194,r
L_KP_TP8_exp_8.wav,355.894104,356.285758,r
L_KP_TP8_exp_8.wav,356.418869,356.508463,s
L_KP_TP8_exp_8.wav,356.539181,357.463278,r
L_KP_TP8_exp_8.wav,357.627107,357.985482,r
L_KP_TP8_exp_8.wav,360.293844,361.097080,r
L_KP_TP8_exp_8.wav,361.282927,361.837318,r
L_KP_TP8_exp_8.wav,362.023165,362.290910,r
L_KP_TP8_exp_8.wav,362.873650,363.320943,r
L_KP_TP8_exp_8.wav,363.799735,364.574622,r
L_KP_TP8_exp_8.wav,366.429897,366.510064,s
L_KP_TP8_exp_8.wav,366.555874,367.197210,r
L_KP_TP8_exp_8.wav,367.287398,368.416894,r
L_KP_TP8_exp_8.wav,368.456977,369.402030,r
L_KP_TP8_exp_8.wav,369.504140,370.134179,r
L_KP_TP8_exp_8.wav,370.334921,371.042938,r
L_KP_TP8_exp_8.wav,371.197003,371.686385,r
L_KP_TP8_exp_8.wav,372.860757,373.609316,r
L_KP_TP8_exp_8.wav,384.535450,384.675095,s
L_KP_TP8_exp_8.wav,384.724831,385.428792,r
L_KP_TP8_exp_8.wav,385.564611,386.609074,r
L_KP_TP8_exp_8.wav,386.760196,387.167652,r
L_KP_TP8_exp_8.wav,388.889381,388.960171,s
L_KP_TP8_exp_8.wav,389.014370,389.856108,r
L_KP_TP8_exp_8.wav,389.890397,390.424640,r
L_KP_TP8_exp_8.wav,390.825982,390.937183,s
L_KP_TP8_exp_8.wav,390.995578,391.583884,r
L_KP_TP8_exp_8.wav,392.984419,393.941039,r
L_KP_TP8_exp_8.wav,397.740893,398.737378,r
L_KP_TP8_exp_8.wav,399.908504,400.018083,s
L_KP_TP8_exp_8.wav,400.066024,400.545433,r
L_KP_TP8_exp_8.wav,400.613920,401.531645,r
L_KP_TP8_exp_8.wav,401.716559,401.870655,r
L_KP_TP8_exp_8.wav,406.872550,407.460568,r
L_KP_TP8_exp_8.wav,408.272593,408.382263,s
L_KP_TP8_exp_8.wav,408.431265,409.415961,r
L_KP_TP8_exp_8.wav,410.673442,410.789627,s
L_KP_TP8_exp_8.wav,410.830507,411.213489,r
L_KP_TP8_exp_8.wav,411.564196,412.528105,r
L_KP_TP8_exp_8.wav,412.680867,413.061697,r
L_KP_TP8_exp_8.wav,414.499188,414.573069,s
L_KP_TP8_exp_8.wav,414.614828,415.337577,r
L_KP_TP8_exp_8.wav,417.531523,418.350639,r
L_KP_TP8_exp_8.wav,420.149810,420.240964,s
L_KP_TP8_exp_8.wav,420.269450,421.491487,r
L_KP_TP8_exp_8.wav,422.435186,422.500218,s
L_KP_TP8_exp_8.wav,422.554705,423.134723,r
L_KP_TP8_exp_8.wav,423.669042,424.055720,r
L_KP_TP8_exp_8.wav,429.073815,430.187348,r
L_KP_TP8_exp_8.wav,434.042005,434.840167,r
L_KP_TP8_exp_8.wav,434.913489,435.022425,s
L_KP_TP8_exp_8.wav,435.058039,436.118066,r
L_KP_TP8_exp_8.wav,437.640505,437.734192,s
L_KP_TP8_exp_8.wav,437.778907,438.341031,r
L_KP_TP8_exp_8.wav,438.694488,439.250224,r
L_KP_TP8_exp_8.wav,439.454633,439.771893,r
L_KP_TP8_exp_8.wav,442.090523,442.708214,r
L_KP_TP8_exp_8.wav,447.439758,448.431409,r
L_KP_TP8_exp_8.wav,450.431160,450.512209,s
L_KP_TP8_exp_8.wav,450.578147,451.366660,r
L_KP_TP8_exp_8.wav,456.186566,457.206549,r
L_KP_TP8_exp_8.wav,457.418101,457.676875,r
L_KP_TP8_exp_8.wav,461.400330,462.389405,r
L_KP_TP8_exp_8.wav,465.544787,466.024728,r
L_KP_TP8_exp_8.wav,469.654382,469.743673,s
L_KP_TP8_exp_8.wav,469.808410,470.375411,r
L_KP_TP8_exp_8.wav,472.776850,472.878745,s
L_KP_TP8_exp_8.wav,472.912710,473.977442,r
L_KP_TP8_exp_8.wav,477.121625,478.047612,r
L_KP_TP8_exp_8.wav,481.347606,481.447200,s
L_KP_TP8_exp_8.wav,481.493563,482.489506,r
L_KP_TP8_exp_8.wav,485.120222,485.955853,r
L_KP_TP8_exp_8.wav,486.134161,486.397090,r
L_KP_TP8_exp_8.wav,487.302406,487.397020,s
L_KP_TP8_exp_8.wav,487.439434,488.163725,r
L_KP_TP8_exp_8.wav,488.238764,489.103346,r
L_KP_TP8_exp_8.wav,489.259950,489.857000,r
L_KP_TP8_exp_8.wav,491.201181,491.814544,r
L_KP_TP8_exp_8.wav,494.849650,495.203244,r
L_KP_TP8_exp_8.wav,496.497077,496.605566,s
L_KP_TP8_exp_8.wav,496.661820,497.324809,r
L_KP_TP8_exp_8.wav,497.489552,497.774838,r
L_KP_TP8_exp_8.wav,498.096288,499.140998,r
L_KP_TP8_exp_8.wav,499.337885,499.908458,r
L_KP_TP8_exp_8.wav,502.942200,503.054844,s
L_KP_TP8_exp_8.wav,503.083006,504.220716,r
L_KP_TP8_exp_8.wav,504.330545,504.446006,r
L_KP_TP8_exp_8.wav,505.313369,506.121594,r
L_KP_TP8_exp_8.wav,506.335619,506.521483,r
L_KP_TP8_exp_8.wav,508.365525,509.117737,r
L_KP_TP8_exp_8.wav,509.264141,509.528340,r
L_KP_TP8_exp_8.wav,514.953582,515.056886,s
L_KP_TP8_exp_8.wav,515.057783,516.333891,r
L_KP_TP8_exp_8.wav,522.877251,523.726598,r
L_KP_TP8_exp_8.wav,523.930631,524.128732,r
L_KP_TP8_exp_8.wav,524.833072,524.924457,s
L_KP_TP8_exp_8.wav,524.967974,526.093612,r
L_KP_TP8_exp_8.wav,526.124074,526.450450,r
L_KP_TP8_exp_8.wav,528.869489,528.933720,s
L_KP_TP8_exp_8.wav,528.967818,529.835332,r
L_KP_TP8_exp_8.wav,530.615125,531.309784,r
L_KP_TP8_exp_8.wav,533.885674,534.438423,r
L_KP_TP8_exp_8.wav,534.578186,535.166664,r
L_KP_TP8_exp_8.wav,536.192593,536.972822,r
L_KP_TP8_exp_8.wav,537.090202,537.487714,r
L_KP_TP8_exp_8.wav,539.402096,540.232102,r
L_KP_TP8_exp_8.wav,546.088687,546.832961,r
L_KP_TP8_exp_8.wav,546.994760,547.358807,r
L_KP_TP8_exp_8.wav,547.540831,547.613640,s
L_KP_TP8_exp_8.wav,547.690495,549.009154,r
L_KP_TP8_exp_8.wav,549.146683,549.389381,r
L_KP_TP8_exp_8.wav,549.446011,549.761518,r
L_KP_TP8_exp_8.wav,549.979946,550.473432,r
L_KP_TP8_exp_8.wav,550.590737,550.845569,r
L_KP_TP8_exp_8.wav,552.909890,553.455250,r
L_KP_TP8_exp_8.wav,554.850745,554.931988,s
L_KP_TP8_exp_8.wav,554.981561,556.008810,r
L_KP_TP8_exp_8.wav,559.817151,560.458537,r
L_KP_TP8_exp_8.wav,563.362305,564.001324,r
L_KP_TP8_exp_8.wav,572.358922,573.004740,r
L_KP_TP8_exp_8.wav,573.858142,573.935986,s
L_KP_TP8_exp_8.wav,574.045544,575.412141,r
L_KP_TP8_exp_8.wav,584.690582,585.437309,r
L_KP_TP8_exp_8.wav,585.614621,585.930322,r
L_KP_TP8_exp_8.wav,600.365205,601.197866,r
L_KP_TP8_exp_8.wav,601.390304,601.664157,r
L_KP_TP8_exp_8.wav,603.462704,603.980804,r
L_KP_TP8_exp_8.wav,604.165840,604.513707,r
L_KP_TP8_exp_8.wav,607.938638,608.856466,r
L_KP_TP8_exp_8.wav,609.062128,609.300083,r
L_KP_TP8_exp_8.wav,610.827592,610.911610,s
L_KP_TP8_exp_8.wav,611.024755,611.718186,r
L_KP_TP8_exp_8.wav,616.199823,617.170419,r
L_KP_TP8_exp_8.wav,620.498253,620.602552,s
L_KP_TP8_exp_8.wav,620.688019,621.323951,r
L_KP_TP8_exp_8.wav,621.367409,621.539792,r
L_KP_TP8_exp_8.wav,647.282102,647.376414,s
L_KP_TP8_exp_8.wav,647.462596,647.735777,r
L_KP_TP8_exp_8.wav,663.997223,664.091535,s
L_KP_TP8_exp_8.wav,664.224952,664.721817,r
L_KP_TP8_exp_8.wav,674.694302,674.769656,s
L_KP_TP8_exp_8.wav,674.866110,675.461411,r
L_KP_TP8_exp_8.wav,689.833074,689.908429,s
L_KP_TP8_exp_8.wav,689.986798,690.446461,r
L_KP_TP8_exp_9_ONLY_SNORTS.wav,133.722545,133.775124,s
L_KP_TP8_exp_9_ONLY_SNORTS.wav,135.847058,135.886120,s
L_KP_TP8_exp_9_ONLY_SNORTS.wav,148.818903,148.907169,s
L_KP_TP8_exp_9_ONLY_SNORTS.wav,157.027184,157.120496,s
L_KP_TP8_exp_9_ONLY_SNORTS.wav,166.183165,166.271334,s
L_KP_TP8_exp_9_ONLY_SNORTS.wav,237.891735,237.987470,s
L_KP_TP9_exp_2.wav,118.592376,118.663874,s
L_KP_TP9_exp_2.wav,118.663874,119.425112,r
L_KP_TP9_exp_2.wav,124.239270,124.315982,s
L_KP_TP9_exp_2.wav,124.400039,125.405461,r
L_KP_TP9_exp_2.wav,126.792317,126.878509,s
L_KP_TP9_exp_2.wav,126.934351,128.525853,r
L_KP_TP9_exp_2.wav,128.681862,128.906622,r
L_KP_TP9_exp_2.wav,129.225832,130.178857,r
L_KP_TP9_exp_2.wav,130.350313,130.915893,r
L_KP_TP9_exp_2.wav,131.098482,131.641796,r
L_KP_TP9_exp_2.wav,131.822158,132.296444,r
L_KP_TP9_exp_2.wav,132.438952,132.790770,r
L_KP_TP9_exp_2.wav,134.186453,134.270652,s
L_KP_TP9_exp_2.wav,134.323978,135.034993,r
L_KP_TP9_exp_2.wav,135.237071,135.354014,r
L_KP_TP9_exp_2.wav,136.639058,136.740440,s
L_KP_TP9_exp_2.wav,136.791131,138.129382,r
L_KP_TP9_exp_2.wav,138.220626,138.997893,r
L_KP_TP9_exp_2.wav,139.099275,139.650121,r
L_KP_TP9_exp_2.wav,139.829230,140.238140,r
L_KP_TP9_exp_2.wav,140.305728,140.579461,r
L_KP_TP9_exp_2.wav,140.738294,141.380384,r
L_KP_TP9_exp_2.wav,141.549355,141.894056,r
L_KP_TP9_exp_2.wav,142.951390,143.020773,s
L_KP_TP9_exp_2.wav,143.063006,144.236486,r
L_KP_TP9_exp_2.wav,144.405419,144.836801,r
L_KP_TP9_exp_2.wav,146.046480,146.127930,s
L_KP_TP9_exp_2.wav,146.206363,147.002761,r
L_KP_TP9_exp_2.wav,148.045655,148.115709,s
L_KP_TP9_exp_2.wav,148.183069,149.345703,r
L_KP_TP9_exp_2.wav,149.460215,150.114269,r
L_KP_TP9_exp_2.wav,150.261070,150.819753,r
L_KP_TP9_exp_2.wav,150.927717,151.402546,r
L_KP_TP9_exp_2.wav,151.546147,151.922446,r
L_KP_TP9_exp_2.wav,152.086065,152.588176,r
L_KP_TP9_exp_2.wav,152.694802,153.047637,r
L_KP_TP9_exp_2.wav,153.212423,153.570104,r
L_KP_TP9_exp_2.wav,153.726896,154.178576,r
L_KP_TP9_exp_2.wav,154.363540,154.694636,r
L_KP_TP9_exp_2.wav,154.897994,155.287338,r
L_KP_TP9_exp_2.wav,155.445198,155.841127,r
L_KP_TP9_exp_2.wav,156.044098,156.301679,r
L_KP_TP9_exp_2.wav,156.525584,156.754039,r
L_KP_TP9_exp_2.wav,157.512310,157.570509,s
L_KP_TP9_exp_2.wav,157.631941,158.185910,r
L_KP_TP9_exp_2.wav,158.343263,158.579292,r
L_KP_TP9_exp_2.wav,160.017350,160.114953,s
L_KP_TP9_exp_2.wav,160.185559,160.559358,r
L_KP_TP9_exp_2.wav,161.936183,162.017173,s
L_KP_TP9_exp_2.wav,162.071166,162.442888,r
L_KP_TP9_exp_7.wav,685.607379,685.697035,s
L_KP_TP9_exp_7.wav,688.732120,688.792465,s
L_KP_TP9_exp_7.wav,703.920362,704.008170,s
L_KP_TP9_exp_7.wav,710.859484,710.917070,s
L_KP_TP9_exp_7.wav,711.436100,711.718725,r
L_KP_TP9_exp_7.wav,728.244158,728.300340,s
L_KP_TP9_exp_7.wav,728.496559,728.908284,r
LP_KP_2006_TP8_exp_7_only_snorts.wav,152.672810,152.747167,s
LP_KP_2006_TP8_exp_7_only_snorts.wav,182.123282,182.214792,s
LP_KP_2006_TP8_exp_7_only_snorts.wav,182.615984,182.683956,s
MC_TP4_080607_BEFORE_EXP_cut.wav,5.732352,5.839920,s
MC_TP4_080607_BEFORE_EXP_cut.wav,5.960934,7.798553,r
MC_TP4_080607_BEFORE_EXP_cut.wav,7.838891,7.937495,s
MC_TP4_080607_BEFORE_EXP_cut.wav,7.995761,8.726327,r
MC_TP4_080607_BEFORE_EXP_cut.wav,8.856305,9.631691,r
MC_TP4_080607_BEFORE_EXP_cut.wav,9.721331,10.263652,r
MC_TP4_080607_BEFORE_EXP_cut.wav,10.425004,11.048002,r
MC_TP4_080607_BEFORE_EXP_cut.wav,11.151088,11.482756,r
MC_TP4_080607_BEFORE_EXP_cut.wav,11.536540,11.720302,r
MC_TP4_080607_BEFORE_EXP_cut.wav,18.532144,18.590589,s
MC_TP4_080607_BEFORE_EXP_cut.wav,18.740512,20.465903,r
MC_TP4_080607_BEFORE_EXP_cut.wav,20.582327,21.482437,r
MC_TP4_080607_BEFORE_EXP_cut.wav,21.590961,22.465537,r
MC_TP4_080607_BEFORE_EXP_cut.wav,22.567677,23.167751,r
MC_TP4_080607_BEFORE_EXP_cut.wav,23.308194,23.812511,r
MC_TP4_080607_BEFORE_EXP_cut.wav,23.940186,24.514725,r
MC_TP4_080607_BEFORE_EXP_cut.wav,24.584946,25.082880,r
MC_TP4_080607_BEFORE_EXP_cut.wav,25.236090,25.785094,r
MC_TP4_080607_BEFORE_EXP_cut.wav,25.912769,26.436238,r
MC_TP4_080607_BEFORE_EXP_cut.wav,26.544762,27.074614,r
MC_TP4_080607_BEFORE_EXP_cut.wav,27.176754,27.674688,r
MC_TP4_080607_BEFORE_EXP_cut.wav,27.815131,28.236459,r
MC_TP4_080607_BEFORE_EXP_cut.wav,28.440740,28.791847,r
MC_TP4_080607_BEFORE_EXP_cut.wav,32.781245,34.116761,r
MC_TP4_080607_BEFORE_EXP_cut.wav,34.418646,34.513806,s
MC_TP4_080607_BEFORE_EXP_cut.wav,34.651623,35.987139,r
MC_TP4_080607_BEFORE_EXP_cut.wav,36.101987,36.554815,r
MC_TP4_080607_BEFORE_EXP_cut.wav,36.725446,36.961704,r
MC_TP4_080607_BEFORE_EXP_cut.wav,38.766253,38.849165,s
MC_TP4_080607_BEFORE_EXP_cut.wav,38.919322,39.112784,r
MC_TP4_080607_BEFORE_EXP_cut.wav,39.276482,40.075841,r
MC_TP4_080607_BEFORE_EXP_cut.wav,40.088597,41.070788,r
MC_TP4_080607_BEFORE_EXP_cut.wav,42.275061,42.363580,s
MC_TP4_080607_BEFORE_EXP_cut.wav,42.425731,43.555757,r
MC_TP4_080607_BEFORE_EXP_cut.wav,43.666877,44.448478,r
MC_TP4_080607_BEFORE_EXP_cut.wav,44.570898,45.094476,r
MC_TP4_080607_BEFORE_EXP_cut.wav,45.260382,45.777776,r
MC_TP4_080607_BEFORE_EXP_cut.wav,45.937658,46.378442,r
MC_TP4_080607_BEFORE_EXP_cut.wav,46.528331,46.873630,r
MC_TP4_080607_BEFORE_EXP_cut.wav,47.062260,47.523391,r
MC_TP4_080607_BEFORE_EXP_cut.wav,47.675747,48.201884,r
MC_TP4_080607_BEFORE_EXP_cut.wav,48.333926,48.770680,r
MC_TP4_080607_BEFORE_EXP_cut.wav,48.971790,49.469487,r
MC_TP4_080607_BEFORE_EXP_cut.wav,49.611686,50.036497,r
MC_TP4_080607_BEFORE_EXP_cut.wav,50.263122,50.889921,r
MC_TP4_080607_BEFORE_EXP_cut.wav,50.924636,51.225499,r
MC_TP4_080607_BEFORE_EXP_cut.wav,51.366287,52.089517,r
MC_TP4_080607_BEFORE_EXP_cut.wav,52.423166,52.606384,r
MC_TP4_080607_BEFORE_EXP_cut.wav,52.643028,53.289113,r
MC_TP4_080607_BEFORE_EXP_cut.wav,53.873099,54.063147,r
MC_TP4_080607_BEFORE_EXP_cut.wav,54.274711,55.174751,r
MC_TP4_080607_BEFORE_EXP_cut.wav,55.332527,55.673180,r
MC_TP4_080607_BEFORE_EXP_cut.wav,60.797671,60.890134,s
MC_TP4_080607_BEFORE_EXP_cut.wav,60.996607,62.187426,r
MC_TP4_080607_BEFORE_EXP_cut.wav,62.299503,63.013994,r
MC_TP4_080607_BEFORE_EXP_cut.wav,63.136541,63.782703,r
MC_TP4_080607_BEFORE_EXP_cut.wav,63.918466,64.542287,r
MC_TP4_080607_BEFORE_EXP_cut.wav,64.684923,65.162670,r
MC_TP4_080607_BEFORE_EXP_cut.wav,65.325929,65.868980,r
MC_TP4_080607_BEFORE_EXP_cut.wav,66.021944,66.531416,r
MC_TP4_080607_BEFORE_EXP_cut.wav,66.683796,67.153249,r
MC_TP4_080607_BEFORE_EXP_cut.wav,67.336413,67.852042,r
MC_TP4_080607_BEFORE_EXP_cut.wav,68.005962,68.410769,r
MC_TP4_080607_BEFORE_EXP_cut.wav,68.772980,69.673840,r
MC_TP4_080607_BEFORE_EXP_cut.wav,69.920065,70.270973,r
MC_TP4_080607_BEFORE_EXP_cut.wav,70.496557,70.800284,r
MC_TP4_080607_BEFORE_EXP_cut.wav,71.465114,72.426736,r
MC_TP4_080607_BEFORE_EXP_cut.wav,72.601576,72.912253,r
MC_TP4_080607_BEFORE_EXP_cut.wav,88.762306,88.874506,s
MC_TP4_080607_BEFORE_EXP_cut.wav,88.874506,89.752304,r
MC_TP4_080607_BEFORE_EXP_cut.wav,89.953604,90.814902,r
MC_TP4_080607_BEFORE_EXP_cut.wav,90.998052,91.270302,r
MC_TP4_080607_BEFORE_EXP_cut.wav,96.711925,96.786892,s
MC_TP4_080607_BEFORE_EXP_cut.wav,96.921833,98.243756,r
MC_TP4_080607_BEFORE_EXP_cut.wav,100.862664,100.937273,s
MC_TP4_080607_BEFORE_EXP_cut.wav,101.019342,101.566472,r
MC_TP4_080607_BEFORE_EXP_cut.wav,101.572689,102.255358,r
MC_TP4_080607_BEFORE_EXP_cut.wav,102.272766,102.659487,r
MC_TP4_080607_BEFORE_EXP_cut.wav,110.817980,110.906410,s
MC_TP4_080607_BEFORE_EXP_cut.wav,111.021575,111.998421,r
MC_TP4_080607_BEFORE_EXP_cut.wav,112.095078,112.537229,r
MC_TP4_080607_BEFORE_EXP_cut.wav,122.616478,122.731978,s
MC_TP4_080607_BEFORE_EXP_cut.wav,122.830978,124.236775,r
MC_TP4_080607_BEFORE_EXP_cut.wav,124.365475,124.814274,r
MC_TP4_080607_BEFORE_EXP_cut.wav,129.600079,130.656077,r
MC_TP4_080607_BEFORE_EXP_cut.wav,135.228072,136.467340,r
MC_TP4_080607_BEFORE_EXP_cut.wav,136.659505,136.953635,r
MC_TP4_080607_BEFORE_EXP_cut.wav,137.251686,137.361495,s
MC_TP4_080607_BEFORE_EXP_cut.wav,137.455616,139.200787,r
MC_TP4_080607_BEFORE_EXP_cut.wav,139.443935,139.753752,r
MC_TP4_080607_BEFORE_EXP_cut.wav,151.998668,153.302261,r
MC_TP4_080607_BEFORE_EXP_cut.wav,154.814615,155.348114,r
MC_TP4_080607_BEFORE_EXP_cut.wav,155.371310,156.359443,r
MC_TP4_080607_BEFORE_EXP_cut.wav,156.484699,156.888303,r
