"h",30.778618793,33.5113955869,9.10415282096,45.3232573024,20.2712812429,0.392977738836,32.7446811974,13.3309278224,14.5748033266,15.7209976346,8.08168159871,-15.6680501694,-0.44533183786,-6.48643595837,0.764512642733,-3.03041215414,-12.8381302139,-5.24447830336,3.95225216666,5.86729499975
"h",-66.5763197324,44.7533263777,60.1020195986,-19.8008323436,16.447856934,-2.77298141603,-0.608740477353,14.5733973769,-0.958436231231,2.92517252832,-3.35275713437,-7.73961433946,-10.7444661353,17.2499113179,2.12035361365,-10.6523323446,4.78589193483,-0.707147668294,8.49561088225,-4.27850520766
"p",10.9825753504,-40.9088649966,11.5024114817,-5.92523595153,-0.0723713843629,-17.0740395294,7.12065263755,-4.98594976646,-3.76849394049,11.5765749204,0.861092259986,7.76241515196,13.858423398,4.60720007989,14.6467717373,-4.59346859297,6.32179974996,-3.38351502996,-5.29572468921,3.03153371951
"p",59.8618404876,-36.4938765108,4.54877423515,2.63852263928,-2.32414038844,-0.402476568965,9.3081385008,5.59294300382,9.31261436092,-11.8443741673,-1.09627834523,-9.58118409431,-9.75139864188,-1.60933724616,-4.24971026874,-0.507523265282,6.41348460595,-10.0098398396,-13.873999914,0.895163700447
"h",-102.986007675,18.799165703,-52.9758201932,3.09573375203,0.531110003409,-8.26046220771,3.43767346706,17.1040310534,-10.2518809472,-1.22604479001,-1.83247557006,-10.3930542809,5.95328794382,0.810814172796,7.20888226535,15.2135652516,3.97134482295,0.761450749616,-5.00239051338,-0.67549911325
"p",-38.5287582925,33.7083887142,-8.27494725605,-19.7658313871,-23.0570729965,13.079117132,10.9552329679,-11.3622011622,22.8596534441,-7.09471210552,-23.3276359328,-1.90444300831,9.25515754572,20.4554801259,-5.96026884679,-6.92920983501,4.13775110056,-0.114246124247,-10.0194456323,-9.84250961145
"h",-94.4398109511,33.1381691938,7.49840171636,-36.7963026964,15.0736172301,0.61613433763,-10.3290082798,-4.62055627513,-14.7928699659,-9.70340828399,5.89906710971,-3.19975415166,6.08233692494,-10.0091081694,-7.0146333483,16.1932610859,-13.3788619094,9.0756547199,-6.64631576034,-0.626731764928
"p",128.958913098,95.977057446,-41.7559760777,-26.3493459159,-23.8364240383,3.20056981735,-0.903358916782,-4.88152955583,-3.6776636479,2.46561653938,3.31654281825,1.85658063569,0.172315412821,0.916298778147,1.86684527252,1.69009605961,0.490430301268,-0.922701340205,1.38052898427,-2.16817778264
"h",61.6663109923,12.4502568999,-9.6596182706,-2.99984556674,42.6946399172,1.13177729093,-26.0920331147,-10.3083064738,24.9105401297,-9.93504144154,-14.6871631697,-10.4453676889,6.16628777431,10.9507015421,-0.815954090474,6.61071645195,-4.19640840663,-7.75697128628,3.41685549721,-2.02057636526
"p",112.634158367,-3.56434392477,69.1463914129,8.43701361823,3.3385979808,48.8237297886,2.49128029986,-1.92684917827,5.24748558024,-17.9490279608,29.8644188052,-11.8405155077,31.1812357669,-23.984337958,-21.1018905208,-0.929665543065,26.772882289,9.36251759687,23.1874309117,-14.3402666082
"p",0.157671296695,-47.9016604615,-6.80137884819,-16.5972664221,-8.61687117331,-4.91537341743,-0.161849650093,-5.46242680944,-4.4531690034,5.30907990996,1.1216880013,5.06686375691,-4.91087260435,-0.281119430293,-3.52234054947,-2.67331702639,-2.43865642648,4.48009501834,10.3155064698,-5.05827751107
"p",98.3368093147,71.3066848904,-35.2093020738,-40.2047781357,-19.290738707,3.5498017769,0.418246282813,-3.99491675296,1.81464539983,1.83415338958,3.05006339916,2.96498591545,-1.68407067131,0.170695400752,-1.92606138671,0.944571197837,-3.93626373262,0.162171200385,5.00279427406,3.23471721981
"p",34.1098829763,-48.965091155,17.5880501462,-20.6956720083,-4.84488601372,16.5943965133,-5.18342840538,-2.18152158858,-1.40845591626,15.4961910018,-0.373943030188,5.84029258242,5.91646480546,8.79837021875,-4.31017055862,1.25110393683,-5.95994605189,1.02194968664,4.52838001459,-8.19780864273
"p",79.1502784341,-29.7361711295,10.1912413043,-0.0353189437038,-5.73149519683,1.67429975172,-5.33850992439,3.43313511007,7.95192222669,-7.16554963446,2.29008536709,-14.6476214201,-5.13947383174,-1.54419893163,-4.80166186275,-1.40658756969,4.77264384817,-2.01198757852,-12.2278340983,1.21652240777
"h",93.6026744221,41.0014535081,73.5425344863,35.9158416548,-9.39242240316,-13.1410716442,-7.39542778579,-4.46308724261,-12.2701869601,14.1511985214,6.14380775456,-20.5760467131,21.1633745112,-5.01950093677,11.8688521301,10.2016348821,19.5313563603,-5.39966888627,5.26749988683,-7.36772175155
"h",-77.430828597,5.84378390891,-49.2080369259,20.4304211839,-5.06162023168,-6.54816594542,7.32586398477,18.7609635509,0.575946469271,-9.76824158522,-7.36240902758,-1.33313264514,-0.598457690553,-6.33045311427,9.39649692215,-3.67210831698,7.64335068139,-4.13521721002,2.49028202155,-4.59257686671
"h",81.2384839611,-5.18200050256,-31.0404001734,15.9445340631,63.729318008,-4.9093231449,-9.57272374202,-13.2285592148,5.00312608181,1.36209552598,-1.18491386736,-5.59349262766,2.18427900835,-3.91817657874,-7.50048434252,-4.93147275856,-6.60144031302,-11.7868474903,1.47547002307,15.5854533645
"p",49.5134122507,-33.5414486795,15.334176786,-8.91008395242,4.9267773195,-28.0565092824,-2.74994494208,-1.57512372383,9.30546629947,0.727970647843,6.68674535977,8.88347162189,-13.2569029592,-2.23627402232,0.229683892051,6.51831648198,0.827549035603,3.83788579461,0.520657770646,-8.44222492694
"h",40.3018650383,-6.78542570586,-45.560186687,8.92854009242,61.9931441653,4.21466189331,-8.47765323251,-5.98249075691,-1.78587556217,6.49125271144,-11.6191941442,-8.64561023245,5.84585190701,2.56036636093,5.48240874043,-9.9645237926,-3.65472568956,9.84963982826,4.10932543373,-4.83878038904
"p",-40.1708114093,-15.8962736959,-50.8562436239,-21.5314721082,-4.76078894481,-18.488956142,16.4852453049,-1.43632126044,-13.2986864584,-1.76843598689,8.66201326591,1.61208186766,6.810685358,1.25420305533,-3.75940542623,-2.88442473323,2.36889211856,-7.95114613984,-0.398508181168,6.75234691209
"h",64.4347580138,-2.45325085167,-3.05365900579,5.07049663709,5.47535819208,-10.3777968068,-9.07034110263,23.1993166648,-0.17003293894,19.1948633971,12.755818885,-2.72956616209,-6.25704599917,8.10833492127,11.0523157651,3.16793593499,5.93963934201,-4.44913622483,-2.62142386061,9.07390446617
"h",4.73837932284,-12.5112204062,31.8945024038,-20.8342287034,4.81573727966,-15.1883372408,9.30872885093,-14.0203780375,-4.50165702521,-17.5581715211,6.70651773725,10.5961644855,12.2237201589,1.50089495848,1.44659737478,-8.3440411819,-1.43510939239,-6.22914455244,-1.59739396769,0.199045998044
"h",-66.2605061403,40.5676275356,56.308159972,-42.0631189453,18.8296839743,-4.86279118242,-11.2686131659,14.959426328,-2.27242887536,7.08885317227,-2.60903318236,-0.905132782972,-5.73829545403,5.04821806674,1.2551515127,-12.936244952,0.0670615310536,-5.06906527872,-0.60694975001,0.592206807889
"h",-72.828406953,37.7360338407,37.3715234929,-34.593550669,12.8028580518,1.23194663009,-8.76944557003,-3.67107745589,-8.00717596624,-0.639977723812,-1.5635989883,-3.3595046373,-0.95270141975,-3.46074167803,-1.46265499352,-1.26123788251,1.87328448189,-3.07409746191,5.11655812679,4.84060178409
"p",41.9466933474,-46.665223969,1.22124546571,-4.47673092771,-12.2202011105,17.9228868519,-5.24452855545,1.92702339849,-18.0792201195,-9.69751292393,-3.5906710912,-4.63835839393,-1.50515617199,-5.32802791881,0.507725723925,0.704798336081,-4.01852906279,-1.55670734354,5.46099372536,5.65525485652
"p",127.718177683,93.2184027958,-35.6722348514,-31.8481654969,-22.1438403613,0.754203682487,-2.7279373655,-3.04776612752,2.79015119525,-2.91333415269,4.30137980633,3.22343639969,-5.50204841952,-1.07899050122,2.06100888962,0.881715059941,0.660435824093,0.958422726732,2.94555188407,-1.25976927659
"h",-119.038294352,-19.190367535,-10.7854344455,0.959017585815,-13.7250028247,17.4830938737,7.86859681717,-24.9874972189,9.06392362549,5.97555629149,-12.7916649889,17.0596889889,-12.8719907934,4.83161491667,-10.9136722899,0.850007862619,5.52222916352,10.736718238,1.76943473868,6.9928580274
"p",67.7448563093,-28.6081580783,3.4438379152,-1.4127095346,-10.0088892111,-3.42061567747,-1.74496084874,2.00374160197,10.7384501824,-12.7818003121,-6.11133523799,-12.0645093876,-7.44428324326,-0.997678378282,-5.872622449,-3.77272946886,6.77852703199,-4.26755776885,-15.5516341141,-2.08454276607
"h",-88.0222007649,-10.138416239,-68.5047856662,-3.38515977368,11.0062544236,-5.28975925814,8.05768755958,0.825039097279,-6.16318693277,-14.3960951532,4.17205289755,-11.2416567622,6.92198245916,-10.8904133114,-7.30499314144,-4.84767006643,7.12422183325,-0.346385489111,6.11807304706,2.05853104765
"h",-15.939108496,29.2986827854,20.4121359131,33.3549396158,-16.1085726689,20.7348977986,-23.9193111025,-9.29559981329,-11.4673184926,-12.1150064545,-13.1703349104,41.3341219986,3.76485954431,-12.1587608069,11.5626255204,-5.27371653397,6.01530552624,-8.44196358671,-14.2000933295,-4.2107443791
"p",34.4660524544,-48.6313930449,12.3135066662,-18.4802790259,-4.99791735679,11.656299089,-3.96079226444,-1.85268721226,-2.2623271867,6.09239679189,3.0948979721,4.23791547666,6.20956071869,5.24354815747,-2.87850105662,0.134117441393,-2.95175674721,1.05551382605,8.65614727395,-8.48373712266
"p",-5.91279749623,-39.4489269526,9.77355062321,-10.0459267857,-1.61796185969,-12.6405255433,4.30657024678,1.44724121656,10.494351153,-2.0760277147,-3.1901003867,8.43662160338,1.34471830102,3.85856995779,15.5452915211,-7.28431376384,5.13582855789,-9.0227937847,11.541603108,6.928563504
"h",-31.6663433762,15.2550438205,-31.2627343729,59.9109682097,-3.59571033324,-9.45875317546,-19.7094488847,3.05081615223,-10.6763601103,12.8797682697,2.12696699477,3.55437773463,-9.79454580528,6.7225866472,-15.2838948137,2.81593493061,8.48254392315,-10.9340550285,-0.707713892249,15.233314465
"p",45.3086473164,-45.3029208368,9.71063338631,6.28027778146,15.3642281658,-21.4591109824,-0.195190011712,-8.65361764632,7.04692698983,1.79618056119,5.26384489164,4.79150347283,-11.0674748917,1.60922215442,3.02491601966,7.72052970927,3.89353917722,4.95895681165,4.76981374447,-3.21153379366
"p",28.115149271,-19.2944780131,26.4206273931,-20.037318679,-11.3754717436,-26.1212784934,13.5244598435,-6.09069470437,15.6241299545,-3.67810773357,-22.5652609483,3.70093338643,7.29589689162,2.3290005402,-8.61082533097,-3.95344467476,-1.55505359862,-4.92494912587,0.948168082756,-9.19240625461
"h",-52.2508537123,-4.93327236078,-60.4779016409,18.1835016527,-4.50942178981,-4.63520620121,16.8053680141,8.40573832678,-6.42043316909,0.845936018571,-11.6017560879,-10.765753801,0.140215306858,6.30070926596,1.91433346192,-1.75881302156,0.703494727664,4.75974328647,11.3518618357,-2.0576875628
"h",42.3434074391,44.2643708761,30.4273716109,53.6078251142,11.6226845528,-7.26281742924,21.5737083359,4.6347782847,-15.3545852897,-25.7357311729,28.0238134448,21.4056717348,27.781673937,-4.62272993002,-19.8755091871,-8.5267224438,2.00439554077,9.87290799187,-3.46577011548,-0.343204972589
"h",-55.4498728159,4.64086420145,-59.0196012972,12.8286581803,-5.67098721378,-10.9271750788,16.4948062306,10.6840411354,-10.812437079,-6.03022690158,-12.0971882075,-12.3016872745,1.84857955045,-2.29082259397,9.18939198971,10.0237278676,0.958865350662,-1.48008229506,6.86857551189,-3.74266185668
"h",-68.7523672556,36.6865571963,43.3380953,-46.5687405932,32.2564781325,-6.53723437171,-1.23091418546,9.50670871973,-10.4255373375,2.23733646121,5.74939047386,-6.42501440885,-4.46739449913,0.429611311036,-2.15974171806,4.52211035585,-2.36273532911,6.31594369881,-9.37746830329,-0.99965215593
"h",-128.083922338,4.20162054217,-37.1553833224,19.2789655603,-3.08881899215,4.78086585824,-12.1385562386,4.36092394524,4.21506123991,6.03623105123,11.3534365313,-3.21144911796,-5.39797616755,0.101380342412,-0.940475924101,0.777093985304,10.1074522349,8.17586026714,1.53127797329,4.10097142988
"h",-72.2062534129,30.4477773017,30.0939385018,-42.4705668891,26.2702641784,-4.00217408726,-4.98546022476,7.98706728038,-7.67992092333,-4.38708469379,5.42562395413,4.04730422874,-7.96161170949,-4.59105951692,0.328233646039,-9.00735453683,1.02630150047,-3.89324993083,0.177722861832,-3.46815266506
"h",-65.2531005518,42.7521686381,57.7733991103,-44.0959852931,16.6392213372,-1.95950863686,-10.2726548096,12.2248528231,-5.68467220867,4.36325857548,-3.68138652655,3.10278060997,-6.11599458322,6.51085231258,1.31517931601,-8.9846577201,7.71255871096,-8.86340128112,-0.519726796833,0.7414699081
"h",-19.9408848526,28.7323638866,10.7083180028,13.3400374664,0.57553663014,6.94112354608,14.5387911674,22.4677074947,11.6080283304,-0.930582142816,-7.34640832392,-5.67983850525,12.2017336399,-2.35534534174,13.8766616587,6.01019401316,2.73020468171,13.2537744778,-1.44648680309,2.67352333545
"h",-69.0998486904,40.7655467487,51.4636442252,-44.0643660192,22.6511638824,-3.03230256097,-3.46353047395,13.306488783,-3.79462677863,4.98436409738,0.400489335846,-2.94390477205,-9.38389716131,7.39472310417,0.23182870931,-9.37374620306,4.47182631822,-2.76953607128,1.52352724502,-0.0162319268906
"p",44.6827827203,-47.1267763139,9.79100145751,-14.721950397,-10.1027738675,26.5682748875,-0.944945370277,1.90726523577,-8.45853291451,13.8245117375,-4.04220935089,3.99905965131,3.46186421715,5.41934148256,-0.64739668899,-1.74493589694,-4.88826319498,-0.286039932319,5.21297604705,-7.83504366454
"p",-4.7366379442,-46.1316119971,-16.9539090261,-19.4535813278,-13.7641557496,-2.76128388047,15.6857583524,-2.73528091054,-0.214503221561,2.59655929145,-8.35317453642,-1.37799438649,-3.77752868728,3.95292618554,-10.1858404983,0.860766437294,-2.59616031902,-3.94338648083,6.4482758445,-2.32292020949
"h",-32.9500416461,-2.6388076997,-28.2972398994,45.1835345227,-9.66355121156,6.12077463941,-10.5059323089,12.445260468,-9.65564803737,5.80654697386,5.82189088331,8.68796076836,-5.74489429313,0.381644266526,-4.07042273736,2.26326756539,-13.4067630643,-12.2199522136,1.06342923432,1.43974123122
"h",24.0472445368,10.9760972925,-7.42172267233,35.7305205419,12.2247561978,17.4922051935,2.65164209573,45.6620921958,2.91150882219,-1.0096774952,-18.6509917549,28.4496712994,-9.15146598964,-9.35360950645,2.51025066296,-3.37034148085,8.95630754677,-8.25537959119,7.3189174648,-1.65199628564
"h",-88.5040937089,34.2603115371,37.8002552585,-36.8273213518,-2.77449059548,2.00643747639,7.60307960403,0.461620773919,1.34966992277,-13.0403960916,2.27738456149,0.266913986188,-9.46272861299,1.09186756154,-8.53272206646,2.18086883643,-10.7231009125,15.1329007799,1.15175639754,5.02131986143
"p",23.1887559404,-36.1372274558,-13.9545498245,-4.34507023914,-4.42361173484,6.5521727956,2.927024142,4.96314083286,-3.76202112329,-9.8766968007,-4.45854876465,-13.1226598619,-6.21591066073,-2.77470234082,-9.03664636086,-2.82022207308,-0.234795184681,-3.95075728212,-5.50116735941,-3.44613912857
"h",-33.4013294049,32.9309931183,12.1148411397,54.3871596269,16.7278221313,19.6234344541,24.5115261136,-5.13725267518,-7.56358988912,18.8109501967,11.0893070296,-5.44842716905,-19.546864733,11.1953508531,4.27159760238,6.75466062335,-6.40600550165,-10.0946935612,5.45418184218,-13.1491479494
"h",27.0269784502,23.1667007503,7.89382431645,18.2478826064,-3.34318514793,-11.0791917678,-5.12932387227,26.4105741553,32.5220668577,-3.904001164,6.8891279142,3.14377298982,6.02220803918,-6.35608180889,-5.65003111585,-6.32837864894,-11.0013489307,4.46516899035,0.73578016853,20.130996197
"h",-106.992639058,14.2475986353,-13.3808793371,23.4622985694,2.47680248317,3.74678918182,-12.5255451785,-0.998896848842,-5.43201336428,2.43988069446,4.2195674919,1.86354148797,-7.32923831689,4.12371763312,4.02074615999,-3.16912653883,11.2965940022,-2.84606951764,5.34831631608,-2.79200891784
"p",20.1903444231,-49.7774479363,-5.95779676017,-4.65498888644,-8.99811091978,11.8533982513,-3.08424050615,-0.629746213284,-9.22754359044,-15.256072315,1.81595062498,-4.25411569593,-0.988823700724,6.49661324357,2.71778162144,1.99955599739,-5.9784150071,0.0839132521217,2.42826541922,-4.61657442342
"h",-105.484100656,24.5196546825,6.44985813641,-39.7833975202,13.0913808679,5.4268856481,-7.79831122463,0.921111112726,-11.5083784122,-5.44311731305,9.80001827617,-1.00723832236,-2.2259445993,-16.2571541981,-4.90677516978,-5.9372444899,-3.74525730603,1.6125920595,1.84425638231,-2.81110129086
"p",29.4001203169,-47.0703802345,-13.1803923824,-6.66158451649,-11.398018985,7.9943500804,-0.0646660229246,-0.68875836297,-12.4654010044,-7.72974145805,-5.32582117024,-3.89495598873,-3.59844854792,1.22930976619,2.53581385409,-1.89942418761,1.86010553523,3.42003887247,-4.28046088055,3.17586425525
"p",47.592027215,-29.9598944003,-4.14032483378,0.347240106927,-4.28908684053,-5.99338382976,-2.08017078285,5.24919637699,4.04931565313,-10.0071848844,-2.73027271866,-9.61806257789,-10.9697942909,-2.35822967085,-3.22819251928,-0.3370603616,3.85303706073,-2.04706344582,-10.5821864581,-2.40961765581
"h",-67.1230405652,38.7927246277,56.4668243818,-26.5122784558,15.5800532946,-1.73793007512,-9.09078455294,20.73047224,-7.94336513135,1.09379756526,0.107345282842,2.2507926745,-4.21455623096,7.8660400546,-2.73781318118,-11.6328826626,0.567870998101,-0.808380660769,2.10273359356,-2.46398419472
"h",-32.2124612649,23.7626761858,3.6149787114,10.7075962475,6.35105166274,19.200560448,9.66059718491,-1.44947245488,11.8418198921,-1.25251545384,-4.16408989366,-9.33614326001,6.71501787348,-8.78436471185,-0.640585831752,2.14336555106,5.43095705582,2.56582977996,6.00105666993,-4.76672577072
"p",-17.5444322469,-7.89437206779,-43.6291835729,-14.336158144,-5.66834224633,-16.2852515098,14.4122015553,-4.05819450444,-11.7447305016,-5.37700106646,11.021041345,-1.17073384231,1.64998903004,0.733640976052,-2.84135660089,-3.68358854029,4.07277865855,-4.68967391646,-0.34713274629,4.35423161779
"p",49.2961488555,-47.0514386728,-4.80580096034,-11.531409101,-12.3599969694,28.3274871338,-4.60798766592,4.34289215178,-18.1092702713,6.08790192567,6.88173760975,0.647564592579,2.17053015059,7.00615754789,-0.65589673559,-0.779253645841,-4.83291222598,0.376791320724,4.30663045498,1.95617999855
"p",111.446002842,84.9371278344,-39.8249650449,-38.9466396296,-25.1228123229,-3.94854492057,-1.186348103,-7.47404338792,1.7868059181,2.89023183777,5.17395432942,4.82137636881,-2.760835883,2.15812091432,-0.0277718217803,1.98211122216,-0.363654565159,-0.513899053257,1.37561528547,-1.72198751653
"h",-51.3189122175,9.18689762337,-10.2497404496,48.9542559402,-7.25737991646,5.0718118996,-27.5925851037,0.49574289105,-5.01780508571,7.68371171694,-1.54565377831,6.78449627187,-2.17541299722,1.24576543929,-4.45371986308,-10.9976655689,-4.91766935368,-3.19061232832,2.03443011004,-7.0241186359
"h",-68.9113426007,40.5089214703,52.9498533299,-43.9338552155,17.6611066772,-2.55064045106,-8.09440863307,13.2143644997,-5.43915756305,4.05958012093,0.304741969385,1.59316850252,-6.31812827096,5.87334725924,-3.00600664794,-7.7335858158,7.08852632881,-6.5349691061,2.1042485682,-1.07894968718
"p",-8.1166005487,-44.027826962,-2.04034990156,-18.9923289453,-1.2828607747,-7.272633901,10.3229034517,5.19945596345,2.41106273415,18.8546276817,-2.5447160395,3.67285290309,18.1183634134,-2.220429765,6.96744081577,-0.0102734124506,-0.332009555998,-2.46627459453,-3.65358802623,4.66957339521
"h",21.7451600461,21.6029076462,7.59036074299,20.6588260036,-0.184900679536,11.3842013569,5.54808227274,32.340971762,6.25100298188,-13.8100531415,-9.54678333858,24.5072377333,-6.67991370514,-13.5750359887,5.40904480821,-2.41477582077,-9.37276470399,-5.77407969933,-2.01068662894,4.44014827346
"h",-38.5674826364,-45.3125318132,-42.2240691075,-3.67067905847,8.96749733963,-21.6849452596,21.8008242831,-5.00964439386,1.13911622549,-2.77734341605,8.13467067695,6.93127279384,0.805428219976,-2.54391105322,3.62970482859,-5.4882736831,-0.391079716575,-7.12710560072,-2.482217946,-5.85362062106
"p",-15.7487716527,-10.095141705,-45.9427275459,-12.9987651074,-5.46158877804,-18.114971839,15.2359675664,-0.329655768447,-11.8559231264,-5.32004542322,10.5671088042,-2.70687989619,0.842523409541,0.36737997709,-3.38425608275,-5.21313895475,4.21125132611,-4.30089491789,0.432839796066,5.93839131603
"h",65.3081349959,9.10843148742,-37.18273222,-1.38623025056,75.7349469944,4.41246949652,-18.6985371363,-14.4837651629,-0.946697229961,4.12084386697,-10.2036750793,-1.23876457505,7.69681087351,0.000703977729167,-4.02790744894,-1.57215376809,-1.59480140718,0.600364891948,-0.686276412586,2.00239533352
"p",-45.3026488485,-20.4075797189,-8.5109922189,-40.0627899692,-3.60142006003,-16.2376118011,23.1593460434,-6.64462744191,-9.46830642546,21.0039681421,10.8222739819,3.6443514358,3.57511334007,-3.0880456757,5.9975806058,-0.0727947354116,1.45970727109,4.86105697289,-8.36132353056,8.14015885091
"h",-67.0721177286,1.54395283409,-38.6542672883,7.03680752252,-7.90082243991,-7.64284257659,6.48943160464,13.0718294917,8.64540399421,-4.05386992609,-4.31335048548,-5.28737490465,5.52683132708,-1.26111987947,-0.758427507969,-2.59964602961,-6.85548593678,6.6696807633,0.392500193556,10.9555246027
"p",40.038905688,-43.8987301432,12.8560188649,-3.61097608359,3.66010634875,-19.8682042778,1.16199852972,-1.58856708772,4.91556016773,3.1979820348,11.831286786,7.19838741195,-13.590723493,-5.38044760275,0.108839485294,5.08842127511,6.77804639161,2.54816421816,-0.372638403877,-5.70640929963
"h",-17.5808341127,21.9500900197,6.12523778274,22.6467452518,-8.6544079943,-10.2497747695,-5.61489845865,23.8928529539,23.0973543886,2.36432981372,5.34313384729,-9.03996783694,6.16740589502,5.07528581263,2.02450849783,-9.18381548029,-5.92789553036,6.73933752517,1.99850154378,0.913237542973
"p",42.9914344241,-47.4380275202,30.8660287145,-17.4780550662,-2.82996700938,4.37953292712,2.18951957118,12.0289410514,9.62177405734,17.040224875,13.1253697224,8.02783826512,4.59026925299,1.07564081435,1.86764722024,6.11090130123,1.8839193496,-2.83202000958,-3.40112312385,5.87260338164
"h",-17.6410625668,-13.743307304,-8.73176723148,31.4413158187,-27.9890271594,-16.3625382345,-19.1717247641,-14.0687639256,-28.2963572232,4.40937801765,-13.8026559393,10.0016395792,1.1698863532,-8.05627837401,6.577689543,-3.6137784899,-3.2177955497,-10.1500662973,-6.20958960625,-4.17473882431
"p",116.707562987,84.0274425979,-37.8403569587,-28.860888634,-25.57507587,-10.3330970355,-3.7162595894,-9.38636832706,3.12295267367,-2.88255393132,2.33983650569,6.61698329962,-5.61759122388,2.15748636098,0.501845215141,-2.57033558102,-0.0528434381801,4.2075644894,1.59248193292,-1.2445144844
"p",40.8531649811,-41.0778130333,9.34342411516,1.77964773629,12.0023251034,-32.0816181148,6.39849250227,-4.43071820214,3.64698619859,3.3683992325,5.46661102964,8.56801608163,-17.979867008,-8.50610864933,-2.93022481655,5.19770608292,-1.71663683841,4.94969177128,3.71250844907,-5.96677914289
"p",53.0881523102,-33.5338087596,-0.648062440809,-4.72404211638,-9.11643996304,8.82679413029,-5.45618365679,3.28580992058,0.144819608785,-7.23728812287,-3.58993241628,-16.1399078026,-6.22678089888,1.89648415948,-7.0011153853,-4.7013240475,0.422062520053,-2.07022316534,-7.35277806599,0.491318957516
"h",-32.2167004762,20.761755817,-10.1435438739,66.0722032083,-3.6537829383,-4.05026010184,-15.2944317556,7.22903377418,2.03625060429,7.61817560012,14.6760351218,-6.61764274602,0.823458566002,0.188985750974,-16.8702533414,2.90427391148,9.34127710794,-4.57406940612,2.17496265497,-3.64063425633
"p",57.0280913154,-49.4375801682,7.38787726398,-1.96306390547,-9.24800548293,9.67077081808,-5.84262846851,3.20776804808,-16.3703685218,-1.24639238974,0.346742174432,-6.52958650985,4.55150605523,9.31516179238,-4.67765613173,-1.39030155937,-3.14227262275,4.60126514674,-2.23705332005,2.17352106464
"p",88.0573886036,74.9421583144,-42.9760170758,-39.4305132143,-23.9220499042,1.62328039454,2.73927106996,-1.76338778681,-2.5753428618,9.03916090481,6.1880350144,5.80000125663,-0.254414889637,0.816713209178,0.587311104403,-0.386146241315,-0.0966359224821,-1.3270203661,1.20992314595,1.95564403537
"h",-61.7403972294,18.2793196399,-23.1585626287,25.2721572346,-9.10284562202,-0.509406522954,-27.6848651985,-0.942612019162,17.0567051808,-5.03784683281,11.1328710995,-8.85828938419,-13.253494092,9.44686989614,1.68675914803,10.7992568011,-6.05741113114,10.6150268976,-0.431662931374,8.68841991826
"p",37.5470766942,-40.7629578228,5.75254325257,-27.2502300781,-11.2705238712,-3.45380037469,1.5181723071,8.08630444461,16.8958173196,0.253862215349,0.663903892752,-8.44695315439,3.67086077358,7.44909308576,-5.00128950869,0.105232959763,-1.42810837411,-0.482923402081,-2.78234379752,0.266701109018
"h",87.2243990561,-3.77952654493,-19.5717323832,13.3933340198,53.0200229564,-1.68865343854,-22.2896374579,-4.53081660047,7.39941394131,-8.38328899118,-2.57835598321,9.62196916347,11.7957788739,-2.05167879141,-2.30651177543,0.790455193255,-4.58365472123,-5.97106774607,-4.59365131683,7.39388176325
"p",16.7888602087,-47.776264789,6.15160314581,-27.0620569929,-3.47765349259,31.1737048304,-2.40550854456,3.80350711966,1.78742136416,12.8696705759,5.33730358026,10.8519782229,8.32477217742,4.50072408132,1.30982585511,3.90905970377,-12.0689184335,-6.70899125154,9.58092987002,-11.7837936355
"h",83.0155719288,13.2596108323,-27.5042040364,9.48345880642,82.2173104138,11.4483637147,3.54120558013,-18.3705887965,-1.86259190827,4.58650564762,4.83745917164,-8.27973476411,1.4908898387,-6.93122424999,-5.31724338877,-4.32659262481,-3.83497119545,-10.48529637,-1.45480956344,5.12419239012
"h",-57.5827755847,10.1940544414,1.83737843697,39.9854565505,-4.43810775077,3.05908685443,-25.3107124588,-2.32101755897,-1.10173969056,12.0022951894,7.35442028474,-8.60327988609,2.79329733884,4.44013215281,1.50376666431,6.4229832843,-2.27208555647,3.48684826288,-1.67029920095,-12.9669936092
"p",-33.7559043324,-46.0832537514,-0.243244500032,-24.4324850222,2.09105531844,-12.2437559744,5.76077418509,-1.06659093084,3.589082815,12.2465109471,-2.09204070248,6.60416452215,19.7620425293,0.217386360915,-4.26316750496,1.23784265617,2.90165177126,-2.18854775927,-4.4233825618,5.11966435806
"h",-69.2881659745,18.521098089,0.645707755444,39.1247460565,-7.2400284211,5.47250222928,-15.724449456,0.263311929099,4.33064864309,15.5269101022,5.63021339568,-5.54416968279,4.28929391563,10.6386456424,7.68540123084,3.67766551351,-4.49036626102,15.9976048237,-9.6320183249,-16.4662126243
"h",87.1782408706,16.8696488871,57.0304907429,38.4253015988,-27.2354993305,-31.3633011369,-14.8749944103,8.84453541899,5.02307601866,1.11789294186,-15.0253996068,-8.49527661504,10.2319309255,6.81266532266,-6.37839775973,1.86816692191,-12.2528079586,9.80274200424,3.39322653228,1.71231550837
"h",-109.638800028,4.50858547507,-31.8225443005,23.7913563135,-4.43661689617,-2.72352247134,-3.94559610707,-4.2156744723,-7.24078236413,-2.24853435183,12.8645631857,-3.70624749227,6.17481859653,-2.21667513168,-3.01571400742,-1.5245011485,10.346206531,1.22732104645,7.29156883321,-3.83840303981
"p",10.4316499706,-39.0479204692,11.9345884362,-10.6907054815,-3.02339878051,-10.5789368655,12.1686916116,-3.4840435707,4.67200112997,-6.45272981061,2.93402327591,8.17526587126,12.9916106716,1.82044127803,9.83321994055,-2.22935407292,4.84133520539,-8.7641776045,7.25907964979,5.78114192911
"h",95.73911942,37.3175295648,59.6496994289,54.0365031161,3.41446514039,-18.4911730823,34.5959529028,-3.38007723418,-14.9522020455,9.93744744801,1.12152875455,-11.6969541196,11.0491645023,-10.0250964384,-3.18882669533,-7.35406461139,-1.4326721402,2.03016841016,7.45343762088,3.06546674989
"p",12.215726179,-33.4290777112,-12.4227178596,-3.31076284558,-3.21077165409,-11.6009042594,-2.89585636643,-0.946696235787,-0.00343016597452,-17.2630716662,-17.8192941714,-8.13947021715,-12.0998233808,-2.91689144188,-2.44010605808,-7.11128240232,-1.15015766064,-6.27750646283,0.847134633296,-4.13329661506
"h",39.6790588542,13.9494812044,-26.2138688584,24.4290653084,51.6450118001,20.5893259496,13.5712259824,11.2093965311,-3.32643450818,2.57068363087,-10.7259919907,14.0200374398,-6.54430974053,2.77253337036,-0.0817787519217,-22.1349813655,-3.84873241814,24.9762082807,-5.49081815209,-2.08797890615
"h",-41.2122944385,13.4683644252,1.15560371565,22.4854184824,-16.3603874705,-10.9039178448,-10.9210558145,-30.1266910954,13.1551495087,16.0963698311,-0.364978989676,-9.26149023666,-9.28810561998,-12.1984463402,-1.0590878921,4.54201242222,-6.68611830069,-4.15182493665,-0.95643739544,9.77204353602
"p",-25.6969719897,-35.1258768389,-17.0148481911,-31.5642387556,-11.0600396226,5.59716072109,19.4367706184,4.97450599242,3.27829761538,12.4260997466,-9.47375769232,3.67237710072,3.53369418223,5.01811968584,-10.0591706842,0.532610472848,-6.09772663571,-1.97761256498,-2.32585086672,-10.347583186
"p",106.004986425,80.9407347757,-46.1906247132,-37.8151385615,-24.479703036,1.43038059588,-4.31746727206,-3.98365377601,-0.919712599664,4.69454806761,7.42962510909,4.47174454549,0.358799780041,3.17350928493,-1.59449940231,-1.71447308104,1.56125674624,-2.39640561672,-0.739161783007,1.57409333928
"h",-106.554375711,-3.66187329349,-15.5625282237,17.6620900014,-7.82848244962,2.68041023122,-6.97493916561,-7.85118646146,-6.33220049446,16.0721920047,-7.61961161241,0.102435579073,-6.51247385554,3.45377492282,2.90429431517,-2.96347114002,11.8129132421,-1.31680064172,6.32512591265,2.93685201715
"h",28.3528413153,12.7938250376,46.7991131394,12.9558465393,-15.6504411428,-15.4296876128,8.05790728896,-2.04316074886,-16.8571764893,-1.63231136648,-8.0906402322,-1.82773452471,12.5386166081,1.00474972815,3.69391984356,-9.4628434354,-1.56291781656,10.3802665745,5.07839807467,8.53000744813
"p",38.9152241919,-32.900004602,1.95766871647,-8.57226798168,-5.60099780813,8.15683317311,-6.2484194024,3.83140034953,10.5474277236,-12.5537087301,-0.56976464564,-17.4511005272,3.07482845579,-6.76218736957,-9.94988041298,0.288674966586,7.64191680555,-0.233814130819,-5.39345895017,0.383882561976
"p",63.2014770975,-29.6686610064,7.25355650936,3.17252006421,-6.44986563059,5.6459516818,5.3982448059,6.38903588742,7.91107766293,-12.0639629299,-1.03351439107,-11.2471911039,-9.30962433933,-0.334475653012,-4.83458068798,-2.21719256815,6.09534014787,-5.38246683456,-14.2344225882,-1.10339135613
"h",-67.9977293029,38.716818048,55.3429841078,-35.261474405,19.9705217042,-2.92993344798,-8.60843060655,16.6823614596,-2.57313524965,5.62857780181,-1.1469769699,0.00597539449501,-3.89958392679,9.56768217801,-4.39536526261,-13.4451827519,3.07531972756,-3.88470116822,4.08933344447,0.00312236094703
"h",-27.9152487962,22.7636771255,2.51460025209,60.5958820747,-8.69561319882,12.963659069,-10.0877883635,2.1472885004,2.0544577527,13.9112661726,-0.190267035305,3.20210015073,-2.13412556306,-5.15723745902,-2.89827453213,-6.62438570839,-3.43985699825,-13.2656526506,-8.52254650749,-10.8035336346
"p",6.81579639611,-48.4814731328,7.2450474864,-24.4305300451,-6.59549702261,31.6260978807,-3.54882713113,7.70740153562,0.755120031056,23.6221333769,-5.81952408244,15.8455543978,4.69373175036,-6.48825366978,0.494700575103,4.95624576104,-8.08684716225,-1.32302769426,2.18290975554,-5.75367955089
"p",16.1091043647,-37.5597296459,-4.68455295637,-6.79273163104,-21.987808796,29.3541060955,-13.3321900476,-1.76450464358,-2.40843600103,-3.73022974606,-19.1400093117,0.906096426599,-6.66430621002,-27.7395876,10.3446549954,6.35499531286,2.53238409532,11.5657604866,-6.7320430388,17.4142403373
"p",-73.7014375418,-21.3033338238,-64.4237891642,-9.56806603839,8.15718876387,-9.16348297764,21.9328802882,-3.21585509459,-12.1594228967,4.53946694932,-2.34653861247,-11.4949676401,-6.59646623289,-20.9346264885,4.08405243833,8.17427724965,-4.05646484678,-4.12200987202,-0.715577752281,-8.76850163397
"h",-18.4599149176,3.44427291488,25.9364016737,23.3166755324,-17.3799546394,-25.8448808077,-4.79300207546,-10.0525629024,-5.82331087162,-9.06104116126,-9.59647423866,-5.44139923834,12.0180924068,5.88716002558,8.36850659048,-3.13038368443,-6.53030921044,2.67393411533,1.13928700322,3.53605057716
"h",34.1293167297,4.51066245869,-23.4347311891,40.9106745692,2.66969370583,-11.065617324,1.22125335286,17.8701410556,15.0129865654,-1.63574731285,-3.48678206373,8.30649384111,-5.13648204878,-0.747989607991,1.04868750228,-3.30658267818,-6.48107019324,-1.92632519876,8.2577202778,-1.94710635149
"h",-5.80621132754,15.067856467,-8.55612468227,33.8295321332,-0.73118293566,-2.73853205725,-25.8451581902,14.1776590601,-29.2937229837,-22.3378797585,34.0969401056,2.5392625728,1.58795718628,13.1805901507,14.5275122333,5.99163983727,-24.4533572703,-5.90589258339,-5.18060037004,-2.29105506762
"h",-81.1206940467,28.2865642805,34.1478411824,-39.2361220774,11.8626983091,-1.8157778343,-2.75240061183,4.8196988137,-5.8601013659,-16.8320740833,8.95380474071,-3.85239965559,11.3609062684,-2.95964234277,2.3934757725,20.2805931805,-15.7295574407,-11.1973499882,-4.23094381392,-11.7588935585
"p",8.74604456875,-39.0551380167,20.8487317643,-15.0829130386,2.51923983471,-18.7334475936,5.48380239438,0.621574441596,0.0266787496795,14.9668352649,-1.17904661525,9.37592060214,15.3008063193,4.23447395886,10.2644847973,-1.74086913317,4.07243985433,-3.4046412715,-6.34806947372,2.90087685238
"p",-70.2270205761,41.0670897777,-14.9044213755,-15.8067033135,-20.1524587705,13.9458254306,15.073632104,-9.90242017099,18.8575986799,-14.096841769,-21.2237391824,1.13764911816,8.50266479275,7.76629851295,-6.86808588707,-2.12234520678,4.48623858674,-3.5662880249,-6.0986046423,-5.11726271013
"h",13.2775301436,20.535196166,21.3109986544,30.4213729992,-2.22517763709,16.9775435417,-2.0968830608,20.8370591075,12.9053640944,0.144519534458,-11.7373969427,11.6392105578,3.63669033384,-2.24237685455,3.74906215007,-0.0908181580361,-12.0508242111,0.733753005488,-1.05795703427,-7.32371557461
"h",50.1035904139,48.5038106024,41.0516062165,22.4833958425,6.32381514026,1.18535143704,11.6600916713,15.5865047831,22.2911957215,5.35507409702,11.8109396377,-7.22874944814,15.6081667018,-16.5909958434,-3.27037349773,-3.5702568356,3.26740711549,1.25068853487,-1.65786109698,0.981088813405
"p",34.9304456885,-50.6358332947,5.17332330025,9.40512562327,11.6772967611,-12.3839080754,-4.50599950038,-10.0226183027,2.19927142807,2.73747146912,5.26367141314,1.05389355428,-6.2786617269,-4.06764769774,4.24194526551,6.31251514388,4.11212971141,2.83014242362,3.3225478326,-2.61542488223
"p",-45.1023879864,-19.9356734739,-47.192948598,-7.9476295236,5.47577477744,11.8920614159,10.9337362641,28.7299296725,36.3523290947,15.9989115359,-7.86276694135,5.41856326564,-3.6553807515,-7.49238046025,-0.353787838113,2.39054365068,-7.88175836495,4.47435949557,-1.3588739222,0.710798270932
"p",57.4940072572,-37.6273100892,26.78674777,-9.62398369539,6.34558184952,-21.2627586359,0.973277097638,-1.51646241949,10.8721898807,2.60031382799,9.28130584656,12.1857137745,-7.70779847768,-0.314589761635,-3.24720519602,6.03407337198,1.24237520647,4.75569502838,1.37452993836,-0.0857722855958
"p",-30.8795448448,-19.3646620225,-5.59107748401,-30.7181728918,-4.45285964337,-0.596063645034,-9.04996274653,-8.86222523863,3.12601257923,16.5861741728,21.8765857522,-4.89905168623,11.1209457921,-8.9593418611,4.85419383444,11.1971714837,9.15014122996,-4.83561037108,1.37392085336,1.90075675726
"h",50.624687502,4.90017992513,-44.222371808,-1.53924291919,71.3483807596,6.41213812028,-16.4288427563,-21.1679523755,-3.09402491523,5.31999178319,-8.62431367113,-5.71001015284,7.51020343959,-1.73094968184,-2.24270070695,3.57511511733,-6.7669027735,0.517619583476,-6.92331279748,6.88259225068
"p",60.5874334204,-32.0874033387,1.8154759808,-1.9981392814,-7.59929016515,1.95429982655,1.92653170171,3.68259388902,5.03718091745,-8.91069983139,0.410690713856,-12.8886149825,-10.0180737976,-4.11538404486,-3.01805563718,-3.98060455316,5.19500512504,-3.38470696763,-15.2626784528,-0.753005409777
"h",83.2558669491,14.745923354,53.4911058655,44.1492137025,-14.3274191135,-33.2133201996,-21.9457992816,3.86762840729,-1.72945396692,4.34207826327,0.131358693394,-13.2258741086,3.6567841589,11.7181514903,0.320409140212,-6.45579766075,-9.92849414774,7.8138874663,-7.54842535626,3.38907179357
"h",-101.557002857,26.171816408,7.8855015963,-33.0648122381,11.7055387074,6.51441940687,-13.9692795938,-2.52962760399,-9.819272514,-8.98581911517,4.52561167567,-2.54019233199,3.75402216541,-9.64579103332,-2.66797510297,16.107889844,-8.141984884,6.43488775083,-3.60972205781,-0.170185812777
"p",114.343410954,-21.490861526,68.09632052,-2.29355555104,-22.4300727618,35.1132980311,-6.22291073305,-2.41999155032,-12.7779538949,-3.84121036529,-17.6211437378,-9.35920740762,-5.97359936284,-14.6895488907,26.9863383348,-0.0305275347694,5.89488155006,3.59141414993,6.88746540243,1.52426517682
"p",-0.493163547829,-49.3428826277,-7.61620183344,-18.6149373355,-4.05690201875,-6.14726006378,3.44046509734,-8.80112757569,-4.34125699563,4.44455634661,-0.336088773743,3.73050606545,-6.5941825357,0.345536354462,-5.57136270325,-0.662608582524,0.035410777473,4.47729224607,9.38035115214,-6.08753553834
"h",18.0593355119,35.6434063603,35.6777571286,41.5082475669,6.7212192339,13.848028221,21.6363415017,5.09207721641,-26.5220822425,-7.16119548387,-8.49162892733,3.89234228718,-10.5228629319,29.799393813,-7.00978001532,28.1609057912,20.1901503936,7.74326304944,-0.649005585854,2.97058713287
"p",85.7909512123,-26.1303676932,14.635921321,-0.853771874838,-12.3739856375,13.881326343,-3.11359903281,6.22447267564,7.38003941804,-10.7332622061,-2.38378945662,-12.555855302,-6.76062923533,-0.617039476353,0.137558162174,-2.8554917424,6.28267352063,-3.86357181626,-18.2807413294,-2.41433754684
"p",-30.0161250141,-29.993337158,-12.1662275473,-42.1485932948,-14.3298183669,11.2518034518,14.72295257,11.9140834912,11.9726629866,19.6516115822,-13.6983735854,4.69538399077,9.71924127707,4.63646609845,-8.98553591353,3.23563525658,-6.4343022151,-0.0915775445491,-4.93076099054,-6.97380802813
"p",-73.7542474427,9.21888328096,-38.490044774,-12.7423981649,-17.9308717934,6.57003387237,9.05377702183,-13.5999541167,10.2789604797,-2.8703225456,-10.5430160232,3.01356029574,-1.21414511997,9.84366972433,-4.26630044546,-0.610954474525,5.22874214112,2.24101678728,-0.507457976934,-0.495543292907
"h",-24.2962234542,23.9132186461,5.10736796679,63.8307303986,-8.43369855613,16.2541900252,-3.91616418876,5.68945496357,-5.30602552354,9.6618265436,4.65726921981,1.26115181625,-3.64053641432,-2.36720422566,5.46184794949,-11.2527044283,-12.6320048276,-8.7642246728,-1.75538320707,-17.5356760832
"h",-95.1780335393,18.0671314375,-47.2361454693,0.76995284803,-2.025311678,-12.1140779774,-1.76414283236,14.5654631986,-6.06788499927,1.86989125322,1.90338046741,-9.1106806216,4.50903070726,-2.8479100363,7.42702171372,-5.85730569559,4.67865075653,0.332877448172,4.71670506821,-2.11629036282
"p",44.7816443957,-49.1281135984,2.30839807967,-7.14657575391,-13.5479481954,19.6926275078,-0.256882756379,5.53329097901,-10.9373255369,-3.06466362873,1.3937193819,-4.01751762779,-0.345608703245,9.13356527729,-0.575980007058,-1.61652867771,-1.8472385284,6.62930204776,1.45839989052,5.39609647273
"h",-66.2298183332,36.1082899362,48.4196038956,-49.2308366285,29.1534047787,-1.50894670912,-6.0883271322,16.379349719,-5.08852548994,3.81190248693,2.01606705931,-2.86171263245,-5.27650398405,5.62707789953,0.336525064031,-8.0084854831,7.19939450035,-0.0271143515804,-0.113765892082,-4.24250641786
"p",39.2360166398,-42.0019221223,11.7951691759,3.01899658455,11.7336144549,-30.9778597038,-5.61594367243,-10.9988366767,8.82276341264,-2.24866310405,0.945409824611,6.38175521834,-7.82188663839,-0.571360155891,-3.06965476416,3.55442098362,-1.85513875224,0.721380871457,3.69905757096,-5.57629082565
"h",-105.858194855,25.5100147119,6.05828637458,-38.3643645099,21.3754542725,-2.77474775467,-13.3323388581,13.0205596706,-16.1673723982,-0.805532345366,5.96599686936,-4.37086345013,-5.93458145254,-6.22714578085,-5.01295580324,-1.97724073647,-2.60129484533,-2.42417012955,-0.264130047541,-1.57104428356
"h",-26.9607058039,10.739287693,-22.8286442591,58.0704958453,-7.19372496254,-13.1793299073,-18.0133240201,-0.862126988369,1.29724129297,9.22484650364,7.70667749287,-2.63757963427,-5.47234227942,12.0119222353,-11.5166248558,0.507725179878,-1.54591570637,-14.0022997467,4.77769684236,12.718139978
"h",32.9141699754,8.96765086347,23.7375974488,15.9255832013,-2.28847607152,-23.9962913695,-2.66284032254,24.0877173574,30.3392029393,-11.3275773083,-0.39124047601,-2.66443765994,5.21058263325,0.391772738951,-1.83907063582,0.317198477163,-3.97586327295,4.89139945285,2.73224464175,5.6249887675
"p",-16.410943402,22.0314000004,-23.491731446,-4.02580385191,-14.6449915562,-2.66527463522,18.579718032,-4.08084292704,6.3975096515,-4.92072711167,-27.616372798,-5.03081869504,7.07176068284,9.92730563328,-8.3475886822,-4.02104029844,0.541817649147,-9.35883007165,-8.71332988114,-9.87973317974
"h",-30.1246606725,21.34962896,52.4527219584,-2.09547254582,-27.7625850787,-26.7053363734,8.09000557335,7.98104068415,-4.5888173519,-3.66628546295,-19.650956084,-0.300828455949,1.77641864856,2.7826542869,1.9868081933,9.95300778305,-2.32479364952,-0.741514012241,4.39911306233,-7.36865722622
"p",41.4537310944,-46.3216291681,14.5811014954,9.24663354161,14.1321747397,-10.6901943137,1.26151569849,-11.6755226654,4.14570053388,3.16012382579,2.8302930941,4.37805288931,-7.23899452579,-1.1129928011,5.93537828757,7.09971356881,2.78033784893,5.46155158324,2.0572240645,-5.24809658148
"p",47.5992046264,-35.8429250529,14.068916517,-7.40274516424,7.19464325327,-25.8728500482,-0.373528154812,-5.06544212004,7.48367787304,-3.99928038029,3.14805729701,10.9092635222,-18.2268632026,-6.42542797247,-2.10764587494,5.49063345039,-1.71487037449,5.46748855659,4.39355516594,-6.18726275639
"p",108.876420861,77.7050513744,-42.9962040913,-38.977494162,-27.5610121902,1.95660328782,1.73390165915,-1.4367412269,1.78398551761,4.28366464493,6.90926434115,3.62712404581,0.418026689612,2.99360899145,-1.98156901398,-2.74038612476,1.33844832739,1.09780021833,-0.115702982281,1.42226168716
"h",-20.0522909814,42.2129162551,15.6130096053,-8.23227917282,13.1927767883,25.1844827983,44.942444488,-15.461543267,14.0019862019,-10.5822928872,30.2063286694,-2.02630411339,13.4332183069,-10.6105849072,10.9323672872,-2.78031915384,-3.67156648777,-4.92904522432,-6.6672605391,-4.07186432605
"h",-74.2327803911,1.87958397708,-42.2071227954,22.4570533725,1.12074960624,-2.26847048641,5.31821354995,21.5302051721,-4.0260259195,-7.48292151526,-14.5927858847,4.30488450461,-2.00928927212,-10.2049440302,8.02693424084,6.83045626048,8.1293804524,-2.2984330677,-0.474419887571,-0.222135963669
"h",59.402634959,2.53204797718,-40.0655788308,4.30249359071,71.218346484,3.33849551449,-10.4474485163,-10.7229837148,-2.00681789903,3.51934080914,-8.65744395534,-6.07426414937,3.92891416874,7.39835889379,7.17359524851,-0.267540875435,-1.79771554271,5.17500218442,-4.41981872062,-1.83499075237
"h",-47.8022387947,21.0534458263,21.444730283,-43.5740688138,-10.2206112481,-11.8668517444,-23.546078468,3.2602851977,-19.9059425561,3.6373195674,-25.3372932225,-5.06502335399,2.96603838977,-15.1649790926,-2.69077110202,15.3946236878,-5.59441450115,-4.40979017439,-1.04952352692,5.65051192373
"h",-112.296673881,-13.6609687402,13.8629745165,-6.11886908216,-14.7009061472,3.91404730498,-16.5981153308,-15.2743325465,26.9090714382,2.52799084949,3.11267020303,7.35619497938,-0.296624285603,9.34446366478,4.48057494716,0.175567179791,3.52583752676,7.45263506579,-2.96737609786,10.1396909414
"h",-37.9477080503,30.4490735776,13.5888686838,59.7379554692,-5.75010671701,5.66128187646,8.76226902929,-3.57598989062,3.97449844099,19.6256653193,2.99581813014,-4.57613598459,-14.2158689018,5.4921734598,-2.28673289527,-1.69652597427,-9.17935730548,-3.19380856792,0.575720357644,9.91018129642
"p",-24.0210085231,-7.5212338459,-18.3752511198,3.96665673047,-0.453300745621,3.15039724859,22.1684769931,-8.55030991921,19.4185321294,4.54430899112,29.0203572741,-4.10713239552,-1.49472771279,8.03813035284,17.1177031307,-4.50500301347,-7.35099538828,7.55688322664,-6.36643056407,-9.88081787496
"p",-35.2724196252,-40.1851425733,-28.6056891326,-36.2003326304,-14.6025740803,5.09582827453,13.9672490515,6.91391296633,4.29244334871,12.8154082184,-12.159866397,6.74541113157,5.6936130165,5.51359661947,-11.6618266927,-0.0211130112538,-7.16253956633,-1.0395076231,0.218880520779,-8.36183229099
"h",21.6786797073,17.6765034447,-2.34926843773,-1.87496216447,20.5429263749,5.12584936437,-9.17078416915,-4.1098504659,23.7892599359,-9.49608917767,-17.8820583789,-8.77327099069,7.64333636456,-8.03145108399,-4.22625720223,9.93636952968,0.351805406188,-8.39307743948,7.48773380752,1.4122901063
"h",-58.4301314261,38.8501467718,49.1874742703,-44.1845435946,28.5232755425,-5.15942422224,8.52778564399,4.45188873919,0.945387784378,1.07622817944,-5.47565440169,-2.88161489571,-12.5528741934,8.54217803619,-2.18000115379,-15.0522908001,9.82266828208,-0.63412404143,4.89185983595,5.34160443718
"h",-32.7833737527,23.1883264779,-3.05627291301,65.7650615312,-9.74347797621,-1.39975883725,-5.77964681804,6.12953930996,-5.65661024656,13.9482415361,6.90117796504,4.29866661242,6.39289686829,-8.54809341653,-20.5421164974,0.600230359005,9.19009447125,3.05188075648,-3.38148203535,-5.3100329266
"h",-125.029283536,1.12375486591,-28.3414179634,11.6103305564,-11.7079995606,-5.79785465621,-8.34074669695,-4.02364953942,-10.5458829909,16.5945967491,3.68335515926,-7.05519471299,-0.0629253930524,-6.4996351517,-3.52404745061,-6.16425131869,7.89968770622,-1.82551226919,6.47973154476,0.0330567835025
"p",54.5844674637,-43.0500858547,20.8727567011,-13.5923150993,-4.91252117806,12.6072584629,2.26515625505,11.4978289119,1.96298300005,13.8187429277,16.1118748407,4.93547914081,0.27684069789,-4.26459682344,0.8351422956,2.50993269533,3.98402510121,-2.32128624549,-5.13432181341,6.12689235896
"p",11.7747663612,-46.9687110767,-10.6838605386,-16.0257538862,-7.09992523382,-8.73120744236,-1.37560657437,-4.36087270713,-4.51299885966,4.50592612834,4.50626077226,4.42799408168,-9.66267239792,4.06168422679,-6.51765898764,-1.31532603328,-2.5919819571,6.22172330905,8.25094233901,0.0314569886488
"h",-101.58289258,6.47444081082,-51.3168869325,15.6266748631,-1.68313915873,-6.33127026368,11.7686304484,19.218888186,-4.94022121356,-9.33227408704,-4.00046465782,-10.3980589207,5.85366378086,3.59285290224,7.495169862,15.2498465749,0.719792314148,2.42573015222,-0.499840237089,-3.67773649126
"p",-46.279892621,-22.9089176714,7.60834365568,-38.589425043,-2.89319849554,-9.10809716117,7.80006744696,-6.49988945078,1.50876465019,1.51927392683,9.5557591175,16.1879315569,9.67224320248,0.184442758708,-1.21750927478,-3.93179341994,6.25525706967,5.4593175616,-8.22841736305,5.84737239948
"h",-74.6796580799,12.7453101787,13.009385362,6.55951262493,10.2670427649,11.6289455308,22.9528155339,-31.8474344604,3.38585458668,18.99339573,0.439371962963,-11.9395571335,-13.1469908164,-13.3055444822,-4.89952950689,-4.80332349856,-6.23093249389,3.93722005451,-5.90806658405,7.72630179505
"p",111.442720094,86.0012502139,-43.5251318287,-31.2400764021,-23.3700825762,-8.95177991118,-4.35448571221,-9.67588962047,2.16295047137,-1.15135264056,3.26355669156,3.10308918934,0.540150416647,4.41148759829,5.55384362429,-1.96494021179,1.56290081858,4.39174607935,-0.52223589504,0.0323504534019
"h",36.4914335367,-9.11379679548,-27.0930778776,28.1882391178,6.27415498229,-1.60295226288,-25.8906274558,16.0034170427,7.82774892747,-0.0606756649493,11.0223309989,-5.54232367119,-10.934449051,-4.40000054132,26.8406238398,-5.32858126099,10.0721669668,-4.09103577631,3.08757429473,-2.17969401981
"h",79.1221644997,-4.0320554897,-39.9365718721,17.0902412176,66.3047553178,6.39584015838,-16.1469100884,-0.147761231714,-4.93012706836,-0.386593200666,-6.89782861357,20.0556290522,-1.1969871675,-3.95050122164,-2.14159198243,-3.56307792434,-2.03123478194,-10.7166676421,0.104318756859,2.48302371602
"h",-34.8624309733,24.1275751366,-19.8052245152,62.1659858035,0.307400291925,-2.10646126253,-9.52172455531,-2.03040541233,-4.91929584619,16.6704644513,10.9721399983,-0.897562649022,-0.15888641958,-7.72356535229,-20.9694278116,0.75362947024,7.9317744749,-0.643236640373,1.01737266621,4.03588564751
"p",18.4089608108,-52.4822160083,11.7432538953,-19.4736845609,-6.42274085786,0.104157454371,-4.69302010341,-5.39957779263,-4.5970718258,9.08877035407,-4.11103327529,4.53757589398,5.75224232868,6.96351262494,-5.44889071077,-2.42189205283,-5.54173779635,2.66843577743,8.43135299146,-4.74160286211
"h",-66.7085568428,2.51431181578,-28.3919651052,-0.805654317807,22.3979876619,0.340117162814,39.8489733473,-4.09892407632,-3.38993934923,4.493646072,19.9029798125,-7.21612982619,-13.2428040148,11.2321037646,14.1062711792,-11.3568289313,9.52310171331,10.7491371523,-5.32678906842,9.43923239389
"h",-24.5249867979,18.4045158869,-4.93215551258,26.7616191372,9.36860164375,9.09177383022,22.5660318141,20.4008885763,3.76099817724,-5.53067238446,-10.4306265037,7.69258867512,3.73332813216,5.79663799953,6.32166171289,14.5476213998,13.6049071071,5.7983657804,-4.64574756444,2.97300657606
"p",107.301309992,82.3093865493,-46.862483692,-33.8515169706,-21.1414411959,0.736131335371,-2.86972959821,-4.72691255134,-0.445112046502,0.427364221836,6.09761766464,3.41627085111,-0.739661799841,0.927487383829,2.68530494529,-1.23605324148,0.465092693241,0.414379181395,2.76283701315,-0.970904225804
"p",45.7390278257,-46.5065720642,-1.52567895391,-2.67296840232,-14.8243686462,16.1742529939,-4.56385941961,2.2979559441,-16.9453118424,-4.03428335711,-0.239307634186,-4.05730653269,-1.09795543803,1.0711033666,-2.46129324677,-2.92585202631,0.629402140821,3.2830051032,3.77263719159,6.22352676667
"p",40.8975660513,-47.120303492,-9.4547797681,-6.51095430782,-13.4571406785,21.6356381154,-8.80285458004,1.37142922821,-22.9525667821,3.84942021403,2.54766685088,-1.33168365283,-0.569020555555,0.557219659544,0.392691405114,-1.88683150263,-6.23931707438,0.795876404856,-1.42028498882,5.30619052557
"h",-4.01903124995,34.8249957379,12.037520331,57.0450530304,1.1227798788,7.83680570728,7.90256420987,-12.6157410589,-25.3461531469,16.6529430992,-0.259111248717,-0.0847487446497,-4.62555956248,10.860264402,-4.2561597313,16.3544072968,20.7185813593,-16.5966438731,-1.91104513422,-15.1038434978
"p",39.3951198107,-44.8722173159,-5.91371483281,-2.6415111864,-15.4218350432,14.1869367554,-2.33878585086,0.126617419176,-11.3219260522,-13.6321112437,-2.11490839286,-5.84811226543,-4.09663205098,-2.47118983234,4.7740221637,-2.28360786091,0.00689614506419,0.202663093894,3.0447493565,5.17378814371
"p",131.812174412,92.1133140202,-36.5893529158,-26.1284755891,-26.091657162,-8.12514598864,-7.21381968515,-5.69527648922,0.225333747054,-0.586793865955,3.08697429236,4.6462288733,-2.1778698902,-1.31684155392,2.74856302072,1.50427391859,1.35976274969,1.15651993369,-3.04475676842,-4.46484913717
"h",-15.2708238817,28.2671544774,51.9726013863,6.8774976557,-17.4355063121,27.1142318929,-14.3801643193,-25.0427173526,12.2331058046,8.55173109318,-0.643199028545,0.703500303988,2.42292344664,4.48035060209,1.94542683741,0.831544146953,5.09976019498,-3.92683487534,3.084279253,3.64413557036
"h",-6.18528215918,9.84513596177,-22.2214632624,37.1134425223,-1.36875871634,-3.0914608873,18.5498484199,15.8569365052,-1.43165077216,-6.22924923006,-19.7073936677,10.4293241137,0.217553786006,1.50698511114,3.03810847028,4.5945888712,7.94642555329,-0.037125428125,-1.60367642967,1.68404883713
"h",-65.5178846879,3.54687703511,-5.54180393804,51.585083161,-23.7582743299,11.614103241,0.174652154963,-3.90959235302,6.97309254806,6.41188532045,-10.9418065975,6.37670760226,-3.71129977254,-12.4155512589,-0.304141388787,-3.91434884609,-4.22795537484,6.56158559888,0.315235775616,4.12992495907
"p",46.5696590454,-44.449853456,19.983457408,1.4068368291,8.81897879501,-21.0355265261,-7.71163388298,-3.82669573891,6.47353382569,1.88397420639,6.5986485453,3.96090926319,-7.02155851675,-0.892355741649,-1.10844371085,5.65417903586,2.38229753651,4.28241197906,1.04650372494,-3.56752780295
"p",35.6694186682,-41.6119442564,-4.32406367745,-14.4415975845,-8.38516744109,16.9917868292,-1.21731876543,11.916151484,4.88976000103,1.52471824526,-1.0444620573,-13.7064507395,-1.38965424435,4.17259081253,-7.31185861479,-1.33485853197,2.42108736735,-4.25716566293,-3.96374564097,0.724963791605
"p",27.0228958044,-41.6090015346,-13.5166578074,-5.12549787817,-11.0579128461,7.41916494606,-1.15593767224,1.74357943216,-13.4179618592,-4.88214670645,-2.09742457625,-6.05301550528,0.319296347308,1.06137253747,3.09487343303,-1.16971047866,-1.01859291753,3.73404877179,-5.27629979311,1.16339201684
"h",-46.4462929612,15.6844919467,0.450853506088,57.6067628377,-18.506899957,-2.10469376302,-3.41494860756,-1.40303609373,0.838673214384,5.08919500837,0.600418546289,4.14578710462,5.04983094535,-12.7019428585,-12.817304563,-6.03451218843,-2.10335877364,6.19585556121,-1.38290971854,-4.46424572404
"p",1.99426752943,-45.6188732885,6.06538799102,-4.96585189605,-0.930816697711,-11.8268129372,7.38465590494,-4.62956318545,-1.67397035248,-7.41262706889,10.5987475635,10.0209005726,2.52259204498,-6.54452853066,0.219549884057,-2.07051001161,2.50389394909,-5.84857348415,9.50568500605,3.8385315871
"h",-95.4928312177,28.0252090335,12.4928216001,-39.8156447442,22.0751043082,-8.1868194713,-9.10871781964,6.34952242899,-13.9269406595,-3.38746281846,9.77975092365,-0.439656846252,-3.48603671576,-7.40283645799,-2.01688931953,-0.0681011272787,-6.24594042368,-0.167670682225,-2.30059124295,-2.43936899636
"p",-1.40415594542,-48.5721905063,-6.06299013141,-4.2172241814,-2.7565124537,-15.8831005033,11.743247638,-3.13594099559,-5.48193776422,7.21657913639,-1.38593746014,7.81169187975,10.5054491652,5.6053575464,10.6046797014,-6.7945622696,5.05835392383,-3.66422719726,-3.59202048468,3.81324912599
"h",-95.5032953372,26.8572642945,17.8151943415,-39.2147425229,21.6131369226,-4.15591174975,-10.2920014146,10.4397303585,-10.6698355547,-6.30204594369,7.00291090957,-4.57845331522,2.91059242438,-8.44281850363,-4.72840780854,10.4456460757,-2.14772119363,8.7317231749,-11.3565746196,-3.43617828
"h",-107.386433752,16.0018058526,20.2047858858,10.91278648,-2.09361687073,19.2846688954,-4.39561046484,-4.9644598352,23.2313005091,1.31702134267,7.17973377908,7.17959591652,-2.78446151863,8.46098598045,-6.58450697931,1.41476975827,3.04510626153,6.42857495165,-6.60423661471,2.91728313602
"h",-119.508955502,-0.375708090954,22.3891140645,-5.19431476023,-13.5820491003,10.6587820706,-8.00180937961,-29.0680148709,10.4135598647,-5.99708356834,-0.701742110233,-1.60794073302,3.92478398115,4.53549501553,0.252978496137,-4.51911482003,2.97986347289,1.03016949061,1.63662974034,4.67098248995
"h",-1.43679206755,-4.39335633327,12.7854512716,35.9237552136,-6.57899137381,-18.437648433,-2.08696726454,-7.89281752382,-17.0163692353,2.13174348452,-10.4447505888,-13.9922813976,0.890084393337,1.61105083007,6.20274111196,-13.8242955803,-10.1718258262,21.3337005742,-0.558198243826,-10.1938086706
"p",70.8080745927,-30.9969183194,3.68467250615,-4.16935004478,-4.68585758023,3.45026703933,2.51393495949,9.97349937632,8.9230542572,-7.33113047308,2.00247337865,-12.4987842725,-9.2385330268,-2.55109630357,2.19905219528,-3.91532240581,8.54371890242,-1.00143101896,-12.9834809377,-5.597777631
"p",79.2247646538,75.5021995273,-45.3967957736,-43.9619455812,-27.0398097394,3.85675514415,1.28614378204,1.6034221515,0.675592572371,13.5761376846,4.54730507963,4.19620144915,2.41381721276,1.91013156214,-3.10153583359,3.23992243822,-2.8447772665,-1.69988994426,1.21177668018,-0.862770464842
"p",132.174829727,105.044700604,-31.5305257311,-24.7720965828,-22.7322488809,1.30589721591,-10.2454556792,-5.23366995686,3.20075655454,-3.38102303367,0.62054251721,-0.925615886748,-7.31870587331,-4.38570883945,-0.028652954257,0.686346470346,2.62424608242,3.42469602225,2.82990158869,-2.09999090123
"p",-8.2664176427,-45.0994127874,-15.1610566988,-19.0818534522,-9.71641087171,-6.30807534896,4.43618612796,4.91945666856,5.92910459914,1.30604282044,0.427108623563,-8.58913659765,4.80074586151,5.29648904968,-5.49026279639,-0.391126560744,-0.961217039308,-4.53845238298,1.37379895216,-4.95963410278
"p",135.825253125,97.6419798736,-30.8553691758,-28.4438771573,-23.2297249685,1.24810945866,-6.01656445663,-6.06875810842,2.27971293089,-1.06460007621,1.40973986493,2.41051160669,-5.92899519131,-0.253188177819,2.66151890397,0.321440976505,-0.497320862091,1.8965586465,1.46940916459,-0.509290444485
"h",-74.3466823073,15.4243237004,-5.89496925219,8.02381714462,5.97728107766,16.7359673145,-7.84896238716,-8.82651460593,-10.3036305219,-17.572424766,-3.75977044743,39.1655723462,1.48698879195,-0.268048086562,0.942230484613,-6.76862139722,17.2890018111,11.3186445701,-0.920898698838,0.77168507085
"h",47.9816312518,-18.6721564059,-41.9779125037,-3.10467875172,62.7223755358,0.767647327179,-3.59125480703,-18.1497242393,-20.9184805363,6.93638257162,-8.69982362312,-10.9220616405,13.6064716125,3.55656055062,10.7053962846,-2.88037696287,3.58878076982,9.99892360281,-0.0594298265819,1.86103107945
"h",29.7443252988,-7.07359516426,-31.3530248886,27.5073892918,29.2447045659,-12.7792754733,-0.815024370565,-5.94329186532,-1.79712336734,-6.8098106643,-7.27854234964,4.39579974212,6.13900284799,1.16343872778,-8.77644325711,20.1900245754,8.72090709281,-8.50649385205,2.6004996476,6.52349105871
"p",-35.6972887894,-31.7364571929,-0.46404636855,-43.7049062092,-14.005948258,8.31818926939,2.72650370068,13.0902690626,1.6311829651,18.756047317,13.0070416652,-3.03085338233,10.1657963375,-4.61228640007,9.13920373526,12.4783948333,4.25293635698,-1.60030635627,-4.33141236897,9.0902185722
"p",54.2820729128,-36.33984624,19.8148616364,0.779344857387,8.74351039839,-22.7315726674,4.84951535723,-3.41589542169,6.77110051863,-1.3581395248,5.81127028218,12.0646443742,-18.3553154932,-6.8697603854,0.579200753523,8.27643778778,1.70291702624,6.24094612349,2.82224491442,-6.50427482038
"h",-105.955268764,4.56836853774,-61.7585796851,1.72248982358,0.242050931551,-2.34036266543,7.22944990047,10.3469542046,7.20183445678,-10.0865592925,0.902911455789,-8.76782701614,6.56127038599,4.8579774445,2.79377970876,1.63032436072,-9.73734440148,-2.47763124892,5.59594423888,-0.162547732783
"h",23.6513721882,21.8044536923,5.45605343734,37.3369585483,11.5360585195,9.85920948548,3.98602003633,29.2719482093,0.479809708938,-3.94352611065,-11.5197156946,21.743034059,5.20119812463,-1.32091269743,-1.25817807732,-0.622858559253,2.70949517434,4.01363065964,-0.905454842879,-2.66662575753
"p",55.8196871158,-41.0226253848,12.2321441189,-0.721421068306,0.273688973755,2.11485204196,1.96852433176,1.04862694123,1.81216905589,2.31370969097,13.9415112488,3.39247289372,-12.4273452895,-5.72156919265,6.74944128509,7.17280834809,3.17249087687,6.45357423886,2.54970275223,1.39309685769
"h",44.3845832133,50.3245650767,77.1050205745,20.8008205168,32.4518208855,12.3675696568,46.9668695787,-6.59042524416,-10.39782208,-28.9660804409,2.94511513386,8.74800367488,-1.55910363709,28.1048803538,-7.69211268194,22.1644003006,-9.67012061885,-10.7988991535,5.13425214358,17.6774870951
"p",58.5006998739,-46.5462972049,10.0414448654,-1.86484006897,-10.7682396718,23.4310952899,-2.45417335277,7.39788688114,-15.1937518878,2.27650581757,0.161433611034,-4.11129704833,5.61485898516,6.6356416477,-1.55460057601,-3.8995290691,-1.93125596438,3.70725838659,2.11924525515,1.41768191392
"h",-71.1308668071,4.19937791396,2.563982261,30.5667281272,-21.9141381045,9.97660810389,-15.128820136,-9.13478970055,6.52883185504,-24.1559140776,-2.49910752161,23.7978472663,-2.60308984381,0.397396870449,7.38659375271,-5.16102981639,-2.50327153389,2.10443430282,-0.897266520295,-5.08458197008
"h",-21.7983922517,16.23553482,26.8329545998,7.63050771126,-20.1633353441,-22.03139823,1.50891643566,-8.16500330311,-19.9885953665,-7.66734109445,-14.3322221471,-8.27196922673,10.8080069898,-3.76966223598,0.167164663224,-5.90506194212,-2.70599889258,4.77785221401,2.31129856224,1.0928758036
"p",22.7008959117,-46.8083657588,-13.8674045078,-2.8290982861,-8.8548900268,4.74708107875,-6.43411331652,0.698375168979,-15.6941113152,-7.45159577829,-0.689638673566,-2.25337115936,-5.22494395076,1.73607871392,-4.56857754287,-3.14351019627,-3.82241859822,-0.710934792231,-0.0250244034342,2.53022329529
"h",-17.0316025769,32.9205420039,73.4268013868,-0.44413539598,6.61258762893,24.6599034,-4.15244087541,-16.8783410142,22.6978744751,-7.868567266,-0.618029782267,-1.2097600352,15.0898931466,3.81531918328,13.7262338393,8.77390101181,-1.8150714035,3.2308015675,0.124239503797,1.12934960829
"p",45.6361749294,-38.6376088036,29.1366679019,-12.0743217158,2.21739305171,-28.3099259895,3.82394664944,0.0959141416909,16.4861099752,5.43568663656,5.53976988858,13.6686125628,-0.973578964404,2.68884313116,-5.29165764219,3.91824986742,1.78368322349,-0.539063423001,-1.20309328243,0.469317840266
"h",49.6341237867,19.9399459605,59.5692335784,12.7696498495,-14.4563665343,7.09617750843,0.0123804906339,-7.83664122031,-0.0675649529864,-4.92406176954,-12.6446854225,8.15557304962,-3.85391144558,-8.72529793384,3.29210736345,7.80376648816,-7.22380849287,4.48089430181,13.1031046563,-3.51824430113
"p",-24.2041425386,-17.3731561085,-31.0610538309,3.68596539653,2.29485907339,-5.50783368484,34.0321546096,7.57169368142,3.47681384068,-2.19922720703,2.54198057942,7.84041186169,-7.92512654111,-3.02605238939,-6.96628834579,-1.83465630884,-3.80867368676,3.69928877028,1.97674603915,6.62553774041
"p",53.0025678798,-42.9527008725,6.79912727054,-1.02890882064,-13.7307585452,20.7590986837,-5.02488750776,5.18657342329,-14.4831127411,-4.34814779126,1.22011253104,-2.15607119424,-1.26044760053,-1.9652780738,-3.84025563465,-1.17721885532,-2.19226873488,0.792224531748,3.29844774437,6.65901143993
"p",-19.7898407314,-32.5912928311,9.22346488257,-10.8522711652,2.99118878064,-12.7480784516,7.00805339437,-5.51733596625,15.2014353743,-16.7438832838,8.86898951631,12.7774975483,5.12959979275,9.49432048432,7.91215483745,3.11064836366,-7.81718273395,-11.6691551488,3.24099439885,2.55255574077
"p",48.2391582141,-33.3432196814,12.2967086202,2.40650671789,12.685026834,-27.6003062035,-11.7990951025,-11.8767085447,9.8239992303,-5.12194586398,-0.0996395125016,2.82141194257,-11.3160186025,-1.51048487523,-1.85297632046,5.73737961784,-2.40604186283,1.19465967925,2.68527030445,-4.95047260765
"h",-80.3551173748,8.55331322679,14.2028113902,-6.6223672497,-7.77697535328,10.9388009466,-33.3263429644,-10.5653774446,34.0820844711,1.48270054309,-0.354521798881,-3.56112212801,-1.89230561055,6.75792889025,4.83382433704,5.59734034823,8.33686186003,6.01022739644,5.5862944156,12.7858132933
"p",126.825834475,99.6661896494,-38.3608043118,-25.4584588754,-19.456837274,-4.64678077903,-3.55663467976,-4.2512833349,-2.5011914225,2.73520710681,0.84421866133,3.91045069294,-4.88918046479,-0.319021163221,3.64827568044,0.205200318323,1.0573860172,1.09511290711,0.217534446949,-1.83681105911
"h",-101.151136665,38.2205727409,20.6462011628,-36.0937128842,15.9853746887,7.13968626186,2.78218346855,0.0918256858599,-1.1432124278,-8.95560394414,8.48040133032,-5.34816284004,-12.0151414861,-6.26358319872,-6.81088237688,-1.40697954405,-5.93620244425,9.31585832036,5.98471561318,2.81792300278
"p",-43.5806042876,-11.709569725,-34.0870249339,-21.0141413767,-1.38871242581,-0.144552505828,24.5863540255,5.29885248084,2.70112877014,-1.67648660181,-2.90865093522,1.29932318549,3.27273395133,-6.15367627914,4.26589263455,8.30272088181,0.6279021945,-1.48537985615,2.10098998265,4.87786061164
"h",-81.1387135336,37.9836619176,31.1731919313,-36.001283404,15.4639758131,11.5346202441,-15.9464197358,7.98334577838,-2.38029215562,0.187445533221,-0.893044112371,3.76115868331,-6.41149092425,-10.3881741631,3.47631548531,7.35561667609,-6.08053451357,2.3269031319,-9.60823459777,2.3304800654
"p",53.7809596057,-49.6707888219,3.7008061952,-4.62551001202,-13.0127699548,20.3924897859,-4.23049687519,5.83997253087,-15.4809444999,-0.454212415974,0.951300967477,-2.28400017396,0.431801057193,3.10039400309,-0.59077212132,-1.21677910267,-1.05269330398,4.27931872276,0.0891878622776,7.35542691492
"h",-131.355696806,-2.53628513637,-11.5856065034,-1.2220753428,-2.86141753009,12.5310176528,5.44793522726,-17.8531640399,11.4395842752,1.56445683781,2.60531565039,-3.80726600135,-4.02608533702,2.38435677968,-1.60695036861,0.504480760643,-2.49916589006,5.4608751352,4.05452758807,3.22662191938
"h",51.1013985881,9.2830180071,-41.8783826968,1.35494109803,75.0975731968,8.81921113738,-15.7996827823,-12.1160387303,-0.947949556957,-1.1868008095,-2.41226627913,-2.63298236015,8.98060589893,5.416019312,1.67259704568,-3.77845631608,-2.68648417076,-2.69970757674,4.50180292031,-2.96180824977
"p",-8.78918485947,-37.430185596,7.08947949619,-0.4246555402,-0.183928227447,-15.0649638369,2.01812903314,-11.6638139895,12.9429467506,-9.94953633315,-0.654607421462,12.0781303696,1.20373757615,9.85839349867,6.46717710131,-1.47909508235,2.4816757238,-1.04499277563,7.86232177025,5.93869893568
"h",-87.7723700686,3.09782919021,-17.5752514267,28.4217562052,-7.47642183269,-1.69739989573,-7.33653618263,-10.5572936009,-3.38887871614,-18.6759518422,10.2248011217,2.4461856851,6.99228501805,9.59018924368,4.84461406599,8.07683966445,6.45175607633,-1.75341681845,-1.74500123728,-6.79973052281
"h",-103.277490817,1.06122206435,31.3109361321,-17.0630369215,-14.6458661923,6.99598816414,-10.7505351533,-30.6801190548,17.2641968121,-6.00911764188,-6.09769179067,-2.22494242882,11.0508230603,-7.86707573487,0.0163822039076,1.00825047058,3.76336892602,1.98318637214,3.58803222159,1.77447586457
"h",-51.0958268329,-0.785350466391,-12.7269546173,27.4176301948,9.83681602461,-3.48783509625,-4.48211650003,0.63522328952,-13.6100096997,-33.9428629947,24.6164515678,15.6022700079,5.40584499997,2.70115093182,0.320280776075,-3.07438479996,-6.9194006978,-6.35957357724,-14.6468296552,-5.9128747763
"h",-61.5111790689,-3.38442573437,-63.853978568,22.2099472514,-8.0877762589,-5.51804894039,13.3454998463,7.79814320281,-0.479487940641,-10.0064944,-5.04515663607,-8.26409314968,0.972713553641,-3.54812720048,1.24251907222,1.04589272655,-3.18210962853,2.94076126186,10.8006489802,-3.10999648157
"p",69.1902299861,-28.9915009429,9.18702765768,-0.297501344872,-12.1318322504,7.38565348815,-4.02762994383,3.16737885025,5.94456002218,-12.2391037154,-0.383886449713,-12.1980479408,-10.3806419616,-1.63491180812,-2.23186490145,-2.83381729587,5.73661097681,-2.61673575267,-14.9015506629,-0.375227052723
"h",-16.7326464025,17.2425338751,57.2975134922,-44.1120990976,-4.26234937626,-27.0474203386,-20.6421943676,7.79692406225,-17.0748366955,5.52783545787,-23.610772681,-0.676499771813,3.68134353907,-10.253120388,0.800531729792,12.4710705794,-1.86431691938,-8.89859928862,-9.28173667795,4.74342152282
"p",2.95346186501,-52.2467380786,-30.2155418579,-2.61646650266,-8.85730879717,11.2531016003,-0.308755096215,4.5139970418,-19.0965668283,-6.16332729531,-1.83940751618,-1.11892941799,-2.80332130572,-3.33696394732,-6.40309417947,-5.05340343142,-3.61679093476,-0.0497722388344,8.59515822954,4.52378735775
"h",-62.1395466031,36.0094582539,52.6200824285,-45.6413754266,25.8256120142,-2.25393464229,-6.18252048157,14.536287434,-1.84880171052,4.51009067101,0.138714599812,-5.02031320809,-7.11772809763,5.73651975697,-0.162843546308,-10.5133464955,8.22869881304,-5.5729233832,2.38147728099,-1.58457885155
"p",-19.5060687269,-42.3649299441,-5.84970388598,-24.2752097405,-7.31357804397,-1.13769926258,2.16109126978,3.75794150044,16.543516735,-5.97329479192,1.8208455729,-6.27160236117,11.1072056631,-0.592468158048,-10.0837035733,2.98209474164,4.30225938189,-8.94972033198,6.72234312276,-4.66456937224
"h",-32.121651697,11.0720616351,0.392777755583,47.7233212597,-22.6827891782,1.52096589464,-29.4625888208,10.0883517349,6.73188552123,0.998528891549,7.03537192661,4.71785633094,0.213497984057,3.43434328357,-3.90145560776,3.1867252776,-6.82806386836,-12.9382005632,8.73668640037,10.59901158
"h",99.8683431657,55.2883545915,77.7813385243,44.3239989016,3.94937500538,4.92974321058,44.9872924802,-14.5346771643,-28.5500278821,9.3138874935,-17.9748158791,-6.1681813569,-15.7513721794,4.66657548803,6.3243323896,7.29760654459,-2.2441197697,-0.694816246593,4.52088358449,2.67291274883
"h",-60.2500547355,7.07638883344,23.5978842256,14.4074347585,-34.6366248211,0.796159464152,-26.6210410291,-21.7808554676,15.6914096074,3.05961853059,0.761369884936,-4.88520765054,0.144664408624,5.12733330814,0.453819661161,0.109820503624,0.401751717789,-0.989231879459,0.962140854972,7.09404561228
"h",49.6439214178,25.0658926521,22.4191677065,38.5773501319,2.6879052125,-3.00872493405,-7.01033497364,20.1738861125,26.4315941057,9.5461736678,-2.95201402999,-2.10437462882,7.18709995999,0.654025828692,2.82235768043,4.2201900519,-1.27936164195,-2.62195093698,-0.797133081403,6.96566980987
"p",39.93135927,-52.2064987848,6.05497758743,-11.2914883815,-12.2776754346,6.27678461193,0.339841398497,-2.09169489704,-7.02510917714,2.73648370519,-2.08458489818,-0.768277377142,1.92412080573,8.6487266187,-4.66063664387,-0.900455922521,-1.21098209791,3.70571060006,-1.57769596961,-4.15776467182
"p",9.1848270713,-41.3108630262,8.46763229034,-10.2691709199,-0.142862647394,-20.4195168865,11.7337851444,-1.07274576956,3.52877176696,5.07359559743,-5.59927601301,6.55915659734,15.0328107089,5.84579591133,10.3751158381,-5.73552213564,2.540056721,-6.12195873315,-1.65138289264,4.61111436249
"h",-53.7883256253,37.3399137472,48.5188294236,31.0979572044,-7.39631141825,22.199238025,36.1144008326,-33.7489765869,3.37008905332,-4.46248761061,6.38041528552,-2.05474913559,-8.42816476855,2.65801103594,-1.04491472254,3.61860717774,-10.0694829037,-3.32173023945,-3.77643179346,3.51876592518
"h",79.6412095867,-0.613820352683,-44.8752971415,11.6070569384,64.1840826342,8.04924518628,-6.27169397976,-15.3886487966,-0.718905141089,8.84708296865,-8.59489883767,1.95822417833,5.64213682892,7.87754150092,7.79459327229,1.20736736827,4.52897962531,7.48050829595,1.35727356014,-7.92368015001
"p",61.8809042346,-37.9443885356,20.2309947748,1.54750678502,-3.12793336086,27.2962254125,0.203983506211,0.676532789767,-7.14622924769,-11.8068180163,15.1962668849,-4.33678303706,3.7778380942,11.5358146387,-1.05150601312,-2.48613056782,-8.85192747224,-5.23325436408,-1.45591402811,-3.45423283796
"p",39.0621362337,-50.9049821518,-5.4026105031,-5.82075474323,-9.72492238171,14.0234406361,-6.07438125891,3.95724119416,-17.3130444783,0.364902426697,2.70173896553,-0.248286505581,-3.50564756084,2.59158626417,-3.39502274487,-3.82869123283,-3.18469383633,1.94454541229,2.65602158806,3.67290854164
"h",103.199781738,24.489526295,46.4304995868,43.9005221615,-7.14621085111,-23.960085503,3.47296741424,7.73679061334,-14.6112331556,-5.74208895025,-8.2291224837,13.616924078,14.1512257742,-7.54661255923,-8.78488177036,-11.4594154848,1.27089942003,9.31164200583,-2.78514376895,6.95119203593
"p",-12.5860569745,-3.89860543275,-32.6182357114,-14.2461941313,-5.84710120301,-18.1479716355,14.7332420047,-0.899221741281,-11.9000910693,-2.4984678353,8.93668399734,1.94601733573,5.13683910971,3.13931054047,-3.97697313445,-4.09649332714,3.12290653051,-4.66921810663,-3.47065590439,5.65666661935
"h",37.2985565069,16.6628930448,12.6362777829,33.5266953866,-14.7157134425,-28.4621013225,-10.114450691,2.42698101185,-18.135601642,3.65815704799,1.70073412731,-13.0298431548,2.31876318941,-0.257764349917,7.15782442149,-4.79958922776,-2.77784153646,3.64764419863,3.24667868646,1.78225791012
"p",53.0303761921,-38.4931217423,26.462964447,2.2254634803,16.6122040086,-29.5759312704,-1.32410851729,-11.0460299936,12.748747887,-1.37987880378,-0.584681064282,6.04878099182,-8.71884343075,-7.53567284342,-5.59727723112,1.94396361558,-3.07057120234,1.71157381878,3.59432933711,-6.9164140387
"p",-54.8168797666,-18.0217684629,11.0861116325,-15.4227444987,-3.78615960816,14.2420075952,-8.11662734261,-17.7966347364,32.4082725997,-25.789883241,5.41489975358,-7.43067535792,-9.97408652994,-10.3789115796,13.7402062633,-11.4318779676,-3.25920194115,-21.0808139898,22.6572319556,-6.73996729737
"p",83.6896726984,74.5066159487,-44.0179595816,-45.8214054153,-22.8901416424,0.328603143368,2.18592074576,-1.81788640771,-0.275305279198,8.98754406979,8.43540839002,5.75940262665,2.46134644492,0.565477852306,-4.53930332808,0.291327088663,-0.247159283417,-0.388803387584,1.77212321779,1.06980681213
"h",41.180283349,10.6859315859,47.4540085171,31.4550781412,-21.9570901964,-12.9187944915,23.3055727569,-34.3773726035,3.92304711067,18.6632764742,-2.54943621105,-12.8657933935,3.86264297374,-12.3134321367,-0.108819343007,-12.9153074254,-12.6549937419,-11.1567174358,-12.1221338193,-3.15089338512
"h",-88.5179365756,-8.91962749379,7.55192253961,20.0397333679,-12.4373404756,2.93391005016,13.7172684946,-25.5140661314,7.61593115712,-16.7852340126,4.34748982077,7.69421497011,1.60586623075,-4.31912606191,4.25911009014,-2.77484633159,-6.00724842027,-3.78115051333,-7.1033889864,-1.1197671497
"h",47.9787160547,40.9132641749,15.0673197466,20.4222881973,38.0265326723,16.838841944,33.9211975852,-2.8142609092,11.9987909114,3.78884804362,-9.93240252779,0.951928947656,-12.3656520258,-6.92746410516,-7.99833715952,5.33837620925,-4.66327785851,10.6944985325,-2.40206960185,1.52537872239
"p",47.0540412499,-39.02080391,8.01525262352,5.51978428378,4.72871269256,-21.4548061141,1.04573060014,-2.91078253055,1.54231219348,1.19155268711,10.7043939159,9.287646147,-16.3995653735,-5.23399844841,3.94924328317,5.57274008399,1.66387717275,7.90431415114,0.86233291798,-4.75407438704
"h",-25.8019224853,18.2595544803,-4.55445638671,20.2361718493,0.988950586884,-2.44846625643,6.98285268366,15.6783096436,17.0901114383,2.8771891095,7.40585041275,-13.1505713524,6.88623221848,-5.64899368068,3.95952662972,-8.07319243092,2.09710987807,6.30523143716,1.67759990856,-4.08842664018
"p",64.6607358684,-30.8798055425,6.78754095897,3.26275170671,-7.02096901873,10.3811106638,-5.46059843438,6.27580382713,6.90040484126,-6.91346862604,-3.69286899002,-15.1071567242,-10.6488584763,-0.241155107344,-3.38407709774,-4.56288983743,8.28123690817,-4.18997982654,-12.4301468419,1.44664125579
"h",-45.4555868181,30.2724526816,39.9725275923,-32.2766648882,-5.85555847353,-22.1367104463,2.85944254761,-4.73486897106,-19.3412996427,2.41827421009,-15.8399612827,-4.98214094491,1.19921951453,-12.9946743291,-3.09072323243,7.76126119249,0.157814116294,-1.91642460698,2.17986284682,2.6068884009
"h",19.1751278306,44.4085034068,26.8305398281,18.9496464643,13.8847240993,22.6599108085,37.658704691,6.75182645215,8.72780371414,7.06009698502,-9.44254852908,-13.0479605854,-7.39715606749,-7.23660469314,13.9128222229,0.38964501733,-4.12105350115,-12.7714455724,7.199812417,3.12669317732
"p",29.8045936406,-51.6471085701,-2.92029304476,-3.00702043475,-11.6461940417,13.2012517807,-4.85092633574,0.688491285865,-12.0033105087,-12.081711589,4.5602416256,-5.20423496591,-3.31785710398,2.2297265124,0.122138443928,-1.79869567502,-1.01836529824,0.0189933387652,9.54669355319,5.84512430766
"h",-50.6402402088,14.1336214605,-28.7032521572,-7.58273545141,-10.6718508902,-4.94775098443,11.1261819866,-0.579768002052,-7.34991322471,-12.0164468382,-12.0755664614,-9.92838154542,0.0366646674352,-0.196370908611,-7.20723643994,1.387862095,-2.14206895426,0.965772789555,7.55436675344,-2.22843340581
"p",46.7394828927,-38.0014354543,6.43603008541,1.04838028299,-6.2773746297,20.4933859329,-0.982283698466,1.99807007783,-11.2492837663,-8.82137199306,10.6009622304,-1.5270718008,-1.43020265965,11.2077551296,3.72225289116,2.81650921764,-2.51538991229,7.03426709214,-4.82813210316,2.16782019404
"h",-99.4888039389,-1.65238789443,-6.74177431718,25.5827974563,-24.9984962676,1.89648763113,-19.6294017968,-26.5967636636,1.61766956173,3.94086788431,-1.1224827052,-2.04400199518,2.43876195497,7.9062425753,6.97405092717,-5.97471699863,2.5489609289,2.71481532392,-7.72247490353,-1.98523142221
"p",32.3004039755,-40.1820843434,-14.6133712529,-1.75316578434,-15.0495670695,20.9765743521,-4.8795053806,4.19429575391,-12.2732072459,-10.6785309837,-2.53346559237,-7.45868065433,-6.52349765776,-4.02828606531,5.94721730479,-2.99565154634,-0.752638337256,-1.4486076707,7.63488129872,9.47338673238
"h",-26.835297625,5.88100201527,7.22527608663,7.86465314866,-17.8242689248,-17.8533250532,-17.6002519449,-15.8717485497,-14.5861905718,-7.58404192555,-6.68832176393,-11.2136915016,7.52428328072,-2.8091969305,5.32483498338,-4.27840809946,0.924853532527,1.53021171796,4.2776266646,2.07551933856
"p",-0.584556842956,-49.2464329887,2.29656868954,-32.6659045867,-3.69020429183,39.2438076695,-4.30905877735,13.7111595679,5.3406397176,37.1717315459,3.44689345482,12.0164931942,6.49078418284,-4.39480952559,-2.0963501495,10.6526041786,-6.48107618858,-1.50646043411,-2.16687705588,2.52414129412
"p",-6.18723044496,-38.0719632595,-17.4256187562,-25.1923099481,-16.181533594,-5.5867365533,10.0915243776,-3.61269012136,4.02124107872,-0.574278514384,-10.8566922621,-3.57045750477,2.986412886,5.60880280093,-4.33516723579,-2.05078972714,-4.51503567273,-0.809424222426,3.26282567317,-6.85433822789
"p",68.3581422732,-37.6199383084,8.09375534881,-3.80575782564,-5.71142302621,1.73231070738,-3.10906842936,3.17404318922,14.5273381287,-6.87154135844,5.18742715616,-6.70321621779,-11.2160058397,-1.27774761922,-1.51642327215,1.41167288287,7.86743107037,-3.68619835796,-12.1714890126,-5.76900854115
"h",-63.086279746,23.4950146713,5.8110913574,27.7294140142,-1.05388287133,14.1464057792,14.6204536928,-31.7578944078,-18.5715256044,12.8628208509,0.0568920017976,17.6809163646,-7.07739922119,-15.0604315148,3.16391689199,-4.16166161491,2.65522153822,-5.86825334513,-14.8108919981,2.73133137683
"p",111.557180275,88.5255736094,-45.594057245,-33.2414518233,-24.677964942,2.55896520194,1.42737743627,-3.0427152254,-0.110450209679,-0.640385682425,1.49855457544,5.13662634387,-1.21228122117,1.65316198771,0.522676039786,-0.460260024725,-0.189374502001,-1.32751783646,1.44351155294,-0.710001073338
"h",-65.0273566126,9.09142491301,-35.4515379991,24.2943243334,-4.6800763603,-8.43550592569,9.64833673181,16.5693609151,7.43942634129,-7.62141219185,1.64613701895,-9.10513237934,7.11387569747,0.637509873588,9.58559337843,8.19890098902,0.23724157571,8.35779383719,-3.13282746003,-1.12878037929
"p",-119.366517817,-3.93516316752,-46.1604037125,-10.9315411172,-11.0464113757,0.69875395217,1.14726027128,-24.5904720172,0.866550113254,-3.85019095632,-15.753981693,4.30303146312,-7.27839714185,-0.869350224065,-4.10630032029,-2.7203516041,-0.590115146518,1.65755942738,-0.33105205643,3.29400113159
"p",-14.3428428077,-40.3628266976,4.09286295852,-19.1007704444,0.477705125266,-15.2163413311,2.65392963281,1.15139545728,-2.81426646841,20.8265080963,-3.48907057826,7.5152895882,20.6885078032,3.23491448246,2.55515743594,-1.74245458623,-0.374123751889,-0.442498708088,-9.53643570925,-0.762356586412
"h",-38.9603300785,4.49964666309,-9.71232386417,43.9565416053,-21.0990039328,-6.85402706593,-21.3888020715,11.7226148902,6.48083423572,2.025155672,5.82805163268,-1.79783886078,5.04526693184,9.44644289727,-4.61395735116,6.91159882192,-7.10663373838,5.04156650735,-2.12016639614,-2.67047026085
"h",83.7195726814,4.81032314445,-27.2209588562,3.72958148134,56.8494893513,8.89019372972,-27.4385070484,-13.8008120905,15.6750784736,-5.07792704391,-15.8803521755,-1.37846141516,9.83501966496,5.00998580664,-0.482515547127,5.69297463518,5.26690397293,7.53154737429,-2.0579188612,-4.28377044452
"h",-99.7856050715,27.5849013756,20.4546208587,-40.6533254297,23.6227592092,-2.19653026647,-7.3579729998,12.7708928341,-12.7684507567,-1.14944205441,1.75750148697,-2.80475942382,-5.13800639182,-4.42069444856,-0.692563386381,0.707989570352,-3.50181431469,-0.536786485442,-2.39168292681,-7.33601822637
"p",46.4091984104,-50.8010904957,3.30755655129,-3.90329785764,-13.4981732398,12.5691362733,-3.01952783103,1.49165249941,-13.7316738023,-2.61284696654,0.333290545303,-2.67441562948,0.457543025741,4.29817116457,-1.80391405349,-2.38859194645,-0.924052663494,3.76857461969,2.88538625293,4.51291302271
"p",42.4103173551,-39.2963639487,8.51371886944,-1.51037813808,11.7762573935,-27.0545222777,2.12711894989,-4.29715809828,5.37600958272,0.570378341108,2.77005770539,6.57700687411,-12.1525210984,-5.51728240015,0.311687536773,6.06162414051,1.92804071773,9.83649540203,3.18876404674,-10.466431142
