"p",98.32009908,71.341957383,-35.1411013366,-40.1983289951,-19.3046928041,3.55583792274,0.4314152819,-3.97730826295,1.78249527328,1.79074902804,3.09306541143,2.96159470948,-1.68012932057,0.188054934786,-1.95838263489,0.880220497721,-3.95202812987,0.150506321835,4.91994593134,3.32450419266
"h",29.7570554068,-7.03510888587,-31.3359664267,27.5143260032,29.2805454369,-12.7709605934,-0.835674878996,-5.93693163142,-1.92427954955,-6.70819890362,-7.31842199529,4.43420972226,6.10495570414,1.14880963666,-9.14661442819,20.040368145,8.62694185194,-8.42371442362,2.56760792665,6.91976129874
"p",56.9980127131,-49.4285486868,7.379383143,-1.96728463651,-9.23738303288,9.6391733768,-5.84409503958,3.42123356733,-16.3220380073,-1.21966536375,0.317996789165,-6.52759980708,4.59474715481,9.35862221258,-4.61476566003,-1.49218340654,-3.07084645309,4.60126334458,-2.27044161661,1.99460734428
"h",-15.3058644507,28.2302199058,51.989935788,6.87756332984,-17.4626924214,27.1149323723,-14.3513816133,-25.2139321932,11.9013075285,8.52304531869,-0.53394097007,0.713404410274,2.4078893571,4.51163406642,1.90577158866,0.836478823591,5.08782972391,-3.97044617762,2.98163192387,3.7454243357
"p",63.2208572038,-29.6642535877,7.27320782843,3.1847985576,-6.44233969339,5.63965708059,5.3684423037,6.29285132687,7.95333134332,-12.0736512075,-1.21153981316,-11.2301364826,-9.30926713931,-0.301133623053,-4.82746100055,-2.2957054363,6.12645378721,-5.40223276083,-14.2146006464,-1.51245837843
"p",-30.0025330945,-30.0444305374,-12.1630006595,-42.1432213569,-14.3185086025,11.3191937723,14.6978492781,11.7620771908,12.2145722882,19.7548850223,-13.5264256286,4.71736487758,9.7011661214,4.66158725826,-9.01273587909,3.00455722522,-6.41293271708,-0.0563370293316,-4.76595977129,-7.11752321779
"p",32.2757090906,-40.2151084668,-14.6544638073,-1.72835744371,-15.0364168772,20.9559471903,-4.87825302382,4.34226338891,-12.2520456434,-10.6177580399,-2.66336792563,-7.44953394028,-6.56240811388,-4.03531442836,5.98645422229,-2.93467471899,-0.803644174368,-1.49286518468,7.37521130053,9.61657629349
"p",-35.1354833982,-40.1498263235,-28.5832445784,-36.2212722279,-14.6022907838,5.1540168642,13.9621449038,6.8321998931,4.44709049813,12.9213679672,-12.0134231841,6.83204003601,5.67512624004,5.5695137682,-11.6313176948,-0.273858408534,-7.1814495183,-1.01152259817,0.398989328316,-8.33939433301
"p",-73.3601684017,-21.2141605188,-64.2091837098,-9.54608510293,8.1703042837,-9.11163262955,21.9746284009,-3.05506994486,-12.0720301151,4.58561012418,-2.41061881285,-11.4517056749,-6.67979805261,-20.979940192,3.9036269778,8.39134015849,-4.07081182849,-4.07694817608,-0.418235347418,-8.68930899154
"h",-94.4318095878,33.1007289416,7.49141151355,-36.7998878838,15.0264210478,0.594313215917,-10.2893684445,-4.430367143,-14.876037421,-9.74675498151,5.74159682137,-3.19083866017,6.07514409502,-9.95339614809,-7.37015228161,16.0442305819,-13.3482509838,9.15302814417,-6.67172927241,-0.566559420004
"h",-72.837083882,37.7018541602,37.3768236461,-34.6207264761,12.774727139,1.21907336752,-8.75015469515,-3.56462334862,-8.06220037335,-0.619400542637,-1.58130227701,-3.3562383711,-0.940804280621,-3.43582081285,-1.49624725742,-1.32928001358,1.86301261232,-3.08234409118,4.97762562323,5.25101371722
"p",2.00659296189,-45.6370269263,6.06135135584,-4.95199722356,-0.931495952323,-11.8216947845,7.38438636087,-4.57307063625,-1.73232255532,-7.50742724299,10.5478895547,9.96105167134,2.56800334759,-6.55613512676,0.27487285142,-2.0338656226,2.4146784903,-5.89115145817,9.37859225978,4.04266650636
"p",-1.35461339462,-48.5506783853,-6.09480099226,-4.2109201354,-2.761311384,-15.885958861,11.7630046918,-3.05769624045,-5.48836045585,7.26742231674,-1.3636781554,7.79887337904,10.473165308,5.51366835767,10.7996537366,-6.6149997195,5.06217025168,-3.64720617546,-3.74161282713,3.620389773
"h",-32.1312177921,11.0437440382,0.390137789533,47.7178085436,-22.6921108979,1.50738539197,-29.4570510758,9.99158718201,6.83953059894,0.907031781579,7.04985121483,4.6290781278,0.315758420216,3.54421408879,-3.98453624797,3.04901722614,-6.88315523967,-12.9453707676,8.3868159384,10.77810267
"h",-125.022079372,1.10055238625,-28.3851149022,11.6073693208,-11.7257179272,-5.81084006394,-8.30575401717,-3.88746773969,-10.5635465542,16.5777939606,3.80792628118,-7.07478173495,-0.0990951466628,-6.51926606252,-3.38688147152,-6.23110907812,7.88991364895,-1.84194921371,6.56797041088,0.237712119246
"h",-5.79125398356,15.0730108752,-8.54902225388,33.8234310953,-0.765597818474,-2.78306112796,-25.8128187168,14.554840759,-29.1706570407,-22.6308673948,33.8276870551,2.27856819834,1.80533979786,13.2307522277,14.4732623037,6.34390844753,-24.3728038673,-5.78382698882,-5.30560342242,-2.43893906219
"p",70.8384842782,-30.9738034888,3.71945310298,-4.16164656415,-4.6747511047,3.45335602495,2.48792546495,9.83221460211,9.04928452304,-7.38220959941,1.86463737513,-12.4911150936,-9.20750518376,-2.51407587305,2.24800183134,-3.80287286384,8.58479444595,-0.993828602154,-12.9134045389,-6.03734249119
"p",-44.7132039107,-19.8189391241,-47.0127445911,-7.9544689109,5.49413800016,12.0409866796,10.7495202315,28.2603263453,36.7708628987,16.0141342347,-7.65871886873,5.46797040179,-3.68074572281,-7.48460021428,-0.410118738753,2.33757564987,-7.86662962998,4.47538957569,-1.45258206082,0.414418765908
"p",-35.6985485482,-31.7658708255,-0.495354545981,-43.6989867768,-14.0310745315,8.29911785841,2.72926091541,13.072514786,1.86147117289,18.5849666174,13.0867293618,-3.10469065447,10.1606019405,-4.63127598034,8.89678704169,12.6772576112,4.26606152826,-1.62913612708,-4.49119516278,8.88922591861
"h",-74.6846282071,12.7239418407,12.9881820383,6.55815553626,10.2659725781,11.6292209191,22.9790806001,-31.7962361077,3.00813319677,18.9768502793,0.70813108472,-11.8696066063,-13.2550582032,-13.3341575851,-4.81069913154,-4.89474585657,-6.282948303,3.91036991685,-6.00104815415,7.50464162071
"h",81.2300368608,-5.12975663057,-31.0135436757,15.9355335465,63.7350580263,-4.90094721957,-9.60372948403,-13.2988307379,4.78566749173,1.4035483179,-1.12579583401,-5.58970683132,2.15139832421,-3.91763635154,-7.40132238468,-5.10661199186,-6.66547828081,-11.7700000251,1.11112798272,15.5716795772
"p",-8.29177789467,-45.126737036,-15.2234028306,-19.0623882788,-9.70741167173,-6.30124215893,4.45127728865,4.80605048375,6.01833876694,1.25257086153,0.318145557683,-8.59611081134,4.79345063842,5.264615562,-5.48188510791,-0.534540910789,-0.971015275883,-4.53588989057,1.53869288145,-4.84071929426
"p",-16.9129798095,-10.4362212055,-47.0125057421,-13.072578256,-5.64773798419,-18.3774269842,15.2947668055,-0.359187420993,-12.1470060217,-5.66694822914,10.626106332,-2.61045538594,1.01652247949,0.324337607709,-3.35675471071,-5.19960572689,4.12764466285,-4.28894678365,0.214602252572,6.17484488748
"p",127.718946006,93.263742704,-35.5744210649,-31.8496340262,-22.1742693729,0.74899117674,-2.72016922523,-3.03523001229,2.74620030608,-2.96435910948,4.31802212068,3.20811889955,-5.48807475815,-1.08130225619,2.03603592106,0.911932176795,0.630695377654,0.944181584451,2.96683219466,-1.21716425554
"h",79.6539810575,-0.538951769875,-44.8331974889,11.5973839867,64.1784099546,8.0707218825,-6.27362785018,-15.4026854235,-0.940830971388,8.95062301904,-8.48867854188,1.99438155866,5.61013212371,7.83503448271,7.81257793345,1.38856923752,4.53575250417,7.4775625174,1.49167869871,-7.9567608249
"h",-58.4578734053,38.792095574,49.1757443432,-44.2077584649,28.4978557071,-5.18196939013,8.50512957537,4.47790835636,1.02379660292,1.10218568419,-5.39429751894,-2.82808252446,-12.5312980365,8.55374881729,-1.95929231829,-15.156482359,9.84560760038,-0.675770816858,4.81853414411,5.62704033204
"p",64.6634373573,-30.8763511586,6.76816835894,3.2602534892,-7.02613826809,10.4103228911,-5.46667338906,6.17232145876,6.95312921932,-6.89069794949,-3.78521939608,-15.0699400494,-10.6898394847,-0.240546236213,-3.31964847468,-4.61877005347,8.30741242783,-4.1817741152,-12.4397325496,1.27638458706
"h",83.2194752157,14.7331876545,53.541948885,44.148524236,-14.31882119,-33.2106994102,-21.9382162088,3.83401160724,-1.66801035341,4.34104806703,0.101262071273,-13.2765646494,3.73737240601,11.7318810321,0.497324177506,-6.45714089365,-9.82562427476,7.83319816614,-7.71663570162,3.01433553438
"p",18.4763482234,-52.4994150128,11.7602268416,-19.4757221659,-6.45760889536,0.121554889221,-4.68932553741,-5.32058790797,-4.63434838842,9.14435777126,-4.00836989907,4.54103016388,5.79377647567,6.93489594978,-5.3921346323,-2.52076696053,-5.56237824134,2.71430754721,8.52011566313,-4.47438292834
"h",-37.9679746842,30.421786884,13.6155757239,59.7359993773,-5.73584774862,5.65726875163,8.76119796522,-3.59143412064,3.96228057295,19.5706009158,3.25007772411,-4.61459304853,-14.2191326447,5.53336255324,-2.27599042895,-1.80314121415,-9.25864358385,-3.16332589613,0.317738234276,9.87819761767
"h",18.0154397784,35.624694499,35.6820426896,41.4972908761,6.7152773112,13.8148866136,21.6550455703,5.48931438144,-26.444354799,-7.04747067522,-8.51939232415,3.92638078741,-10.4768014678,29.8558776371,-7.49680739466,27.9482007785,20.1631159224,7.74925004507,-0.486669113979,3.1049549912
"p",55.8094187334,-40.9820295453,12.2036410942,-0.717783399427,0.267305950962,2.10967943624,1.99748202547,1.0779056019,1.82687390659,2.13149134006,13.9928994819,3.29718893873,-12.3827595472,-5.61668153638,6.6137405604,7.32834207255,3.18841063668,6.43135853341,2.60188862361,1.36654395679
"p",27.036413989,-41.5934517733,-13.5249720755,-5.10705159338,-11.031325694,7.42163260609,-1.09350276011,1.92896715293,-13.4029429164,-4.88331936983,-2.13632091761,-6.04940424099,0.336681231002,1.02811000068,3.14778772216,-1.09912541425,-1.00304666886,3.73058046938,-5.31648660535,0.843121111682
"h",48.0186324816,-18.6078655509,-41.9579116748,-3.12152675294,62.706304931,0.787893340269,-3.55505132605,-17.9086776241,-21.1647378037,7.07072668981,-8.72986344977,-10.8773025549,13.5384724166,3.45251154723,10.7889027594,-2.69690284007,3.64071572963,9.98126027356,-0.0726163077031,1.91816215663
"p",23.2360167177,-36.1087603035,-13.943278342,-4.3377349676,-4.40455424786,6.5612014897,2.92663839321,4.98252115947,-3.69878301764,-9.85586584695,-4.61841647499,-13.0718235133,-6.2203144921,-2.73433927481,-9.01779026062,-2.98767169608,-0.202524589106,-3.96200099513,-5.46580853431,-3.61029334623
"p",126.797162067,99.7281020058,-38.2413783592,-25.4663044225,-19.4810934879,-4.67365173658,-3.53694540899,-4.20181741107,-2.52578146677,2.71309942633,0.936641586753,3.9070539822,-4.90634452405,-0.311483738169,3.66600671363,0.271065780158,1.05720692671,1.09226867783,0.268925042528,-1.88969610457
"h",-65.567718865,3.5005601496,-5.577540049,51.5901470996,-23.7406541032,11.6166200141,0.1597485565,-3.98639121546,6.90644876665,6.50851490029,-10.7986785889,6.48834958351,-3.83416204426,-12.430307252,-0.287588179709,-3.97424437987,-4.23005079747,6.57692278553,0.335133176015,4.29047765956
"p",34.1910743141,-48.9637305312,17.5773190994,-20.7143755648,-4.88281438076,16.6328594751,-5.17223908147,-2.19303917767,-1.37955275399,15.5515380186,-0.192910241034,5.80141082379,6.00634858256,8.8379170431,-4.34958102097,1.17479106058,-5.95679932102,1.09550840446,4.69194947714,-8.04292106224
"p",79.1913092674,75.5380457587,-45.3422142448,-43.9485809868,-27.0757316002,3.83935236873,1.32356050784,1.61889134998,0.746274087957,13.5004313571,4.67849041063,4.16578138398,2.41726405876,1.91607831719,-3.16904893336,3.15479972301,-2.86050643877,-1.7044591398,1.21207306471,-0.770472278613
"h",-32.7785140795,23.200398961,-3.02593516393,65.7662791168,-9.7402541735,-1.41672351917,-5.76232034064,6.20493951497,-5.55873077977,13.9106848817,7.07774823039,4.24423823948,6.42607133366,-8.53371064864,-20.5462263071,0.27712068471,9.21713535941,3.02078596407,-3.1786723597,-5.24553175374
"h",13.2849147088,20.5305135629,21.3592067141,30.4268104766,-2.2030563679,16.9830985617,-2.15067638992,20.6742251412,13.171320611,0.238576088622,-11.6472285265,11.693394686,3.63999125602,-2.23227494232,3.71951056341,-0.0295606523212,-12.0061306915,0.781598563012,-1.05602998191,-7.3216716738
"p",85.766794365,-26.1037116273,14.6506169786,-0.854644161698,-12.3527128775,13.8770333495,-3.12417803117,6.09689429488,7.42877588732,-10.7408849343,-2.52989797857,-12.5109738935,-6.77634211441,-0.61674790149,0.156056355632,-2.82337114303,6.3479267345,-3.86450195545,-18.174864339,-2.75727149118
"p",28.2031131599,-19.3085098674,26.5152431464,-20.0423226252,-11.3324075375,-26.0866069598,13.5164457795,-6.33660442692,15.5846260413,-3.45487233356,-22.6393016889,3.85747954904,7.23052167815,2.26851068396,-8.5886153456,-4.17968134204,-1.52565006483,-4.86824255553,1.08000292921,-9.0206113283
"h",-24.3129162596,23.8996633064,5.12383891542,63.8230259877,-8.42315634692,16.253983483,-3.89818612643,5.78364588608,-5.24026098115,9.64216141816,4.8233571228,1.20514458192,-3.62905904634,-2.39591637796,5.71009492338,-11.0193498049,-12.6259631372,-8.72220684353,-1.43148796746,-17.6468117335
"p",88.0561240548,74.9874494001,-42.9004143736,-39.4253509741,-23.9418188712,1.60977444101,2.77077505293,-1.69455728297,-2.55118840692,8.96912013954,6.29108737453,5.77447304016,-0.247199363756,0.818829360629,0.602689048495,-0.385379017557,-0.10851583644,-1.34403812905,1.19311370085,1.97153142944
"p",42.4053186123,-39.3088715988,8.48744902816,-1.50236509603,11.7758800371,-27.0540098319,2.12638290086,-4.3676185512,5.33498916855,0.53817758819,2.80873351065,6.57482534403,-12.1455794414,-5.49263095255,0.199382589758,6.10504884664,1.98154021256,9.83567127674,3.45909694903,-10.3719244087
"h",-87.5691894763,-9.95748028954,-68.2284921252,-3.37442380444,10.9819494936,-5.21597346827,8.0462712699,0.910061325525,-6.12038692999,-14.417363174,3.88587042084,-11.208027778,6.9225497637,-10.9138735093,-7.20687398554,-4.96721602579,7.07925532964,-0.406647193499,6.03531244255,1.98651740693
"h",-4.04131061154,34.8288442913,12.0667314483,57.0487849656,1.10651693758,7.8413318686,7.96667132231,-12.2678555129,-25.4739461466,16.7032349077,-0.102009323514,-0.112422470025,-4.60443691881,10.8726122801,-4.46856760791,16.3547779913,20.6287980656,-16.6039846016,-1.32803204406,-15.1449901264
"h",-17.0921692319,32.878613225,73.4083844785,-0.468219368203,6.57176630633,24.6548976363,-4.16114703588,-17.1939767439,22.4566074241,-7.93864754517,-0.72571602684,-1.15637128979,15.0791124148,3.79516045665,13.5334507735,8.99724854977,-1.7805292353,3.27419445227,0.105105798192,1.34720230611
"h",34.0743528223,4.51099861736,-23.4541704351,40.9045612439,2.67086043223,-11.0670245229,1.17418212866,17.6554907568,15.2265654968,-1.64236675263,-3.4599414829,8.33403165652,-5.14191839324,-0.732343083564,1.0733605481,-3.32289276544,-6.54806193147,-1.93051746578,8.27840879766,-1.67879511765
"h",24.0516736542,10.9845549258,-7.3972144304,35.7188896072,12.2423309195,17.4720298604,2.5717495207,45.671128997,3.51452635854,-0.808703092058,-18.4938620661,28.520805887,-9.13206862132,-9.24083522528,2.45337981964,-3.33396958015,8.95802559341,-8.40123615336,7.32866028238,-1.47323610478
"p",39.2544176687,-41.967395254,11.7816863466,3.01565594663,11.7286384959,-30.9693583902,-5.63283287969,-11.0971209854,8.67954820515,-2.25853217353,0.944288632821,6.36965765058,-7.7941892785,-0.510074485027,-3.13164554171,3.53187190322,-1.84540413987,0.728388436274,3.75027945312,-5.61679284191
"p",-19.7847645543,-32.6201712867,9.20510471175,-10.8495986194,2.99804865699,-12.7452839973,6.99564232958,-5.70404547441,15.1013031836,-16.8518003245,8.74724126446,12.7203151416,5.22346669711,9.48335652388,7.86746777498,3.19273837431,-7.86302538417,-11.5933602501,3.20451384958,2.854912194
"h",-74.3502669196,15.4054920339,-5.91425247778,8.02229987277,5.96956760238,16.7044697247,-7.87011585716,-8.66022934596,-10.5092432443,-17.4689990254,-3.69066879499,39.2322159385,1.43079101833,-0.328392541921,1.05694910292,-6.79740949261,17.2870734683,11.2152844453,-0.647519323975,0.942371985136
"p",-45.2908958326,-20.4351693445,-8.52132250971,-40.053999602,-3.60902031537,-16.247910645,23.1834104314,-6.47232890547,-9.47638296287,20.9197173218,11.03633047,3.60212509267,3.53442291526,-3.14309108539,6.02377099127,0.0591550156025,1.48095555479,4.86707683209,-8.44767888808,8.09510458799
"p",105.990734206,80.9864223993,-46.1183887756,-37.80741471,-24.5119480658,1.4311100746,-4.29041609411,-3.94608670522,-0.957452147702,4.62710970274,7.49179932789,4.43665229058,0.368169773409,3.17409468263,-1.54232120325,-1.76234653361,1.58074721197,-2.43070401276,-0.758395905132,1.52618906714
"p",34.4601242928,-48.6025005378,12.2419015345,-18.4824269606,-4.98933930363,11.6264549353,-3.95822970492,-1.85471169727,-2.27554919553,6.10937539009,3.23617011822,4.206085302,6.2367859246,5.19720753801,-2.82697820798,0.111427071557,-2.99132618267,1.11739254717,8.87535161448,-8.21025178884
"p",49.279617786,-47.0619423767,-4.87304684394,-11.5158274766,-12.3581004958,28.3307201451,-4.56518265896,4.57128104478,-18.0308036936,6.08243400671,6.96918352055,0.58463238745,2.2019298174,7.00440718596,-0.604843747986,-0.805260812567,-4.81452669997,0.375612713505,4.19809884643,1.94641215788
"h",-25.7462318358,18.2386436115,-4.50815487257,20.2483336774,1.0161068743,-2.42906376686,6.94901374789,15.4483981942,17.3358897115,2.75382710488,7.27488264338,-13.2006835731,6.91326288307,-5.70332730783,4.13562712845,-7.96574563998,2.1822899248,6.28115916383,1.73915230533,-4.16287640748
"h",-6.16850348536,9.84642539467,-22.1890747219,37.0961226252,-1.32359608027,-3.09582509463,18.5279539514,15.9134146276,-1.2033871115,-6.02628368881,-19.7230947035,10.5355966423,0.1403026413,1.52254238898,2.92835412388,4.60679938491,7.89945887901,-0.0645630725596,-1.55128538941,1.69317156946
"h",-66.613441103,44.7051057841,60.1069162778,-19.8385912772,16.4300951051,-2.78655706341,-0.620970132476,14.5866484929,-0.747040038716,2.9405584808,-3.32256783123,-7.77316970054,-10.6893855244,17.2564865559,2.35614862644,-10.6676210088,4.79676274119,-0.729252484881,8.64875912151,-4.07515811198
"h",-30.1257623032,21.3095167842,52.4703019771,-2.09881168125,-27.7434688512,-26.7099769882,8.09889991665,8.02718237941,-4.42186456211,-3.47310946736,-19.7475452629,-0.195306302682,1.75968251317,2.82462879197,1.76738133418,9.9407410769,-2.34411908655,-0.748193956292,4.55523514811,-7.33257307506
"p",40.9441929634,-47.1168867411,-9.45113520624,-6.51040108834,-13.4869765604,21.6298210189,-8.76464116434,1.71741521796,-22.9934557995,3.90923565398,2.61914442106,-1.34002978671,-0.563574706992,0.57330689288,0.449604415296,-1.88543556631,-6.22814143764,0.886278117535,-1.58938248524,5.23325255504
"p",-0.369516573186,-49.3148904401,-7.57521579479,-18.596752761,-4.05018701434,-6.11766876204,3.46782902006,-8.75208335684,-4.46660124277,4.50538445679,-0.198562552122,3.75216663739,-6.6160906357,0.315157809331,-5.53018700108,-0.793365757317,0.00108530556705,4.44724512875,9.53937939787,-5.89094918678
"p",-33.7758574331,-46.1277696633,-0.289092767254,-24.4311353815,2.08549852509,-12.2313738354,5.77081310261,-1.11774156492,3.62710241381,12.2527522405,-2.04745916905,6.58903316671,19.756035966,0.172052772243,-4.26956879501,1.12050038181,2.88057649464,-2.237415792,-4.53605606631,4.95693029137
"h",-38.5315632786,-45.2945573975,-42.2829691144,-3.67021947367,8.97074835865,-21.6778682214,21.8271175204,-5.01163830523,1.10676720044,-2.8642736741,8.08946366002,6.90702540061,0.820507249759,-2.54834161925,3.74059743007,-5.37058257843,-0.404288256599,-7.19184866317,-2.49771030257,-6.10885355203
"p",-19.4950002782,-42.3633861168,-5.9074859989,-24.2653854187,-7.30297523635,-1.12847467426,2.16019981656,3.49833298563,16.5801361132,-6.01916944134,1.65863633127,-6.28145256509,11.118737329,-0.625667145641,-10.1320307375,2.75654832013,4.22724239874,-8.99564039407,6.84908113778,-4.51680579593
"p",107.296741097,82.3488192021,-46.7900382331,-33.8375691429,-21.1606305404,0.720294255162,-2.83654605962,-4.68407877179,-0.509662256875,0.353576698225,6.11885248446,3.39776625691,-0.72507521648,0.895184864591,2.70944864497,-1.20061275975,0.467280760121,0.392664463589,2.80948697041,-0.925856708348
"p",49.4811494444,-33.5576650216,15.3153939231,-8.90512564599,4.93418228816,-28.054804392,-2.75794338807,-1.68472640074,9.29646814721,0.657942451982,6.7623441598,8.84204651534,-13.2222228353,-2.17315614824,0.116610551642,6.57588672955,0.853773994585,3.81527549937,0.738162107906,-8.545836429
"h",-81.1453145055,37.9522219943,31.1782613129,-36.0373939183,15.4345819757,11.5274993708,-15.9666742317,8.01004171363,-2.30578217249,0.20386658294,-0.839006817774,3.78274447124,-6.44508695519,-10.3323314103,3.30443418184,7.46776705513,-6.08971932623,2.33735529093,-9.65491826988,2.06292543032
"h",-105.870751682,25.4579568372,6.03455780057,-38.3825109312,21.3426711661,-2.80449346927,-13.3316300712,13.23281325,-16.0054059654,-0.834899461399,5.96017314689,-4.39869217119,-5.92489364555,-6.20069871989,-4.96567220493,-2.03086538571,-2.63588545334,-2.41747213162,-0.225672605677,-1.70070210102
"h",-81.1461723066,28.2415651136,34.1171533559,-39.2582009124,11.837561287,-1.82656954808,-2.7277031663,4.88668788161,-5.82356743116,-16.9212467498,8.68313035899,-3.90923559009,11.4413651255,-2.88302718308,1.99914559816,20.3400820434,-15.7416303069,-11.1267378929,-3.96003363597,-11.6579886152
"p",-6.31996858943,-38.1196329145,-17.5699931471,-25.1740207656,-16.1875122289,-5.58456932903,10.1320383155,-3.70412571912,3.98537902853,-0.471886937408,-10.9224991249,-3.50461140728,2.89166499892,5.5371571398,-4.29365261129,-2.20026511777,-4.50425431392,-0.736008674476,3.45263018035,-6.6127020024
"h",44.3501601816,50.3109806385,77.1647832922,20.7501510043,32.4721122947,12.3541802475,46.9955205282,-6.38326873217,-10.4778125962,-29.0010066549,2.69054644091,8.71141388251,-1.40813513854,28.2884748608,-8.13606269983,21.7889547695,-9.7145867841,-10.7885530243,4.59613784953,17.5743199868
"p",111.426630674,84.9899429975,-39.7369477314,-38.9403548023,-25.141634937,-3.95505941844,-1.17979770208,-7.45495606598,1.72134387384,2.82583583485,5.24256784375,4.80586177055,-2.74009561223,2.1411269312,-0.0618507675245,1.98583355799,-0.348369989762,-0.497368276914,1.39676700761,-1.71459929446
"h",-34.8926999164,24.1330722044,-19.8090302985,62.16552976,0.299008038229,-2.14369268693,-9.4995949538,-1.95748795426,-4.93507352744,16.5548315898,11.175735556,-0.978393134726,-0.130520086189,-7.67814912594,-21.0047474167,0.363585228125,7.98292988369,-0.621476076382,0.952225913255,4.30155991024
"p",132.151346406,105.08613979,-31.4294514816,-24.7538088301,-22.7681885708,1.29138636436,-10.2349433301,-5.25673502129,3.13449843022,-3.40921604208,0.619267413863,-0.891668280493,-7.33421022714,-4.37589084642,-0.0704643348195,0.656668368251,2.59557404296,3.4264593333,2.93780379534,-1.95130469406
"p",54.6014306936,-43.0449826123,20.8702542249,-13.5830159442,-4.92530216378,12.5986046423,2.27972888559,11.5117771391,2.13894421414,13.6372415671,16.283720214,4.79723248616,0.344756593547,-4.23040827839,0.798843816048,2.58673106395,4.02762114575,-2.32781778071,-5.23421838492,6.08976755923
"p",58.509769795,-46.5445731749,10.0214664411,-1.86131050779,-10.7421611197,23.4054419225,-2.44579599013,7.58947456189,-15.0668481016,2.28699339368,0.17699795498,-4.15266709532,5.63939912076,6.62353523729,-1.43457381958,-3.93825076942,-1.90633652124,3.70212495429,2.06761209825,1.41063234799
"h",-68.0492220686,38.6503749595,55.3229671608,-35.2795027038,19.9523669589,-2.949408741,-8.62672522755,16.722420071,-2.35276394189,5.6453817239,-1.03766538885,-0.0240814450199,-3.84000223264,9.56638423685,-4.10728204992,-13.528109078,3.10310225904,-3.89167958475,4.09456771345,0.0956871300796
"h",23.6601862223,21.8094579597,5.50504120758,37.336743251,11.557846873,9.84598484542,3.91498961621,29.2940944684,0.849253718004,-3.80252045414,-11.4262449266,21.8146924429,5.16557630415,-1.34729746106,-1.26493069686,-0.676745411002,2.70909782212,3.99228588231,-0.711486043413,-2.54448472319
"p",34.8475494385,-50.6193692475,5.06217703149,9.4040695134,11.6879203782,-12.3945724865,-4.47855832642,-10.0673534962,2.04719991025,2.67194323631,5.31308004111,1.01584174385,-6.26431660625,-4.04285840342,4.12117695778,6.44871237491,4.08745271018,2.8076494575,3.3343279122,-2.64351509824
"p",53.019194252,-42.923699888,6.83756940282,-1.01638338379,-13.6975934466,20.7639837986,-5.02117563038,5.38378770315,-14.4397708657,-4.35269209914,1.19212036157,-2.15046949123,-1.25824081146,-1.95595143849,-3.80983442185,-1.25584497629,-2.19850468163,0.795612430746,3.13433094596,6.72994210701
"p",135.810904717,97.6976455226,-30.740328887,-28.4327965348,-23.2580213448,1.24893324417,-5.99446638274,-6.08690665403,2.2137845251,-1.10063840553,1.4184909067,2.42283847537,-5.91565101807,-0.242419458445,2.65230896157,0.357478475866,-0.455061234462,1.89531803603,1.44433632069,-0.536562171744
"h",30.7609376671,33.5045844302,9.13371837496,45.3122411995,20.2939325663,0.386841459077,32.7169327423,13.1976098197,14.826911816,15.587245396,8.15488945192,-15.7312363769,-0.440179297493,-6.47767151264,0.782767803743,-3.05602586619,-12.8697228029,-5.20839080928,3.73740394137,5.94750738833
"h",-87.7708816301,3.0814199842,-17.6109474321,28.4199811861,-7.48383789657,-1.70842186356,-7.31268012123,-10.5316323573,-3.57773915923,-18.7672959232,10.0028826728,2.41100219699,7.01655522304,9.5426429008,4.76462622922,8.17610827815,6.43154062162,-1.72225578412,-1.57044610174,-6.93993807263
"p",53.1563827773,-33.5077381603,-0.613648069714,-4.71263762325,-9.11472207949,8.83215661312,-5.47118656231,3.24202186242,0.148213592734,-7.197396214,-3.73862114931,-16.0999149396,-6.27295301637,1.87704043539,-6.90772181384,-4.86386655579,0.483614665524,-2.02380511995,-7.3111784181,0.379892168952
"h",59.3964248058,2.5874427788,-40.044260984,4.29527134206,71.2169572673,3.35965484441,-10.4668191432,-10.7280736838,-2.18889175918,3.61922896466,-8.63064489626,-6.02865055891,3.87440716161,7.31511197246,7.19670503363,-0.161136725948,-1.75948990994,5.21907715709,-4.2866369615,-1.63027901433
"p",-71.1786985915,41.0951540535,-15.6919191514,-15.4546555368,-19.7476413966,14.2831899426,15.3173814294,-10.3898020138,18.0490607732,-13.4667244901,-21.4831887264,0.940361765583,8.29031370959,7.76622111498,-6.58377092318,-2.26594621601,4.74462672738,-3.38397294418,-5.94641941644,-5.90594633538
"h",-46.5013133582,15.6529384696,0.423496002516,57.6016061368,-18.5077567766,-2.11410185494,-3.40518812088,-1.4132082057,0.830077594267,5.08939966219,0.688262374264,4.14762381731,5.0279972118,-12.6921316398,-12.7313673534,-6.24139497611,-2.05528618912,6.19693826803,-1.31720454639,-4.43040951117
"p",-8.13884231371,-44.0411117543,-2.09412171797,-18.9920280439,-1.27787566067,-7.25983241932,10.3254812164,5.14096322399,2.54947643477,18.8698469664,-2.44821039653,3.67010335855,18.0766227605,-2.27038541529,6.978661587,0.0909574031227,-0.341678855844,-2.42038113023,-3.77293492007,4.59781132528
"h",-73.9671273593,1.93866847487,-42.0218369105,22.4792142052,1.17372578329,-2.21994724214,5.2841918675,21.5854277151,-3.70928584593,-7.30088637504,-14.7055752891,4.41677941194,-2.10075851738,-10.2237352594,7.85590624432,6.98752644933,8.07723799193,-2.31191516126,-0.411838578707,-0.165552342685
"p",-115.490301207,-2.17977491143,-43.1197139658,-10.6422323395,-11.0234067212,1.23819900977,0.874639720518,-24.3654968372,1.20144820193,-3.68895229681,-15.6426200099,4.03893121811,-6.88074320082,-0.877106831791,-4.01376269902,-2.56995596399,0.0130396178121,1.91310936659,-1.13217352904,2.6088700091
"h",-65.3029149597,42.6973421616,57.7725112667,-44.1240231806,16.6046442447,-1.97714470146,-10.2710515418,12.2970729822,-5.51366730566,4.4141996457,-3.58356007168,3.08718256906,-6.07001387033,6.54538000515,1.46341215127,-8.94873556987,7.73982567046,-8.90382409745,-0.54897792399,0.848790250159
"p",111.514971417,88.5646442187,-45.5136943689,-33.2271953143,-24.7009388962,2.54860871037,1.43461706966,-2.9850759413,-0.1342777289,-0.658517747692,1.53582727283,5.13054141137,-1.21021631827,1.65430871608,0.554781134041,-0.463968700483,-0.192298928901,-1.30216323748,1.42156014852,-0.731502286038
"h",-1.49423786879,-4.42933982481,12.7731910265,35.9236532524,-6.56403557616,-18.4443322448,-2.03867457749,-7.68206426284,-17.1265691621,2.29130003236,-10.4894070849,-13.9192994146,0.807171905879,1.47140501221,6.46584749004,-13.7367092213,-10.1215603664,21.3628145087,-0.270584194803,-10.1938159819
"h",-45.4796432656,30.2315268444,39.9620303702,-32.2937682717,-5.85243748189,-22.1378046013,2.9020878863,-4.47016566889,-19.3904114992,2.61320314946,-15.8606854885,-4.88744684124,1.1036726664,-12.9902053469,-3.28811598141,7.69705306567,0.0830228290763,-1.95698846052,2.19196831393,2.67927713591
"h",79.136229041,-3.97054272501,-39.8909400245,17.0870414744,66.3098372614,6.39106746279,-16.1971555283,-0.0766998867471,-4.99719225139,-0.243301182412,-6.7077708559,20.0783794469,-1.21202248041,-3.93395615881,-2.0686715086,-3.55502642966,-2.09800689498,-10.7759489703,-0.0285314959814,2.32459444475
"p",47.6409925392,-29.9267992124,-4.10942925995,0.342520729462,-4.28418091049,-5.95760505886,-2.09234590451,5.18636609968,4.1231656645,-10.0204630169,-2.83437771855,-9.59245868673,-10.9866177515,-2.34255263068,-3.23756791282,-0.369529292694,3.87305164717,-2.06704167533,-10.5094287828,-2.72189592769
"p",29.7896260392,-51.6655340611,-3.0022835394,-3.0234988794,-11.6530284521,13.2253900441,-4.83539260057,0.863026503682,-12.0145268249,-12.1136172821,4.44309382814,-5.24200827371,-3.25724364786,2.23604538166,0.147534479067,-1.82812279001,-1.01642393169,0.00923300349315,9.44143117366,6.107412931
"p",79.1408473176,-29.7197680558,10.1949258195,-0.0325601015257,-5.71950281273,1.63676911669,-5.33964771263,3.31474922704,7.96978187863,-7.22739553971,2.16037552628,-14.6385526792,-5.1494543464,-1.53823169753,-4.83005210154,-1.50263629902,4.78555218404,-2.040377663,-12.1936778404,1.02241822202
"p",11.9012772117,-46.9369439522,-10.691768274,-16.0087631597,-7.13302595089,-8.77120161638,-1.34893507857,-4.29577775836,-4.56616927878,4.49632350395,4.55568288255,4.41407122423,-9.68828033405,4.12231224443,-6.46452891042,-1.51356477824,-2.60491712283,6.19366198862,8.25030749319,0.27644502505
"p",59.8702860455,-36.4998470337,4.52357002513,2.63173450884,-2.3152059318,-0.404593274182,9.31061764852,5.47075967123,9.36652751164,-11.8872348745,-1.25634162509,-9.54441914793,-9.76140984128,-1.56840823977,-4.27033208567,-0.596969786805,6.43178496711,-10.0456916795,-13.8599180226,0.552358278246
"h",-72.1856004147,30.4218225242,30.1212016248,-42.5114305263,26.2473766777,-4.01370185999,-5.00611437343,8.11561739868,-7.60667856376,-4.41538533885,5.47627348794,4.02884505639,-7.96843485547,-4.59276777505,0.493261737134,-8.94449943514,0.982669816523,-3.89403377129,0.260459939707,-3.50303164583
"h",-88.4775333182,-8.93523809758,7.55040878211,20.0434856151,-12.4266777227,2.93711933043,13.7376898762,-25.5862676565,7.23824346281,-16.8280621671,4.25869474919,7.76206144498,1.53817438967,-4.37643553885,4.31030385205,-2.68680495011,-6.01479049041,-3.74091086455,-7.1015153118,-1.21904045397
"p",-39.4872760465,33.4864838549,-9.10244822194,-19.8029355642,-23.0053657833,13.082235884,11.0998581049,-12.0520195371,22.4876969398,-6.85394032599,-23.2841658453,-1.70145187053,9.30596510495,20.6335180301,-5.70197492713,-6.79841181238,4.19547359016,-0.297834680846,-9.72693962853,-9.9583346687
"h",-131.420768712,-2.59885263464,-11.6755532321,-1.23694906138,-2.86374921901,12.5326981012,5.45399876703,-18.0046475506,11.1937449556,1.50035072284,2.63077997417,-3.78485343153,-4.07477098138,2.36893569248,-1.62091487696,0.427382501922,-2.49637137274,5.479267157,3.92534762973,3.46159250726
"h",-55.443908404,4.65615282082,-59.0309978325,12.8466075855,-5.68488962197,-10.9230063036,16.5205407813,10.8535420752,-10.6305495545,-5.90262417633,-12.2956625972,-12.2419278042,1.73688107417,-2.29903739059,8.97149262487,10.1700021425,0.87835944153,-1.46937482915,7.00987585448,-3.5445201829
"p",38.9407950259,-32.9044315853,1.95902872723,-8.58596802424,-5.59713727615,8.18147853382,-6.28045383583,3.67774950002,10.5616701745,-12.58880176,-0.785826736024,-17.433508349,3.04545151838,-6.79208594798,-9.97721787487,0.102987506275,7.64256139165,-0.254838632277,-5.3231793583,0.246826390217
"p",42.9851329971,-47.4495754597,30.8478391523,-17.4700242226,-2.83686571882,4.38157355684,2.18999761384,11.9073162435,9.82843940076,16.8851256245,13.3136107288,7.90945473846,4.64883988277,1.11685882952,1.75143435412,6.17462681066,1.92866922909,-2.81690703362,-3.52759299184,5.86092490993
"h",-19.914432066,28.7408093079,10.7706844324,13.3302831816,0.549250101125,6.96636515129,14.5017428356,22.3223765665,11.9728536173,-0.926142366376,-7.49724881367,-5.63139383173,12.1586993636,-2.42154129612,13.7507292494,6.20357362941,2.78051605809,13.2441995368,-1.47180503873,2.62148085731
"p",45.6301844674,-38.6479346755,29.1308553608,-12.0680971659,2.22888207118,-28.3025307077,3.80372185766,-0.115784577374,16.517201968,5.3560490878,5.64539427861,13.6120695033,-0.912032829454,2.74041701276,-5.3485329103,3.85031334542,1.83155516339,-0.551516160966,-1.23239781154,0.431766673294
"p",16.1937046002,-37.5431208633,-4.65427165303,-6.78408689761,-22.0151396088,29.3518965929,-13.3237416687,-1.74477746075,-2.48262860205,-3.53611443071,-19.2239602994,1.08451559966,-6.8699419433,-27.6952307903,10.0700725722,6.46689799457,2.57141468034,11.5605535962,-7.05064504845,17.482121758
"p",-54.8135752368,-18.0456922058,11.0579898419,-15.4373717072,-3.78713005643,14.2583707023,-8.14828239496,-18.2061617745,32.0746243824,-25.9420075913,5.18400848887,-7.35074184832,-10.0583357158,-10.4218831152,13.8933142361,-11.2581182471,-3.43967120963,-21.0363483043,23.0412919296,-5.79576151209
"h",47.9615945263,40.9284875541,15.1192684269,20.4184867083,38.0462941547,16.8378402413,33.8916423912,-2.9246895589,11.979809241,3.85702171308,-9.8097311985,1.06007493024,-12.4302502352,-6.83124864583,-8.1762275601,5.15175080014,-4.55287726147,10.7264912248,-2.52005998618,1.6158654287
"p",61.9026281591,-37.9710098798,20.2463347499,1.5630471261,-3.11182773992,27.276936609,0.241588806596,0.808779906529,-7.1678051904,-11.9429219755,15.0824366278,-4.46486464548,3.91683873989,11.5011040103,-0.968241684372,-2.52671675149,-8.81861598809,-5.17661455758,-1.30888632742,-3.57819478337
"p",44.7916405217,-49.0962013172,2.29500004132,-7.15301699774,-13.5439426643,19.684077304,-0.25158823149,5.64819505051,-10.8506775864,-3.07116265901,1.31703185814,-4.00831995893,-0.350088335308,9.13397753987,-0.554404406923,-1.68449111139,-1.84192812882,6.66538307665,1.26737108346,5.49327404622
"p",-8.75499684298,-37.416422172,7.06146149481,-0.40330984078,-0.164397308441,-15.0564328788,2.00535868787,-11.8337521808,12.7595557462,-9.94569035115,-0.683906203499,12.0971374528,1.22094458048,9.81482755675,6.53164811072,-1.42924394789,2.41930758155,-1.05272021141,7.67759591284,6.03459385478
"h",-53.8174198811,37.3005880167,48.5041736744,31.0792812409,-7.39108966813,22.1955969114,36.1443317176,-33.7164423974,2.89835790406,-4.55174682995,6.42754688316,-2.0030777881,-8.49908867146,2.62125879503,-1.10737725629,3.5370556288,-10.170501654,-3.25615128959,-3.81066435208,3.47914948918
"h",-71.1340562956,4.17627508933,2.5563651562,30.5702359697,-21.9163048725,9.9702046826,-15.1363258292,-9.22545197854,6.33027109274,-24.1306040552,-2.62257219112,23.8697152236,-2.63038133752,0.407731292167,7.41935618199,-5.01932563955,-2.4945628152,2.04385799342,-0.810186781341,-4.97125154575
"p",2.86559526887,-52.2534819125,-30.3030162314,-2.60284616873,-8.8450609883,11.2253198089,-0.281937288265,4.77698117255,-19.0432633973,-6.10865203557,-1.83835449066,-1.13797460963,-2.78720277391,-3.34402832218,-6.30638224642,-5.18160611675,-3.69030448432,-0.0899525300001,8.41557927569,4.61453241334
"h",21.7737315759,21.6110592593,7.65179198255,20.6548208626,-0.165742855129,11.3848168021,5.47982666953,32.3313688015,6.62723675385,-13.6896929498,-9.48400904563,24.5704230171,-6.68044150782,-13.5188756085,5.38085455083,-2.26719183102,-9.37742959919,-5.81432940594,-2.25044618812,4.29970435083
"p",-24.0578727263,-17.3221784862,-30.9639776609,3.71288725045,2.31657076181,-5.49303868845,33.9965538676,7.58978971594,3.64274159302,-2.21417971819,2.59944937132,7.85098552643,-7.9578041638,-3.02124428729,-6.89641536254,-1.99752912149,-3.82347875735,3.77901637299,1.96498878321,6.93425966867
"h",-88.5572691693,34.1869716808,37.7580085997,-36.8219695206,-2.78124728983,1.9915855653,7.60574802784,0.47225161684,1.33540883963,-13.0694803867,2.17159374018,0.282180387484,-9.41866327796,1.16102303651,-8.58252384206,1.99024796596,-10.6670530499,15.1395458197,0.928532236527,4.91977546606
"h",-68.9283079797,40.4495816768,52.9579641213,-43.9445685114,17.6385873557,-2.57510858191,-8.11989693241,13.3103309254,-5.26839651774,4.07472308545,0.436717189672,1.57125014729,-6.27083938445,5.86314333397,-2.81657709598,-7.73956896145,7.09081190056,-6.55019136784,2.12161642957,-1.19834451634
"h",103.180002094,24.4895198574,46.4823001524,43.8921978301,-7.1273077971,-23.9735079709,3.47357353832,7.92152542873,-14.5097345045,-5.60021524032,-8.26628793334,13.6523487665,14.1097049789,-7.57622906099,-8.5996836305,-11.6588539965,1.35811692777,9.34010478388,-2.91698597748,7.1083568184
"p",114.359163474,-21.5029349687,68.1724629178,-2.32873437994,-22.4638276596,35.2781317151,-6.22584333764,-2.18738146136,-12.8452464902,-3.67927553459,-17.6542967425,-9.26227586031,-6.11091893237,-14.6869373624,26.9477271902,0.565597923909,5.91931823388,3.44930184612,6.70102932647,1.8372573704
"p",40.8504424476,-41.0693685287,9.32992693533,1.78401512253,12.0025248544,-32.0680599764,6.40007254018,-4.45068481856,3.62274519009,3.30214255821,5.58115019453,8.55258238593,-17.9623862546,-8.41483485443,-3.04119632853,5.1823635516,-1.69461792002,4.94012812586,3.85106325219,-5.916461469
"h",37.3425748299,16.6741486576,12.6854955327,33.5174000766,-14.740231109,-28.4666701353,-10.0944670954,2.62457974229,-18.067110513,3.67682445498,1.61179250954,-13.0414459163,2.30472400623,-0.30171018115,7.27392510483,-4.69132980926,-2.77279358573,3.66822331855,3.21162076238,1.94529245832
"p",83.6817860337,74.540811334,-43.9509186972,-45.8241742115,-22.9214625294,0.305325132685,2.19481756395,-1.78021887658,-0.269324009997,8.90181861229,8.54422342043,5.72622632002,2.46687697698,0.548509805767,-4.54692448476,0.182239352126,-0.263623372386,-0.372407257755,1.81504569027,1.20911923218
"p",-18.2737639767,-8.14459774956,-44.1868983205,-14.3875275382,-5.67064789018,-16.3631921963,14.4967015485,-3.99277178439,-11.8101145154,-5.45735267462,11.0096308595,-1.14108728185,1.6401233863,0.810831551476,-2.78106018708,-3.63763305237,3.97172453807,-4.60012427382,-0.534175495592,4.5128971158
"p",0.0651726585504,-47.9293017354,-6.89414775797,-16.5994839884,-8.63666898825,-4.92372875196,-0.0918873147302,-5.39333246139,-4.47698502202,5.25112941253,1.17075844278,5.06727414193,-4.91279539435,-0.255929973318,-3.46062567771,-2.78834107918,-2.48671113975,4.42524484534,10.5045170026,-4.73362004995
"p",-73.9569633932,8.71225166084,-39.0566745307,-12.4363763988,-17.6514409303,6.50741766423,8.44014116501,-13.6657895486,10.2383577684,-2.78768004162,-10.5105503141,3.04393521408,-0.82255930717,9.84954618713,-4.42795761352,-0.496954841859,4.94063174037,2.27421767546,-0.614811209087,-0.93466497243
"p",40.0865150354,-43.8991269138,12.8734368773,-3.59987496496,3.66782095354,-19.8791657359,1.17074222913,-1.60850376408,4.90684206668,3.08535016483,11.9322045579,7.14283365376,-13.5313349462,-5.32468500886,0.00143740501506,5.15168111247,6.80792698039,2.53304861196,-0.16986897417,-5.72114823501
"p",116.691721433,84.0662050791,-37.7583380724,-28.8457645041,-25.6021957864,-10.3584639236,-3.69758837517,-9.3995654064,3.00225827862,-2.92465254794,2.36065170595,6.63451828025,-5.60730069977,2.16383982823,0.536047009215,-2.60054750008,-0.0400907872939,4.18368514655,1.61026022608,-1.22691292182
"h",83.724785421,4.86580107636,-27.1906820403,3.72361471566,56.8507116105,8.91592825767,-27.4715379789,-14.0778961395,15.41136963,-4.92269860652,-15.9204167703,-1.27771452038,9.75612207072,4.92871495614,-0.569983070986,5.63166126645,5.24706576874,7.5565830044,-1.78539971835,-4.16697429342
"h",-103.264303861,1.01941109185,31.2967105132,-17.0604468876,-14.6526449681,7.01225630448,-10.722018628,-30.9501332069,16.8258401174,-5.97734055106,-6.16898039134,-2.13501315393,10.9590695923,-7.93792394473,0.00139765499443,0.978319703515,3.73074504664,1.91541082725,3.49232399311,1.68729607294
"h",-51.0979122607,-0.78844507534,-12.7466734876,27.4182092586,9.81935183702,-3.51730640477,-4.46267410762,0.804974058521,-13.6843681142,-34.1619376433,24.2769488949,15.4907611721,5.52935319093,2.72320990345,0.387279972818,-2.99938213712,-6.84195113864,-6.34896539474,-14.5546550205,-6.35162051717
"h",-21.8674742894,16.205014105,26.8113663326,7.63103237685,-20.1916783834,-22.0469552843,1.58359015003,-7.93173746323,-20.1025005583,-7.47430451225,-14.5015674525,-8.15859597064,10.7026907816,-3.87224332038,0.30492248664,-5.96968281855,-2.75655462355,4.77457192624,2.36084589956,1.06881071721
"h",-99.4870549929,-1.68217678894,-6.78052480783,25.5809734804,-24.9990604374,1.88912710037,-19.5825678885,-26.6526272736,1.22121888125,3.96232549213,-1.0717113649,-2.01758884748,2.37182241028,7.82358309223,7.10792001804,-5.85727550151,2.5566010062,2.73684584702,-7.64235617941,-2.14469482512
"h",99.8136923481,55.276026768,77.8517836009,44.3148465845,3.97134618057,4.92709347104,45.0288316175,-14.0587604732,-28.6692098723,9.52531847791,-17.8735904048,-6.06627748922,-15.8075422338,4.68258590674,6.14377128162,7.34418166815,-2.3362738078,-0.689512121818,4.53293973338,2.83944829811
"p",69.2187803316,-28.9808689463,9.22922093257,-0.287369414836,-12.1208067855,7.32455214268,-4.04052714479,3.0477034258,5.96682837164,-12.2493498716,-0.581400629504,-12.1438783882,-10.4093632442,-1.60253512401,-2.19503679374,-2.8578669533,5.75009555267,-2.63774448619,-14.8593096834,-0.716078543704
"h",-67.0694940305,1.54022375198,-38.7119386354,7.04372502769,-7.90429368587,-7.62481762965,6.47839663606,12.9632630233,8.82335473834,-4.03796646457,-4.41972423167,-5.23848259896,5.49040645606,-1.27762340233,-0.706098860102,-2.64740204606,-6.89801872104,6.63761604254,0.126285734798,10.7889517798
"h",-26.7812945466,5.87991017186,7.30137148446,7.87353617943,-17.8471843136,-17.8493373203,-17.5673709528,-15.6811936661,-14.8040624861,-7.48191342041,-6.86075494315,-11.1580585428,7.46016656719,-2.87507300691,5.42943184758,-4.21221903723,0.934295938965,1.51214939488,4.26180905068,2.1492466681
"h",-99.8067663948,27.5276338462,20.4195508006,-40.6676106451,23.5935953781,-2.21629784268,-7.36421144552,12.9321185518,-12.6125925651,-1.1387366604,1.73487117114,-2.81771095584,-5.13589479586,-4.39300556177,-0.699020734387,0.737298835904,-3.51705748084,-0.518899326066,-2.20476176121,-7.4911409212
"h",61.6776317154,12.4883006725,-9.61201363659,-3.00940212119,42.7077326052,1.1573465306,-26.1340476844,-10.7071562196,24.6713243329,-9.81429365787,-14.8134843113,-10.3561700976,6.11565283423,10.8947587417,-0.905361353157,6.52860453192,-4.28025319445,-7.67329511504,3.6085225508,-1.72577326903
"p",54.2713168422,-36.3428815687,19.8026932193,0.78907839304,8.75294913291,-22.749926023,4.844174992,-3.45382758755,6.72259476943,-1.41470413342,5.92489156519,12.0318938186,-18.3419070986,-6.77393391436,0.385180839516,8.3482726256,1.69476022483,6.23945747747,3.0040359153,-6.45758984556
"h",-17.6384307443,21.9131876565,6.086825406,22.6382605574,-8.64642554578,-10.2512932353,-5.65825225393,23.5432973671,23.418126768,2.25848911866,5.2572466243,-9.12459293994,6.21434589658,5.01200400134,2.23536230695,-9.17901716498,-5.92839992293,6.74883681035,1.9903192735,0.819652817357
"h",-38.96834214,4.47559772946,-9.72867719898,43.9518780157,-21.1077223776,-6.8693050364,-21.3882284335,11.6046806745,6.64052675412,1.94108983605,5.77725893744,-1.86696654986,5.10141821425,9.50086381949,-4.72393864765,6.79732115364,-7.09771134343,5.09017976195,-2.1042387999,-2.71835742321
"p",41.9393919352,-46.6547496905,1.20861920151,-4.4682237227,-12.2138539325,17.9225732262,-5.21892590814,2.16114937788,-18.0824232688,-9.62450423583,-3.72587018712,-4.62598528482,-1.51764552989,-5.33383806895,0.439410298473,0.676069976367,-4.02981392079,-1.56816060467,5.29309123987,5.74072890421
"h",-106.997006312,14.2208118975,-13.4182128112,23.453383312,2.46939662138,3.72263205237,-12.51551056,-0.927915903608,-5.47617002346,2.41628748912,4.27749145657,1.83971537999,-7.3133982529,4.11017836725,4.11056654201,-3.08080154967,11.2485339746,-2.93834033703,5.46246212106,-2.71474419937
"h",4.72640803728,-12.5360356511,31.8973786454,-20.8373143604,4.82622600922,-15.1816339909,9.33888486991,-13.9440215976,-4.70837312649,-17.5917703075,6.56484742473,10.5641287041,12.2498050338,1.45124194212,1.60450894023,-8.3008515627,-1.41790241011,-6.24038069072,-1.58386101472,0.182294735038
"h",39.6900109544,13.984003189,-26.180559916,24.4272338398,51.6634366561,20.5836736637,13.502087658,11.2990915024,-3.18982041427,2.70909010324,-10.5416845986,14.0831123973,-6.56929074614,2.73304569446,0.33608590602,-22.1853445931,-3.65484401377,24.9958076941,-5.5163064934,-2.12886537498
"h",-119.001172725,-19.2174187929,-10.8086971428,0.965356501753,-13.7084104801,17.4959625354,7.8684715423,-25.0732233646,8.72474507647,6.09857089037,-12.5474520609,17.2196916607,-12.9615389814,4.85677107127,-10.9660082555,0.545434783156,5.5259554994,10.6878405757,1.74851574571,7.16691978016
"p",112.617333625,-3.56744737297,69.1940084857,8.4566751545,3.33205503387,48.8240402812,2.49301808851,-1.97652500915,5.17541446115,-18.2646911729,29.6188134925,-12.0439104995,31.3297440548,-24.0645393086,-20.9664660427,-1.1133536442,26.6580301579,9.19824782092,23.3723260989,-14.275437052
"h",-69.1168425076,40.713790297,51.4898685454,-44.0968845674,22.6294048358,-3.0531748084,-3.488425379,13.354314136,-3.59343131673,4.99151316521,0.505658119933,-2.99457075177,-9.33541348572,7.40413611967,0.446220416185,-9.34988092568,4.49705030355,-2.76704798624,1.48753509713,-0.164031181904
"h",-80.3655602458,8.51227040137,14.1864932941,-6.63158254908,-7.79717656969,10.9502252488,-33.3472416564,-11.0656393977,33.8990506456,1.39584583646,-0.356516181381,-3.55101158314,-1.89180060293,6.77253609476,4.72102511857,5.62757802994,8.34954405528,5.9017842016,5.25424803063,12.7595961782
"p",46.3850882027,-50.7812014084,3.29747636035,-3.8973029016,-13.5089946618,12.5441517474,-3.02119340945,1.65078384783,-13.7122745894,-2.59907362202,0.285669905702,-2.67848520901,0.453665913372,4.31363451077,-1.72638314538,-2.46804997889,-0.873894558241,3.74333959402,2.76448655358,4.48400971798
"h",-51.3181741974,9.18373975166,-10.2638945218,48.9410079544,-7.27803289032,5.06161859277,-27.5918103975,0.559869834078,-5.03663793978,7.72142532606,-1.39252632947,6.76902881604,-2.14578788296,1.27188997803,-4.21891408141,-11.049949757,-4.91134570845,-3.20127717236,2.12744946872,-7.1229776048
"p",39.466295092,-44.8563347839,-5.86668352784,-2.61340109458,-15.4356773402,14.2020401017,-2.37599901286,0.303098075326,-11.3685261915,-13.5838398345,-2.2602914684,-5.79915853432,-4.10888485871,-2.45538661061,4.79671118315,-2.2034322904,-0.0582448126375,0.180773566264,2.91877975664,5.20405597836
"h",-77.2590016828,5.93869811271,-49.091391325,20.4664713104,-5.05409752529,-6.52740825192,7.31827921584,18.7593854578,0.836960958002,-9.66737918462,-7.52646511387,-1.26827428039,-0.680571892198,-6.35979281539,9.44149445319,-3.50549099166,7.63599245247,-4.18677420537,2.58135687392,-4.6480287261
"p",-23.9680256625,-7.5074997953,-18.3732443108,3.97158103613,-0.455827449296,3.16976135047,22.1703365836,-8.73910261705,19.3519558384,4.19699670593,29.0474829836,-4.25213381544,-1.44877585981,7.9513620101,17.265497772,-4.12112801283,-7.29523291836,7.69478135502,-6.01319970348,-9.71100342314
"h",-27.9328058468,22.7690773061,2.50909908267,60.5878629597,-8.69984579439,12.9491636047,-10.0779611492,2.1090215736,2.07883599393,13.9158522838,0.0268844526407,3.18616231782,-2.15055734703,-5.14302701277,-2.75229961763,-6.5913129737,-3.41458620684,-13.2339819619,-8.29521409323,-11.1391998769
"h",-105.466969757,24.4870376733,6.45012047035,-39.8089199713,13.0728536977,5.40666481018,-7.80047965464,1.08588858551,-11.5238791695,-5.50303419275,9.79536790994,-1.03414897241,-2.257966982,-16.2832193632,-4.78130861955,-5.96657643237,-3.77517976179,1.63005371737,1.88804258768,-2.89835959048
"p",-0.613442114912,-49.2565838878,2.225206219,-32.681847198,-3.72524488842,39.2377812928,-4.32961050925,13.6763402765,5.57166630617,37.1165344075,3.88673049253,11.9243501925,6.51489017734,-4.36467270998,-2.28523101614,10.6339823839,-6.53467030633,-1.47165378686,-2.22697811507,2.31819897664
"h",-63.0858683454,23.4859923489,5.82278498613,27.7264565663,-1.05454463678,14.1415022961,14.6717887867,-31.4484801906,-18.9716382051,12.9194290438,0.32482158136,17.7493337799,-7.18559594102,-15.0665837568,3.21140231007,-4.05641223708,2.59015211169,-5.92074521209,-14.837727105,2.32080893237
"h",-24.4626750925,18.4282780296,-4.87362907943,26.7630381244,9.40089951854,9.10776013062,22.5033585675,20.3755093396,4.03996761436,-5.4290474363,-10.4982154429,7.76169861261,3.69702102499,5.75283885163,6.0560470724,14.6793015411,13.5918376629,5.76793550336,-4.61084106364,2.8493259065
"h",-33.4241709906,32.9405982604,12.1231278951,54.3662466231,16.7164989586,19.6195119077,24.5252674143,-4.9542882575,-7.57115771265,18.6931159159,11.3282522777,-5.52496043287,-19.4993937578,11.2744994731,4.17435625926,6.85510259212,-6.46571080963,-10.0823559378,5.80496753666,-12.9902605856
"p",-14.3656654417,-40.3886707692,4.04325347244,-19.0990658797,0.475084714459,-15.2220089761,2.66095281305,1.17441953419,-2.73602010071,20.8650649341,-3.31040875967,7.50715656435,20.660763122,3.13739631225,2.63516469907,-1.7030957732,-0.346655525407,-0.420382813571,-9.4423202693,-0.937957750008
"h",-101.573639368,26.1320904394,7.860434313,-33.0808792199,11.6761123323,6.50354425216,-13.9341222569,-2.42561146909,-9.8837132092,-9.02713848037,4.3788100802,-2.53872337295,3.74215936011,-9.60062932057,-3.04957641772,16.0565097741,-8.13424878518,6.47488545427,-3.60334770188,0.0956129593069
"p",111.425234005,86.0522780901,-43.437763452,-31.2283014235,-23.3825761027,-8.96289006673,-4.32782709701,-9.69614573968,2.05608003252,-1.2095090401,3.27164784692,3.09739456218,0.556772014374,4.37553215129,5.59868112265,-1.88446152096,1.57451652886,4.37138989406,-0.515749041651,-0.0419447106067
"p",45.836390247,-46.5020238933,-1.4830020342,-2.68291964701,-14.8345087615,16.2051811517,-4.52304555825,2.52584747464,-16.9494074484,-3.98736438401,-0.273257396046,-4.04999868859,-1.09612017934,1.05210673609,-2.36924479968,-2.99047356767,0.615624669402,3.27167149918,3.57213696811,6.2340094326
"h",64.4327720401,-2.43561066928,-3.02793792269,5.07256039505,5.46233192963,-10.3878549952,-9.07537871292,23.1976282922,0.194700938275,19.0497653973,12.901558302,-2.87979109589,-6.13372281425,8.17662957733,10.9910123367,3.44976115985,5.98320251277,-4.50082841589,-3.01464586974,8.91531338598
"p",41.5357065316,-46.2484819064,14.6063899263,9.2419224723,14.1432330962,-10.6564193033,1.295540478,-11.6961422495,4.00106353506,3.10018731318,2.92335838738,4.38194108271,-7.22045430612,-1.04029131739,5.78982786086,7.27649221538,2.76290886072,5.45174351056,2.16491067346,-5.2724426672
"p",20.1787394691,-49.7797783237,-6.00371328644,-4.64588694342,-8.99741034708,11.8040830454,-3.07978161671,-0.51616509813,-9.25808567046,-15.2981880441,1.65804899297,-4.2254981204,-0.963499244885,6.44701549204,2.70803272446,2.05184231563,-5.97446788212,0.147297952428,2.61299855719,-4.36832427755
"p",10.9981440984,-40.9297092415,11.4876941727,-5.93045418468,-0.0782452238389,-17.0784495078,7.12864392626,-4.92784260175,-3.7779780138,11.5778921981,0.922240092271,7.73812735574,13.8711867176,4.53785809707,14.775882885,-4.30918197225,6.33147891204,-3.39420651094,-5.43527555031,2.81304911993
"p",52.9712603282,-38.5189415298,26.4426069678,2.238897824,16.6153663355,-29.5666393965,-1.34857559047,-11.2301181501,12.6154485473,-1.39688723449,-0.547563334506,6.08540474218,-8.69216103152,-7.50028875448,-5.68062843526,1.88606929559,-3.03963616731,1.70871379656,3.67437500955,-6.90435365023
"p",57.4960645239,-37.6418805235,26.805666944,-9.62136247836,6.35575146012,-21.2714065147,0.950728893979,-1.63659063058,10.8591895435,2.49820558484,9.40142571572,12.1379843194,-7.66252047855,-0.261013115685,-3.3653247692,5.99573010986,1.26635816946,4.75111041032,1.41644674781,-0.017413601182
"p",-30.9013794067,-19.3822321121,-5.65269816314,-30.7254795829,-4.48042998726,-0.618203910545,-9.00502293485,-8.91746564528,3.03673680028,16.3323872931,21.9645933169,-5.04724453302,11.1335204954,-8.99983287227,4.63070960808,11.3525037907,9.11854952737,-4.88175935293,1.41013230205,2.22196188562
"h",87.1276994142,16.851716858,57.0960911463,38.4256018755,-27.2521614176,-31.3567011956,-14.9046941112,8.74643181111,5.17329991921,1.23203219774,-15.1071555803,-8.44533238747,10.2430148394,6.82951625813,-6.41064991301,1.68370463844,-12.2199036501,9.83496856915,3.30792127751,1.80384463632
"h",-31.6890152198,15.2613804836,-31.2825048266,59.90108097,-3.61440969337,-9.47950740173,-19.6815015656,3.18877409343,-10.6300385715,12.8885219895,2.29144716803,3.50087323772,-9.73043081965,6.85626416238,-15.3635332285,2.45400620382,8.49513591152,-10.9520757755,-1.02803337679,15.2193195781
"h",50.6658923492,4.96504318954,-44.1714380464,-1.5461773828,71.3346202591,6.42895154029,-16.4351777524,-21.1653400851,-3.41958319521,5.45226762868,-8.57007699755,-5.63747396925,7.44164142843,-1.75684203398,-2.31048490572,3.49857840541,-6.74771057903,0.580991572191,-7.04960956434,6.76150992048
"p",44.7002838476,-47.0948526813,9.75403515409,-14.7236743882,-10.1376572902,26.5539951536,-0.905464512419,2.01909095196,-8.43008497847,13.8733293185,-3.9192406516,4.01353577474,3.46674977253,5.42383470534,-0.650990651118,-1.75697970244,-4.88880516098,-0.211473235789,5.37708453753,-7.71559734548
"p",-13.2349200232,-4.06641227093,-33.106153757,-14.2517362593,-5.97093155643,-18.2279854494,14.7278549821,-0.772226776855,-11.9897259724,-2.44376068526,8.87474411957,1.93351041007,4.90632018232,3.24328213065,-4.04269306447,-4.21748392951,3.19123615668,-4.78113064872,-3.52489841204,5.63331816754
"h",-128.075638669,4.17512552726,-37.2062729094,19.2718880802,-3.11278574886,4.75804969567,-12.1372153436,4.31074420865,4.26940210803,5.89183981859,11.3850496098,-3.26415904586,-5.36851539717,0.119982513714,-0.964153388867,0.73565048164,10.1466394564,8.11384563825,1.51278979271,4.17023008755
"h",-41.2309132947,13.4553458203,1.15593026068,22.484678122,-16.3712932221,-10.8947052235,-10.8886005993,-30.3080917525,12.7789741793,16.0615829717,-0.206442946182,-9.2250748854,-9.37515627111,-12.1635458969,-1.19749190991,4.53125097069,-6.74059722991,-4.1589839949,-1.22461818745,9.75551451123
"p",108.87900936,77.7536198399,-42.9059860688,-38.9752530508,-27.592466489,1.94414773066,1.76139325506,-1.43737993719,1.78341692195,4.19313510814,6.95601016901,3.59123806399,0.449433215238,2.96414510286,-1.91008774837,-2.78560758683,1.3657817195,1.09333594243,-0.138021146256,1.40524823896
"h",-60.2915041375,7.02070888098,23.5612072352,14.4116389195,-34.6580372678,0.789347369272,-26.5987514912,-22.0239460677,15.3680282572,3.00629074946,0.785555932405,-4.8627735337,0.133467197599,5.13224708505,0.438293345183,0.0744278871681,0.414573056471,-1.02594170077,0.797281892267,7.19185453959
"p",-40.9321101311,-16.1785603334,-51.4603551024,-21.6090970461,-4.61826209133,-18.6617156509,16.497340402,-1.2290063231,-13.4398099489,-1.85912052367,8.52514327041,1.40826107133,6.60707247884,1.2644126829,-3.74712251053,-3.02429828216,2.30729219946,-8.06066392028,-0.46046515273,6.96972011401
"h",50.0619042174,48.4911898097,41.0960432486,22.4867185722,6.31304304697,1.17371763346,11.5930991838,15.3022590063,22.5170090745,5.16926939324,11.7871692149,-7.29571410511,15.6255693885,-16.628034512,-3.23320341551,-3.55895823895,3.34879516344,1.28273625077,-1.8065865702,1.16804856253
"h",-67.1600399094,38.7331809789,56.4536651856,-26.5387772545,15.5581630202,-1.77248867036,-9.11093999638,20.8402171407,-7.68126615583,1.11755877325,0.18906230602,2.20961595172,-4.17429070758,7.8390907865,-2.4754299715,-11.6915219349,0.572233183548,-0.798582428734,2.14879653913,-2.52722508638
"p",48.2838705151,-33.3394417306,12.3357586721,2.41803928475,12.7061891726,-27.6034216979,-11.7984260652,-12.0185039985,9.64849067676,-5.0959081758,-0.0798213005596,2.83567503761,-11.327472368,-1.48630113383,-1.937916955,5.72547515703,-2.45137373137,1.19157563278,2.83125446635,-4.90586143569
"h",93.5535684063,40.9842117846,73.6081010729,35.9037753442,-9.40402540228,-13.1520695238,-7.33460799712,-4.32932094962,-12.2465302595,14.0793527996,6.08328681248,-20.6706273091,21.1849474587,-5.08954791723,11.7199200456,10.5341647343,19.5285656439,-5.37861171931,5.46428323237,-7.11647909077
"h",-65.1578190916,9.03964518527,-35.568548241,24.2777084931,-4.69581846834,-8.45033341584,9.59939843573,16.448750463,7.64794386864,-7.68752475533,1.41080879998,-9.08447886214,7.09029999759,0.562148128144,9.43908002634,8.38210283191,0.264184898579,8.35253348645,-3.09208059597,-1.03963792956
"p",22.7723549561,-46.8284630085,-13.8760937739,-2.81259035035,-8.83636148153,4.68947651209,-6.40264709547,0.956151215015,-15.7254752516,-7.33430522739,-0.712246902596,-2.24901553238,-5.20069685531,1.7545670864,-4.47087162412,-3.21271590996,-3.82971298143,-0.696149650619,-0.0688183770353,2.44359094843
"h",95.6889993473,37.3258650516,59.7080372156,54.0349700201,3.40518257306,-18.4816614164,34.6333609399,-3.15885486205,-14.8894941858,9.92855449684,1.1129208829,-11.721425721,11.0578876922,-10.0488648858,-3.08329583492,-7.42005486145,-1.40090597418,2.0450730027,7.29020615871,3.07740433994
"p",-4.73254958646,-46.1345173839,-16.9950450694,-19.4599056134,-13.7714592786,-2.72877798458,15.6837074592,-2.72577719598,-0.201313706916,2.63698090776,-8.36741018086,-1.3190814118,-3.822056765,4.00660266563,-10.2310394597,0.625903216407,-2.58202744448,-3.96529479864,6.50311697665,-2.09711421579
"h",-32.2978058701,23.725241615,3.59229755872,10.6944435099,6.35393399994,19.1905910382,9.65134388386,-1.60506705883,11.7993471624,-1.24709211973,-4.22277974475,-9.28381984962,6.62638200204,-8.85720179448,-0.701587387209,2.14478967131,5.43000579284,2.59729219007,6.15866803692,-4.24368981188
"p",16.8965931785,-47.7412531317,6.17802410349,-27.0664340983,-3.5090905667,31.1491991904,-2.37709579635,3.78842991835,1.87163933049,12.8216164364,5.47261415374,10.7967310719,8.35821247513,4.52585916232,1.23374438044,3.89756092882,-12.1349094528,-6.61389164136,9.87692954441,-11.4824817797
"h",-20.0944316846,42.1894222093,15.6049133133,-8.22413065568,13.1749551001,25.1439974389,44.936215357,-15.5628420065,13.8395002158,-10.9627135556,30.0317898074,-2.16410706196,13.489233548,-10.6202617719,11.0076649132,-2.50948381059,-3.56903844896,-4.9524393892,-6.66979163137,-4.3247209845
"h",32.9039458351,8.9525624624,23.7491218431,15.929700226,-2.26354318546,-24.0053361102,-2.74026426629,23.6912718915,30.6399167249,-11.3948840053,-0.527374454836,-2.68329789665,5.24131192726,0.375069630798,-1.8407864792,0.238355979653,-4.00901632469,4.85209720158,2.55702956615,5.43793486847
"p",8.72247169646,-39.0789683249,20.8063454378,-15.0763723807,2.52336132937,-18.7331639339,5.50758236355,0.604530603374,0.0765061190846,14.9975334216,-1.0562372954,9.35942827224,15.297039792,4.17459792904,10.3315302317,-1.54945233869,4.08001678863,-3.3887220723,-6.41265280096,2.68722985167
"p",29.2489048907,-47.0751335112,-13.3338251972,-6.63509749543,-11.4077110049,7.91951261452,-0.03385597218,-0.529640978307,-12.5042061215,-7.64714571576,-5.477516947,-3.89815772005,-3.62796812891,1.26700382807,2.54907452444,-1.86912232392,1.85742786432,3.39982623123,-4.45369376713,2.89876569915
"h",-109.656804439,4.48670472148,-31.8843734651,23.7872496652,-4.44721530752,-2.74057755404,-3.91775948984,-4.11974462618,-7.31003914177,-2.37186454654,12.7862938103,-3.76832399751,6.19222547,-2.25141752678,-2.95900157101,-1.59042951392,10.3590776483,1.16253312243,7.5005092867,-3.58822725006
"p",-5.89473097886,-39.4797102697,9.77053796661,-10.0468138458,-1.6072107531,-12.6420908933,4.27144308336,1.33715724269,10.5181577436,-2.05937288408,-3.19495315278,8.43905594938,1.32897573747,3.79537195334,15.6875002124,-7.05404960368,5.02371162599,-9.03830692155,11.3848063023,7.29264413059
"p",9.20119210219,-41.3201076422,8.4487144394,-10.2695547498,-0.138699705599,-20.4175319152,11.7458668066,-1.13900210989,3.55783134428,5.14713228365,-5.6150204733,6.57624299561,15.0306097922,5.77781479964,10.5017051263,-5.59495868976,2.52614320599,-6.1052777405,-1.8121697281,4.51188913293
"h",-105.717201276,4.65173075835,-61.6632473894,1.71786045527,0.228676444737,-2.31693307455,7.19637844888,10.2245857389,7.37136063818,-10.1105530384,0.681580855447,-8.76399128717,6.56768561387,4.83422964177,2.77538664011,1.57353025308,-9.80959689874,-2.43518507601,5.5509888934,-0.0940740220271
"p",60.594083839,-32.075343367,1.80621831337,-1.97829985408,-7.59741103069,1.94378503008,1.9081169322,3.60702721024,5.0657143257,-8.95078207571,0.251468931789,-12.8394640755,-9.99988077934,-4.08299093471,-2.98569827229,-4.01761212726,5.25720583003,-3.39539047677,-15.2502468661,-1.11242107183
"h",-32.9361524229,-2.63646826962,-28.3032634351,45.1853428038,-9.65746483496,6.09755844327,-10.5195831138,12.6127655158,-9.52254701984,5.79779188872,6.00266402654,8.63341133498,-5.72998336949,0.394483811723,-4.06477985795,2.19019855985,-13.5350842387,-12.1615374809,1.00793022348,1.35423000919
"h",-102.97112605,18.7834903646,-52.9781357831,3.105942177,0.51837031289,-8.24137233703,3.47487821221,17.2279460643,-10.0056103297,-1.22770322734,-2.03079887306,-10.3844981207,5.92897823238,0.770891465394,6.88907556746,15.3586346215,4.00315996536,0.795746854724,-5.00832442931,-0.726867929853
"h",28.3880593262,12.79062321,46.8795160281,12.9616383228,-15.6478919278,-15.4229330997,8.09959236909,-1.82717924767,-16.8474000572,-1.50853619304,-8.17308349817,-1.7850066378,12.526113075,0.957100862233,3.86734605285,-9.47827414022,-1.52153211566,10.417815961,4.88969114124,8.58992348886
"p",68.3137857141,-37.6383370944,8.05378738807,-3.80637658834,-5.70500725063,1.74492476948,-3.12808325606,2.95433189017,14.5604070728,-6.98274827677,5.11095724484,-6.7030611473,-11.2105746239,-1.21114736107,-1.54302972735,1.45052566611,7.87784984009,-3.72628735791,-12.0041782618,-6.06688417509
"p",53.7740218308,-49.6211379283,3.68527628486,-4.64861468879,-13.0117442304,20.3833091025,-4.20291458948,6.04071390481,-15.4377220193,-0.459980986967,0.9720526282,-2.31206571043,0.470254500614,3.0392646051,-0.59320192625,-1.2638521798,-1.0033735522,4.27829202455,-0.0614822920468,7.32617758178
"p",37.5232192389,-40.7743942278,5.71090995553,-27.2354790161,-11.2759103238,-3.44890926426,1.51646427459,7.8449171978,17.012573256,0.198011248273,0.581390444628,-8.44865275878,3.66534935194,7.44352724463,-5.01215357224,-0.0445676369806,-1.39860041343,-0.485873211122,-2.76242599729,0.352590964487
"h",-50.7298587146,14.0799844073,-28.8148459922,-7.61732981355,-10.6877816968,-4.9815804623,11.1426363051,-0.509154695939,-7.38079069733,-11.9040093727,-12.2826700944,-9.84103278867,-0.0407922028431,-0.185952396856,-7.28699544169,1.16289941843,-2.22572345092,0.986427215298,7.62201586052,-1.87028925028
"h",83.0148945283,13.3197719159,-27.4589436349,9.46780039697,82.2210078887,11.4511972724,3.52947599058,-18.3282597723,-2.12607793324,4.57865936959,4.92947602096,-8.30507636239,1.4720057751,-6.95442595552,-5.20068670339,-4.36387353083,-3.87988543573,-10.5126959708,-1.60271179216,4.86970558119
"h",-47.7870683728,21.0257999942,21.4674862203,-43.5949115997,-10.2520105444,-11.8637268106,-23.5156505291,3.49454160344,-19.8482790609,3.92256765817,-25.3684126444,-4.90728311014,2.8523053168,-15.1098381201,-3.06934797847,15.3194143458,-5.66302087238,-4.3976652827,-1.12038590718,5.69500131142
"p",128.926703247,96.040986713,-41.659288856,-26.3602037907,-23.8645880658,3.20092441275,-0.87716838004,-4.79881515246,-3.72603134688,2.42470209516,3.36289156892,1.83362425637,0.173825186393,0.925856883102,1.8531209223,1.71656837688,0.467381234417,-0.925655396901,1.43155709963,-2.18349532528
"h",-61.7520469925,18.2659255058,-23.1802037357,25.2637239712,-9.11938261671,-0.51726458467,-27.6990977022,-1.20046971783,16.996571438,-5.21399322011,11.0454206879,-8.91389996367,-13.2004730251,9.50006878022,1.49271541184,10.7758750012,-6.04536369635,10.6015495668,-0.695558684662,8.48210858574
"h",87.2130265241,-3.73892565919,-19.5449024519,13.3860070631,53.0062601675,-1.68766082552,-22.3114989126,-4.68420128813,7.26240042664,-8.3288926801,-2.62901556758,9.63073421668,11.7970217813,-2.01416055192,-2.33577180228,0.705783187839,-4.58781781525,-6.00114743872,-4.79605968767,7.15336354457
"h",-101.149090525,38.1723729649,20.6390891988,-36.1020417985,15.948389764,7.1229980311,2.76863039912,0.136337367997,-1.14940109364,-9.06565347495,8.4015273189,-5.36266616043,-11.9889342869,-6.20067405831,-6.81284798446,-1.56303423323,-5.91598606991,9.31209727125,5.80662033573,2.82457990747
"h",-66.7056143307,2.50005952978,-28.4120262818,-0.799288161897,22.398096332,0.329769951837,39.8678221013,-3.98169550581,-3.38048389206,4.25570005409,19.9008840494,-7.2911861586,-13.2132058481,11.1886149522,14.3235891406,-11.0774048939,9.61273617819,10.7330886719,-5.60602795174,9.51183139881
"p",-46.3100331774,-22.9445105154,7.5382413359,-38.5890774441,-2.89912085797,-9.13443626272,7.82037515332,-6.49265433356,1.4123171789,1.44208240941,9.64520607062,16.1408909453,9.65490800701,0.11191182766,-1.12060605124,-3.94931650889,6.29747235792,5.44062947052,-8.19721500224,5.88791949869
"p",46.5756398937,-44.435615337,19.9678330318,1.41267774484,8.81111989625,-21.0198267369,-7.68983294703,-3.94116407011,6.44241130049,1.8099304408,6.64446540179,3.90974426942,-6.96884383404,-0.837301511395,-1.18582480347,5.70376699078,2.4122715307,4.25481073968,1.09301648303,-3.71760942034
"p",6.8278463736,-48.4906035344,7.23176220079,-24.4216476962,-6.58510410354,31.6097720767,-3.58670451341,7.73263547323,0.914921034883,23.6687053889,-5.48691710351,15.8379105137,4.72104094336,-6.46940231271,0.398494092158,4.99013712166,-8.11627210773,-1.34157921768,2.25134011549,-5.79944449935
"p",47.6219582973,-35.8287779019,14.0954217126,-7.38454344661,7.20899119722,-25.8590209202,-0.396121267106,-5.16689479204,7.40499417418,-4.03189489004,3.25934563506,10.9244406894,-18.2068363812,-6.36017858285,-2.22159131837,5.47281050612,-1.71530822775,5.4650941712,4.6078118989,-6.05745524963
"h",-68.7675980671,36.6300250389,43.3434319733,-46.5920179002,32.2166827295,-6.55836748352,-1.22354608116,9.65690735715,-10.2889989668,2.18588864606,5.760993522,-6.46585508499,-4.45498522465,0.438137517523,-2.21384252752,4.50572481624,-2.3560801633,6.34390246324,-9.38446353214,-1.36313805753
"h",-69.1966661554,18.5233759545,0.700694172474,39.1300054872,-7.26555816997,5.46992932623,-15.7040358115,0.18943108179,4.35602610468,15.4494102721,5.75168046128,-5.57625083694,4.31594742298,10.554406655,7.66108454873,3.86761817611,-4.41709285718,16.0874631736,-9.13433550376,-16.3590199761
"h",-101.572192292,6.46458260659,-51.3325494556,15.6336365801,-1.69925633469,-6.3243065088,11.7999967079,19.2929077593,-4.6349430446,-9.31023362314,-4.30775929874,-10.3468752547,5.83926587647,3.57739877955,7.1451766964,15.4000087913,0.706742491308,2.39873104296,-0.454035619814,-3.63031631997
"h",-62.1576067242,35.9691143541,52.6281376325,-45.6721110069,25.8008776327,-2.26571931897,-6.19842736486,14.5501171878,-1.64798836314,4.50512928153,0.207454714621,-5.0663581015,-7.07177514725,5.74060145394,0.0525428479671,-10.4924913654,8.25030553235,-5.58699840784,2.36318195396,-1.61781902354
"h",21.6464689845,17.6811852436,-2.3408091909,-1.88674521793,20.5447684444,5.16505446276,-9.22318228514,-4.46146912956,23.6977806426,-9.37085974058,-18.0411646223,-8.656855169,7.567342543,-8.03164130239,-4.47748421754,9.80971233619,0.257315851193,-8.32603500745,7.46951387204,1.88282942645
"h",-16.7578498676,17.1960044378,57.3115748064,-44.1275731931,-4.27891343248,-27.0509652071,-20.6130187329,7.99347462486,-16.9621832337,5.7986628414,-23.5744115678,-0.562831931815,3.59832598123,-10.2219417364,0.513588321021,12.4743078627,-1.92502338897,-8.89937831149,-9.33950758543,4.6046440224
"h",40.3195239883,-6.72665473038,-45.5438114917,8.92710139948,61.9888551956,4.23586221273,-8.48597535682,-5.99934241757,-1.86613503367,6.60608061893,-11.6145593052,-8.58715707182,5.79218313627,2.49184699844,5.68218454453,-9.89076049452,-3.58054454812,9.88503628299,4.19086365275,-4.67446237626
"p",131.807722118,92.1648409822,-36.4942953963,-26.128219004,-26.1075257073,-8.14693293282,-7.19967335218,-5.67336257107,0.169448388124,-0.618909688,3.11241623536,4.61503344504,-2.16130503481,-1.31485940734,2.71506852884,1.57740698768,1.35949702902,1.18480099248,-2.90565608217,-4.44270671503
"h",36.5018355106,-9.08749948763,-27.0867816464,28.187538852,6.26979147431,-1.59161395772,-25.9221903843,15.8928834828,8.01449008755,-0.205733386466,11.0126815486,-5.61575360801,-10.9361086688,-4.45127057691,26.9553319763,-4.7325175938,9.99002072263,-4.08233677247,3.15470601331,-2.17881616261
"p",-25.6310761998,-35.0838198145,-16.9884309659,-31.5557171443,-11.0535255539,5.60393234057,19.4305649734,4.91606938365,3.42516496682,12.5229446303,-9.35564506915,3.70960805402,3.52127266382,5.0616147101,-10.1012320926,0.31278101211,-6.07873021934,-1.90240274324,-2.12620674285,-10.2904917286
"h",-66.3067104002,40.5118207777,56.3030361879,-42.1077388431,18.7998115623,-4.88042654666,-11.2972950388,14.9806821212,-2.06556469989,7.11524910996,-2.50296468741,-0.927511216022,-5.71051790959,5.06282474497,1.49842058742,-12.9111470304,0.0916043461669,-5.05993177574,-0.667228846205,0.600676793349
"p",46.7722259657,-37.9924409802,6.44789290614,1.04168585628,-6.29725934694,20.505003591,-0.968106861053,2.15435743096,-11.2526530671,-8.91347655794,10.4980747214,-1.54333639174,-1.35924626398,11.2185250876,3.67071817852,2.86152407405,-2.41182253613,7.11196781625,-4.86086968659,2.3181098295
"p",12.2266738204,-33.4127741275,-12.4204078037,-3.30341417343,-3.19376133496,-11.5682114474,-2.90851243364,-0.960902182966,-0.0435455938224,-17.092931383,-18.0255690385,-8.0165018126,-12.1702936675,-2.88759332602,-2.36712193039,-7.18263385416,-1.18718497799,-6.33890272467,0.872410917411,-4.21656931016
"h",49.6230459761,25.0731316092,22.4796839867,38.5788850879,2.66573968084,-3.00312266968,-7.07038880354,19.8106942832,26.7202220775,9.53148853954,-2.88650506869,-2.11239631479,7.20047574347,0.641398504293,2.72457153232,4.26498410133,-1.27697091455,-2.62259529289,-1.00990532421,6.95215551754
"h",-61.6803005303,-3.45108959054,-64.0157104817,22.2090824757,-8.08046990107,-5.53757270742,13.3474809765,7.78475986678,-0.356078240332,-10.0287676445,-5.25750570354,-8.20170794439,0.907445987544,-3.53264854903,1.20298407047,1.02227525667,-3.21965506378,2.93229815857,10.8971062969,-2.9157938657
"p",45.2859225157,-45.3082139685,9.69316115389,6.27478998572,15.3701594554,-21.4486440612,-0.184945540903,-8.72493081131,6.96394963542,1.71513184216,5.27320830888,4.73505046451,-11.0217532917,1.68295781286,2.88089105653,7.76215225212,3.88516820188,4.89821199586,4.79273579354,-3.25261194382
"h",-52.2331465151,-4.89481339073,-60.513916973,18.1757890781,-4.48333195563,-4.64654830436,16.7880442607,8.48409581584,-6.28161014155,0.944791883526,-11.729847374,-10.6994206155,0.0800369412082,6.23354670887,1.96906315322,-1.7613223157,0.681385165416,4.72869844088,11.3273431952,-1.96180536535
"h",-17.5996634537,-13.7386249171,-8.70796953748,31.4488178367,-27.9890176779,-16.3757142724,-19.1031772922,-13.6896768523,-28.5008340934,4.66050071919,-13.6887748591,10.0563039182,1.10031534767,-8.06301935794,6.6638035191,-3.38642776673,-3.1553422518,-10.1655719405,-6.32058427426,-4.55789612138
"p",39.8917985439,-52.1990351469,5.97238280001,-11.2733273932,-12.2626668338,6.27758975965,0.349222046349,-2.03696120371,-7.06915686503,2.74025879537,-2.01056069532,-0.747936493319,1.96684381622,8.59476145325,-4.64774989312,-1.02338821288,-1.18105971753,3.71748213924,-1.40649442864,-4.12581996311
"h",19.1694898994,44.4174875993,26.8852078426,18.9145953061,13.9002327283,22.6802950245,37.6299355861,6.6641705288,8.89029235791,7.10207642877,-9.43063032145,-13.0138838286,-7.46661998732,-7.24191261479,13.8710412902,0.640076526472,-4.20989986126,-12.8426449764,7.17688594021,3.14815463359
"p",-15.6215444771,22.5221484989,-23.001785795,-4.1759982967,-13.8899084561,-2.38847200477,18.3836123114,-4.68136622814,6.54031769208,-4.40286007758,-27.7646433908,-5.10186393885,7.59152884882,10.0607332012,-8.07199195512,-3.69866239499,0.477105489249,-9.41859846788,-8.6269928524,-10.1176845932
"h",-95.5239636417,26.8013659541,17.7857902202,-39.2224667027,21.5851955484,-4.18293696032,-10.2807781735,10.5650555902,-10.5527160392,-6.35374650315,6.87981930284,-4.60841117776,2.91261407101,-8.41819320533,-4.93745775276,10.3982915701,-2.09338312217,8.76120612141,-11.2650874358,-3.67705183527
"h",-32.2075216433,20.7715171261,-10.1270763277,66.0691729477,-3.66831716551,-4.07221925604,-15.2913074154,7.17805327585,2.1374718662,7.45452979636,14.6846026259,-6.73319769971,0.917591766729,0.241248263094,-16.9266956959,2.61460290921,9.38372756644,-4.56985319875,2.34986197641,-3.30607260159
"h",49.638656795,19.923310919,59.6786891763,12.7423902354,-14.4824709223,7.12845001158,-0.0165423452205,-7.76550804509,-0.172888016709,-4.78360496287,-12.5965022703,8.2431163034,-3.930740208,-8.70390952575,3.13250856563,7.84257080325,-7.30211411753,4.55704099772,13.1833590897,-2.95096520787
"h",-95.5066384994,27.9754818882,12.4715110664,-39.8330402843,22.0510184765,-8.20909652379,-9.09877995097,6.54746038443,-13.8627614954,-3.45486194063,9.78586081966,-0.48735169363,-3.4832476667,-7.40222762424,-1.99864954527,-0.0503075190096,-6.29488100749,-0.136387997247,-2.25582066928,-2.56529074894
"h",-66.2462899096,36.0600480915,48.4219030214,-49.2538800601,29.1276718818,-1.51682817909,-6.09761764249,16.4417974929,-4.87504629565,3.79880052027,2.08193338736,-2.90427394977,-5.24559199891,5.6042309503,0.547081088236,-7.95162455486,7.21760741133,-0.0323902151925,-0.0303654977406,-4.38187001451
"h",-18.54660391,3.3963344068,25.8765271745,23.3049519706,-17.3834822308,-25.863175195,-4.75475695744,-9.98707006737,-5.97608999952,-8.95098178745,-9.75125015944,-5.39408785269,11.9687504891,5.79546464776,8.44946302822,-3.0230135421,-6.53492149605,2.67532264326,1.14713935171,3.52369727804
"h",65.3169907884,9.16170107012,-37.1420037964,-1.39750378888,75.7261602772,4.43062286299,-18.7143263608,-14.5011731026,-1.18469781307,4.2702406651,-10.1315581928,-1.18979803405,7.65036422389,-0.0291159311499,-3.96827563849,-1.65715951039,-1.6201785716,0.555754800077,-0.754768955187,1.7454206799
"h",-95.3445197096,18.0122262702,-47.3892359891,0.744633184607,-2.04194532856,-12.1261198882,-1.7843758064,14.6379580679,-5.87384733148,1.84001975722,1.80348923541,-9.13335780614,4.49851738903,-2.96024282955,7.64785307735,-5.67741942762,4.64081741069,0.336146069008,4.73768085455,-2.14015065966
"h",42.3073879939,44.2591606463,30.4685231077,53.6037727611,11.6322450861,-7.30650688219,21.5935775984,4.89148330261,-15.3324319679,-25.9468120197,27.8394770707,21.2426620789,27.9243158149,-4.64298940108,-19.6647108933,-8.88630575818,2.08500772213,9.83116912993,-3.44497004251,-0.596802218405
"h",-57.6811605866,10.1551871302,1.75246090319,39.9774145832,-4.463134663,3.03199637031,-25.267533519,-2.35609086066,-1.14496761372,11.919337354,7.40065086768,-8.6825580557,2.8006008442,4.41155751158,1.4028813464,6.48131350177,-2.32930985476,3.51738565967,-1.34982208529,-12.985227873
"p",67.7273751165,-28.614673955,3.43643343617,-1.41742797564,-10.0005597937,-3.40494960119,-1.75730037004,1.8341622013,10.731736726,-12.7583949847,-6.28261820854,-11.9970728592,-7.51392280041,-0.987817260561,-5.82158959561,-3.85148678592,6.80227630288,-4.29820948271,-15.4758772741,-2.48613997212
"p",-43.5189004516,-11.7238129917,-34.1236067487,-21.0126510487,-1.42882073425,-0.173723149732,24.5623588509,5.30119015642,2.79017450213,-1.66963819698,-2.93936306309,1.3434876004,3.20519034077,-6.16094688391,4.08725436678,8.36191469845,0.608503667035,-1.46123227817,2.0737603336,5.05304042053
"h",-15.9596833808,29.2977114427,20.4391233498,33.3374668014,-16.1013911507,20.7388743901,-23.8936689723,-9.12546851582,-11.68913513,-11.9237511566,-13.0549305528,41.4524586424,3.70217168962,-12.1596522717,11.5968637519,-4.98189079055,5.97756982852,-8.49910637374,-14.0397850593,-4.5072894297
"h",-26.9869707466,10.7374948972,-22.8509382583,58.0569432118,-7.19376680889,-13.2092594427,-17.99459024,-0.872567590865,1.26744662276,9.15595675597,7.82235564305,-2.72952926528,-5.3920294706,12.0797590894,-11.5038450688,0.223122896159,-1.63359433481,-13.9947438873,4.43613060863,12.7484443285
"h",51.1343831598,9.34827747145,-41.8322657116,1.34239774593,75.0846554934,8.83555469341,-15.8219750993,-12.1358090504,-1.16729854705,-1.13601335863,-2.42144286352,-2.62499128504,8.96240745858,5.34933509867,1.78656430898,-3.75561503262,-2.69173729879,-2.67141002205,4.59482245121,-2.73595775143
"h",27.0533576368,23.1731753521,7.93125634662,18.2577776563,-3.35891678772,-11.0893342696,-5.23727366268,25.9866742571,32.8370409393,-4.02569364595,6.87005595563,3.11216074128,6.05373468985,-6.33325320933,-5.56858688855,-6.49273301298,-10.9954631984,4.45768853653,0.237964258421,20.1322745128
"p",39.0780842146,-50.9347944537,-5.45003269064,-5.82854984539,-9.74890902615,14.0060044222,-6.06722998491,4.19810806331,-17.3078305409,0.418698327081,2.6968354134,-0.278254244267,-3.49783913142,2.57307411526,-3.30466454026,-3.90596211489,-3.17240512471,1.97410440587,2.52826597181,3.72580393728
"h",41.1844968587,10.6764138365,47.505660626,31.4635329203,-21.9488402905,-12.9092943331,23.370969179,-34.4188856583,3.5419990328,18.7007343414,-2.36843363443,-12.8259537015,3.75370465686,-12.3475044857,0.164491945555,-12.8627050502,-12.5987386733,-11.1559813738,-12.1109724351,-3.57716389495
"p",47.0220715653,-39.0411931183,7.99827404681,5.52907841654,4.73424274061,-21.4731340816,1.03658889907,-2.90300430244,1.50521232903,1.06967420744,10.8053894527,9.22995227462,-16.3695494893,-5.20423827661,3.8665352451,5.72966981523,1.67404726195,7.88949666743,1.05517987334,-4.76128519335
"h",-107.431232884,15.9382552987,20.1527669125,10.8967020018,-2.09896202662,19.2907956831,-4.40646921975,-5.27177964248,23.1534780021,1.17869562456,7.22557224094,7.16043858713,-2.73007069372,8.52355473191,-6.61592784166,1.26066536273,3.11241275303,6.38903417171,-6.71666955353,2.59523640193
"h",-119.566419971,-0.441250302246,22.3063414139,-5.18859876236,-13.5981272424,10.6620731591,-7.94726710953,-29.2164672153,9.97496023088,-6.01540560491,-0.752233326304,-1.54910052031,3.87206302171,4.48507918665,0.34642734537,-4.57407815516,2.96542165417,1.00064981897,1.52523921265,4.64688725906
"p",10.403273403,-39.0744439703,11.9035581279,-10.680077618,-3.0117998769,-10.5809793153,12.1803127693,-3.53311090123,4.64291207619,-6.48774522762,2.83978895981,8.13220160511,13.0178993675,1.75265570463,9.88581801113,-2.08176255864,4.74087478835,-8.78829082436,7.09650122432,5.8400234288
"p",35.7317832237,-41.6106507352,-4.32560187128,-14.4494586902,-8.39571714697,17.019388337,-1.21434328681,11.8495016028,5.04452433672,1.49979729111,-1.10303426391,-13.708094087,-1.39909946491,4.18541947029,-7.29671777261,-1.52106466832,2.45558375278,-4.2438619143,-3.93037969041,0.721270206393
"h",-106.548593809,-3.68461094327,-15.6005988079,17.6601377358,-7.83621934782,2.67427681851,-6.95208760589,-7.76278079297,-6.4119664244,16.1557999534,-7.43586605704,0.14297038347,-6.55504983157,3.42986784723,2.97983363813,-2.91289832454,11.8006670186,-1.38731831511,6.26084211659,2.99037443169
"h",-112.321495078,-13.7248313903,13.812404298,-6.11750947613,-14.7195619764,3.91558094922,-16.6023407103,-15.6439159489,26.6900157747,2.43013869697,3.17548688352,7.37376718648,-0.306790496772,9.33084980851,4.4704209475,0.214436831497,3.56442245068,7.40410991699,-3.20401782983,10.0453679291
