"B",0.217622685565,0.0236840263412,1.22664488327,-2.08313776515,0.587014209312,-0.131996927188
"B",1.62680000309,-0.0523580676842,1.34924473507,-1.68973963001,-1.66286257097,-1.43874487345
"B",-1.4372133122,1.54296591367,1.02732048547,-0.88607867633,1.92611798942,-1.04373716572
"B",-0.30454095626,1.36676758209,0.612796054383,-0.747967314534,-0.194315433636,-1.4521728854
"B",1.27068993991,0.102028656077,-1.05411300798,-0.248468163971,-1.4934258727,0.791361893083
"BS",3.65733501197,5.43495787608,-0.284593998635,0.464490624177,0.106371676961,-0.580722241352
"B",-0.893994335861,-0.982850044232,0.824153384417,-2.08700142483,0.823987620367,-0.556652840063
"B",-0.0608934642333,1.26976328352,1.02314234119,0.395527356612,-0.00979744446174,1.08368122682
"B",0.0653669532503,-0.894732379945,0.305218128333,0.11779616368,-0.267556056522,0.776070265142
"B",0.326513179121,0.691167399448,-2.02414285204,0.697155426886,0.562988461734,-0.815464510711
"B",1.49451438967,-0.930377331923,1.19354652726,-0.202734667982,0.812670799167,-0.574250432303
"B",-1.40813753418,-0.816504565252,1.24621361017,0.205207365934,-0.882322829182,0.29549793319
"B",-0.0486455431787,-0.638349221061,-0.0350476144029,-1.96568550214,-0.265561741736,-0.447414688676
"B",-1.19892851776,0.136986158723,-0.598051023768,0.902029384556,0.642387360673,-0.293401612036
"B",-0.457720775585,0.114948133244,-0.57004280667,-0.847694293539,-0.984337023529,-0.786747772111
"B",0.855109910093,1.66627804583,2.32339025969,0.484457592412,1.86409359739,-0.286744925535
"B",-1.20297797681,-0.278542360628,-1.87957187017,1.6325368423,1.46554823806,-0.302000663137
"BS",2.43708471945,3.67095370412,1.79995771082,0.744584080851,-1.0101095439,-0.371639206028
"x",0.781377691057,3.67977698747,-13.8559309554,2.42075895932,-2.06099547579,2.3548636774
"C",0.665535024075,0.44998247643,2.25071896027,-2.07401434155,-5.83377077673,2.19003211999
"B",-0.788163596328,0.0496818265471,1.28206445457,0.981891717444,0.624178028632,0.0314569026357
"B",-0.855040810225,-0.312332973533,0.776334329738,-0.87375634409,-0.217885564456,0.538684072742
"B",0.0988158142332,-0.89457252131,-0.192302657845,-1.53025887875,0.5500030353,1.85482717406
"B",-0.373079921475,0.155029425777,-0.336970517732,-0.425623742091,-0.469026849929,0.251502592658
"B",0.194308106022,1.37703681646,2.06930616148,-0.892749104148,0.891981896379,1.78534160728
"B",1.23646278678,-0.217678577883,-0.714435943392,-0.725834706798,-2.14436303762,2.51721656409
"B",-1.36830835085,-1.54538256569,0.0536380884047,-0.138875083657,-0.204003001299,-0.132959596922
"B",2.26266520914,-2.18749693888,0.251299641628,-0.607119473043,0.0989898391904,1.30206250583
"B",-1.23679144983,0.231113194419,0.509584718084,-1.03703652624,-0.512042236226,0.026649096301
"B",0.539318880991,-0.549400964213,-0.829493227539,-0.713643808632,1.15206511939,0.759205478564
"B",-1.75634190297,-1.08865140443,0.48164179472,-0.34255058441,-0.473943495431,-0.926628276888
"B",-0.746165134431,-0.874820260368,-0.504708876699,-0.499075159007,1.65157515891,1.04501562882
"B",-1.75332568837,-0.0465612692865,0.179484826867,0.941274096143,-1.30183033073,-1.41828556628
"B",0.60930072405,0.328890827222,1.70322837813,-0.554092798838,1.58180628988,-0.661639916583
"B",-1.24650685365,0.0985639581459,1.46167361401,-0.643962656194,-0.628311229546,1.84845041942
"B",-1.89359314454,0.436521171267,0.20872454426,-0.627985417194,-1.10874204421,-1.30880386353
"B",0.152799621618,-0.33968384054,-1.05869702965,0.0541489772492,0.879137088474,0.859068765677
"B",-1.23320741807,0.606678401431,1.29296911238,-1.01740057985,1.1218132945,0.301515016527
"B",-0.265793942475,-0.826249234959,-0.602014140692,-0.280744387935,1.10219530233,-1.37820748626
"BS",2.81256663166,7.12531711771,1.9744510514,2.93771925092,-0.212114110904,-0.67442076953
"B",0.401422250555,0.0432038657172,-1.17219915185,1.66795138892,1.62492705497,0.573334144214
"B",1.18389649381,0.314826243796,2.52377071472,0.933873048883,-1.84926956433,-1.57503920238
"B",0.400491813437,-0.260038748122,-1.9710089048,0.71696994418,0.105513247195,-0.471959435202
"BS",1.8051858331,5.75089049935,0.442252397362,1.48396206418,1.58828443614,0.0104323755725
"B",-0.0578385102868,-0.330203042715,-0.0955876994437,-0.314183395614,1.39612793603,-0.333350989688
"B",-0.47905871379,-0.116825642261,0.0821983882089,-0.141848972852,0.340543381939,0.36060211331
"B",0.486092540458,-0.897413206485,-0.141090569415,-0.636695982029,-1.93413886168,0.909741449205
"B",0.749956794995,-0.0198867942453,-1.56624510039,0.813394127772,1.4644222539,0.0817122581761
"B",-1.16530544072,-1.2621191023,1.46137301984,0.327387216805,2.23969926004,-2.18754807459
"B",0.351722153059,-0.0831171828064,1.4549169398,-2.15369467691,-0.260638342849,0.544828203866
"B",-1.14362187251,-0.941143447525,-0.26674004072,1.86134111861,0.265310812217,0.498221411993
"B",1.36421752183,-0.00703777915208,0.126716855375,-0.135502010796,-0.170250898694,0.992914432354
"B",-0.568684626932,-0.670709664075,-0.0734724843407,0.484453019984,-0.180281501117,-0.170105097209
"B",1.3113344675,0.327782453592,-0.996021556696,-0.621769316416,0.518595186966,0.834666507505
"B",-0.939549391132,1.45578023579,-2.50048308609,0.202090018326,-1.32422785897,-0.865357907947
"B",-1.2811105883,0.547706878306,-0.845891498174,0.184504285961,-0.073536951609,-0.743717390425
"B",-0.982521195136,-0.399194741046,1.43827937122,-0.174601793053,-1.05807413878,-0.547103684149
"B",0.357913023518,-1.2790339147,1.22717357265,0.541276085173,-1.20184168732,0.499870092943
"B",0.0532982127915,-0.297989347066,-1.59775521077,-0.310872155512,-0.558042055521,-1.66437890282
"B",-0.646202165541,-0.24118945639,-0.913205469792,0.365326611049,1.1930757303,-0.102193676647
"B",-1.65935900055,-0.222619091023,-1.66076050782,0.057024474832,-0.545464316826,0.813920337783
"B",0.385590557565,0.25066070031,-0.897197026856,-1.28920118119,-1.04059505762,0.0172402011221
"BS",3.15367872036,4.66386269043,1.60847672956,0.0905696438389,1.44900754596,0.716098479616
"B",-1.56497834709,-0.328391389184,-0.421673722191,-0.753022219136,0.188186641517,0.334290354395
"B",-0.806947998504,-1.7650839518,0.116917158686,-1.49330924528,0.969552463405,0.285939506213
"B",-0.0614647971943,0.220980425121,2.05001038564,0.241731494538,-0.515680675429,1.10159278487
"B",0.61602751681,-1.32615150098,-1.72134399402,-2.32029790988,-0.947818348251,0.149153581406
"B",0.481424692054,0.585817397964,-0.497520480587,-0.927895515282,-0.236522210893,0.469277460573
"B",-1.36947678047,-1.12968913609,1.54950729333,0.402658688664,-0.195583523007,0.0940950567532
"B",-0.348031567134,1.31957761472,-0.211196512136,-1.15049879577,0.382526093625,-0.308765807014
"B",-3.05935595243,-0.564582413748,-2.24256957687,-0.396501765661,0.835048016828,-0.871410467052
"B",-0.444705066642,-0.833656606673,-0.35004079715,-0.0873721425749,0.00993202089823,0.288128158406
"C",2.10735746395,1.36345760162,0.986708522653,-1.73256730045,-9.04197676966,0.426446280357
"B",-0.029597680104,0.249393445784,-2.05113345806,0.511443325469,1.39287402494,1.50432614134
"B",-0.938352261929,0.708564573191,-0.657513791235,0.173491020585,0.140604471079,0.0723705631269
"B",-0.0491715857765,-0.16859903942,0.941155127923,1.10309599843,0.847385322077,1.73613802016
"B",-1.5455915749,-1.11262780982,0.479937840597,-0.625241922881,-0.497707187496,2.11286255585
"B",-1.33625370795,3.07796450969,0.378744722927,-0.0397597222664,-1.08247482681,0.522006794568
"B",-0.811333949338,0.809624956194,-1.2054099067,0.0168914722958,0.0427650534107,0.800431480463
"B",-1.99559985291,0.995613613005,1.12236280535,-0.507607001747,-1.94468858441,-0.858971183612
"B",-0.254285069428,-1.48686927188,0.955166336166,-0.608268095149,-0.3137072172,-1.06003059736
"B",0.29757919447,0.746627780725,2.63148315662,-0.175079914481,0.104326145434,-0.214685115421
"B",1.37324901474,1.21674294324,-1.00076737245,0.719660594211,0.588760680406,-1.05851430493
"B",-0.558407142266,0.99395449758,-0.372380418779,-1.36283704419,0.221228775356,0.612873263841
"B",-0.394979320752,2.0707189936,-0.845391241307,0.79571269538,0.305675421169,1.83824041727
"B",1.03289798592,0.29668213739,1.90441663152,0.355346741964,0.112535390457,0.834781923882
"B",0.529090822146,1.76954026933,-0.224510659733,1.33855185799,-1.04397656043,0.373638564735
"B",0.722446807936,0.137519382345,0.0232918928993,0.781641114132,-0.986811181944,2.20186754849
"B",0.501583584002,1.08344969794,-0.0413170000282,-0.97597818063,-1.26722248313,-1.23652588971
"B",-0.981117821409,0.691495044145,-0.570366484287,0.667085460512,-2.19783448064,-0.692346775545
"B",-0.241006447544,1.65141149105,-0.528961938429,-2.59447122412,0.999297135854,0.546468955133
"B",-1.48887929943,-0.343068802018,-0.296648354129,-0.683806160516,0.601297688375,0.302308610217
"B",-1.31399938783,0.587067838156,0.670512315807,-0.0198131386994,0.540080206433,1.16178222605
"B",-1.37517786259,-0.894507580678,-0.914119812555,-0.849977152222,-0.981410266138,1.19417581176
"B",0.975660209476,0.586679662008,0.410853365084,1.39746312761,1.17143498438,-0.22719550116
"B",1.01174944255,-0.108068569157,0.834675009656,-1.91756642258,1.94063065983,-1.13779028024
"BS",3.21862662455,3.93765014189,1.91291627683,0.653341917473,-1.49224454474,0.918660062034
"C",1.3738673333,1.45672646537,-0.115862315869,-2.79621066194,-5.44146583342,-0.307354212327
"B",-0.112597845612,-0.449473644031,0.908841213258,-2.22629365813,0.0845696071261,0.198320070279
"B",-1.24544444533,-0.258669046278,1.07227367304,1.03396547868,0.241791884988,0.286625087594
"B",-2.43316245806,0.558657501847,-0.843080425412,-1.53335633726,-0.967053325331,0.95706580331
"B",1.55602685223,-0.882942632859,-0.303982296982,0.418548168766,-0.267736072264,-0.586747890356
"B",-1.65179269013,-0.431106527306,-1.08356317561,0.75988267643,1.72132270512,-1.80921177335
"B",0.433021426793,-0.759704875949,0.727713341875,-0.17658371329,-0.0418030490594,0.313319836674
"B",-0.878394928388,0.456602583919,0.339391290109,0.206097762021,0.149429586558,-1.20617805406
"B",-0.607879156945,-0.114444901294,-0.726777882609,-0.71774581048,1.58712363098,0.482147245363
"B",-1.22905945084,-0.20507844596,0.959126343654,2.53149305332,0.90962525061,-1.50131319186
"Bw",13.9553450056,-3.86977186477,-1.43760792406,-0.321324091984,-0.205094255654,-0.997168786382
"B",-0.126906985374,0.910216107956,-1.40505570907,1.3182498395,-0.389596928372,1.4075299518
"B",-0.636242485423,-0.3402250668,0.891483770199,-0.186947177619,-0.00599608590728,-0.456475089279
"B",0.303341016706,-0.969582676977,-0.793098246714,0.447510516291,1.93894629749,-2.06043718491
"B",-1.17602059367,1.0019289342,-1.29320361306,0.593517869313,-1.22226372709,-0.511398187245
"B",0.711778269192,0.195662194148,-0.55887422512,-0.78989880483,-0.690382891956,-1.20624667153
"Bw",9.34446896087,-3.92897400623,0.117259954834,-0.787444936694,0.867187068452,0.0417182633739
"B",-1.28362449162,-0.606870443066,-0.413339343642,1.39744438705,1.91474672008,0.206602462674
"B",0.289154121249,-0.0787189366877,1.27268281571,0.223283444868,-0.0321530871247,1.23851052461
"B",-1.3770636227,0.666257403044,-0.808660247623,0.956947352275,-0.0608240795081,0.0211941376369
"BS",3.3022538705,6.46033066246,3.41510716725,0.878930526707,-0.497359795987,0.373231645367
"B",-1.79439290025,-0.22867717808,1.29773046776,0.185528798675,-0.0584875573213,1.61505756854
"B",-1.30558190305,0.713523696085,-0.486352763603,0.0897625013321,1.95477318511,-0.273209332186
"B",-0.178645642845,-0.0945430961974,-1.40801087962,-1.21514256533,-0.3168292981,-0.713789367928
"B",0.664775167227,-0.353428762637,-0.0805102749885,1.60402684159,-1.61606275838,-0.311373729945
"B",1.98547214043,0.781353136832,-0.403267938686,0.0804855756747,0.627832707087,-0.29941375524
"B",0.333855970052,0.518506004669,-0.565617749999,1.10478401657,-0.201877055057,-1.89097560529
"B",-0.515440123637,-0.844036299526,-0.204928472783,-2.20486281941,-0.168405465769,-0.329915124355
"B",-0.145787958113,-0.74736121171,-1.70786999218,-0.318482544389,0.821109805083,-0.50692996504
"B",0.286084178737,-1.27365271179,-0.782730627263,0.804475695269,-0.255666680812,-0.349343917768
"?",-1.28573496725,-0.736498153962,-3.04776226467,1.40803120696,-0.0825242053574,-9.56459654574
"B",-1.40434007208,-1.54777085361,-0.385007724137,-1.38029854605,0.157063163081,-0.611877059406
"B",-0.342966364489,1.1950592597,-0.207101092821,0.898817333378,0.866110395812,0.118610659013
"B",1.09360476338,-0.561122018812,0.0880213213683,-2.78460501085,0.378570281747,-0.209173984452
"B",-1.47078454681,-0.426344025367,-0.187625809523,0.0125959420644,-1.12030668277,0.887396332067
"B",-0.387509267808,0.43013368046,-0.718510291289,-2.0486874294,0.682225916854,0.551281588757
"B",0.685630781592,-0.328188117451,-0.789944193144,0.899976794006,-0.339511689059,-0.633747610373
"C",0.302566261583,-0.863987048563,-0.243126832914,-1.73284903709,-5.77672545378,1.08336437847
"B",-0.906341374846,0.169352944208,-0.00390514633337,-0.12821461794,0.634880094617,-0.0648876878198
"BS",1.83133284788,4.28039486555,2.28700706486,-1.26057782992,0.218539979167,0.863390099411
"B",-0.444654208655,-1.50170873433,0.834782859053,0.699467854893,0.28550936242,-0.803888788132
"B",0.189400236687,-1.35005984278,-0.971499171934,1.20873160638,0.717493876296,0.480560737452
"B",0.0758678949998,-1.04312651669,0.295263945666,-0.224144490043,0.648361245397,0.417552908465
"B",0.473660063219,-0.214216371931,0.675126285235,-0.667549922613,3.67609505159,0.0559722295488
"B",0.398063820305,1.35891844376,0.204214893661,-0.915495357149,-1.89262152002,-0.283869033605
"B",-1.20507769396,-3.07612982449,0.456167544916,-0.157225766404,-0.0558520316694,-1.34462764195
"B",-0.603136909752,-0.182174221029,-1.52251384026,-0.489827573523,0.891893499281,-2.01279679348
"B",-1.55471254507,1.21827418784,-1.41119867708,0.0289841141057,0.456974265596,0.437971012383
"BS",3.10112863997,4.45296023075,2.17270615017,2.27852386825,0.0532951286779,1.23729878561
"B",1.04132814851,-0.547925966571,0.751148039223,1.001863116,0.425355919908,-0.485992207517
"B",-0.63604116919,0.238728037235,-0.088686897898,0.553957607425,0.290714101831,-0.721237148588
"B",-0.779484314718,-0.163868141967,0.590237904246,-0.36873539211,1.27230997845,0.795814233337
"B",-0.158560491237,0.940898900195,0.110036434387,0.310192582991,-0.243842112336,0.896135929039
"B",-2.76650134049,0.01573676156,-0.430771246272,1.50584856835,0.494400878014,-0.884145892518
"B",0.0202510268196,-1.13678246216,-0.288488661451,-0.995982115088,0.555642993671,-0.929178624793
"B",1.61242097417,2.89369978681,0.477403560325,-2.11200890867,-0.1922667565,-0.87746685842
"B",0.0639662506181,0.484545644448,1.78671101236,0.650740768114,-0.599299519786,-0.00322512340772
"B",-0.0475838585788,-0.331838444718,0.079468384259,-0.561295738796,-0.116441046026,0.795672812291
"B",-1.74248689506,-1.32203426646,-2.23128807079,-0.991658079011,-2.2395831897,-0.657352206376
"B",-0.683481474717,-1.15035614447,-0.729398448654,-0.485474342409,1.55841392516,-0.530060298449
"B",-2.31280012035,1.15632710323,0.311483188808,-0.561018823573,1.06742723881,-0.5726187736
"B",0.670457873135,-0.754068441826,1.09292437567,-0.771094360768,-0.83215827046,0.581206824292
"B",1.98821286371,-1.48487515879,-0.776244899222,-0.257686821912,-0.502033546055,-1.86155628475
"B",-1.10413677079,-0.0865908322206,-0.44780792462,0.823891868731,-1.40554230134,0.57871856366
"B",-1.93725981155,0.551239414126,1.80394418838,-0.858097094372,-0.0244197225185,-0.0862062186033
"C",0.860694076131,-1.6007289278,3.04921638368,-1.32089156006,-5.68829978978,0.618834469086
"B",-0.941288828527,0.160338724061,0.399717295773,-0.678662612838,-0.00862892796048,-0.170029443779
"B",0.855606297255,-0.779109828663,0.415251317187,0.176736325339,0.834104259416,1.3606986463
"B",0.221793519739,-1.75129055464,1.97610469512,-0.385488479895,-0.025169436209,-0.287339179015
"B",0.756785406882,-1.14010290963,-0.075418423802,0.226793545907,0.72990585784,0.429420856313
"B",1.97602553589,-0.0992785339313,-0.0372337474909,1.14006644044,1.94410008282,-1.37865617985
"B",-2.46622953393,-0.430759911164,1.58572144573,-1.1554294564,0.361915609775,-0.691562426558
"B",-1.28836168202,-1.40462424104,1.35751309145,-0.790044508336,0.565016489953,0.449050393093
"B",-0.891069580251,-1.42158566318,-0.0117547427715,-0.367628526462,-0.338807981665,0.386707791393
"B",-0.156767635943,0.78092069267,-0.532491151866,-1.4066673377,0.193564580431,0.0708827759662
"B",0.617470593061,-0.885234115635,-0.296401639427,0.195829742277,0.419523491869,1.07040386701
"B",-0.289136846837,0.0884602140744,1.15851522561,0.0529135149728,1.52485937801,-1.41825842837
"B",-1.52628323906,-0.823873811722,1.04644056322,-0.655619361307,-2.26613071377,-1.26606627955
"B",-0.180323994605,0.878288387445,0.278132691228,-0.846998536689,0.701486620606,-0.118630614872
"B",-1.61531926371,-0.496198478443,-1.09056117162,0.180937390725,1.10268682493,-0.104431693648
"C",1.53057024305,1.48612476157,0.300306882691,-1.74830553307,-4.34583437524,-1.90603837944
"B",-0.110396080415,-0.190490588431,0.0811595587334,-1.65920508278,0.694200363656,0.429802888611
"B",-0.316375072617,-0.325543769747,0.345905850981,-0.2649112542,-0.563326284593,0.764478858458
"B",0.154308552365,-0.116006679931,-1.36287027702,1.3163658805,0.433151809732,0.87756571638
"B",1.19420909024,-1.33650678982,-0.826675016176,-0.275755729669,2.01229742325,1.52344706284
"B",-0.158617003154,-1.47527838577,0.668147228853,-0.205865678742,0.142346839605,-2.67041561556
"B",-0.795387142712,0.249374773152,-0.270209076794,0.68304378441,-0.216542855298,0.322754431097
"B",-0.383028328464,0.420820075292,0.285801617854,1.68822189604,0.358821786401,-0.30160440129
"B",0.749647223562,-0.0332793285119,0.48552100161,0.408189853131,0.983876301838,0.105230942958
"B",0.621871422385,-0.685076424944,1.55964315338,-1.50920787992,0.997016372884,-0.811247941819
"B",-1.06921049952,-1.7732079358,1.13791963132,-0.341551648448,-1.13101665288,2.79803792479
"B",-1.65935514226,-0.746023529858,0.713025005725,-0.141527281553,-0.753757882711,-1.82094199026
"B",0.356260711611,1.78565424777,0.173334831176,-0.609385351725,0.138596217083,0.333382396334
"B",0.371974268078,-1.25320446841,-0.488721223073,0.721859742726,1.53059619479,1.40791575248
"B",-2.49806493381,0.116500954564,-0.421449757888,1.25932221072,0.0692527407085,0.486126506607
"B",1.09085376645,0.877764070081,0.61786111829,-0.884088574635,0.522098871077,-0.598985771898
"B",0.359559523624,-0.716022037512,-0.414804765489,-1.79218240558,-1.31281134142,-1.41535686164
"Bw",14.9428849542,-6.1674294677,-1.65397452004,-0.529477953752,1.71130594099,0.858713343131
"B",-1.83375777963,-0.412185129259,-0.0718512195699,-2.25410135377,1.98808921313,-0.507090375025
"B",-1.39796899666,0.652069388513,-0.7265138008,-0.0670280658993,1.60103284461,-0.108214074089
"B",-1.08278225821,-0.708093324711,0.316321831912,-0.956034245417,0.62884525843,-1.69306566918
"B",0.252913368428,-0.470473878681,-0.429825290747,-0.698676805874,0.890243351581,0.679119357468
"B",-0.841839705025,-0.827485339741,0.365960835916,0.127426203375,-0.709541853779,0.618038915851
"B",-0.225593043348,-0.592903655366,0.607564028633,0.394900453591,-0.901542671423,0.906283162383
"B",-0.252582916277,-1.08742490886,0.931552171591,0.281060756617,-0.70163580141,0.126313737784
"B",-0.374890569343,1.33359219809,-0.589995215025,-0.481389316992,1.08236683125,-1.95501656349
"B",-1.39674655302,-0.114213076753,-1.77501665348,-0.806915065082,-0.653679077407,1.51040834221
"C",1.21379956107,0.0287430082694,0.924466772371,-0.262061049048,-5.64926469506,-1.63131359836
"B",-1.11165999446,-1.75370797093,-0.4722789516,-0.922426601291,0.309128320208,0.377972481427
"B",-0.0515092876348,-1.16286917732,-0.529301244845,-1.0093384794,1.05661274222,0.678449146928
"B",-0.739904016488,-0.395150151482,0.152135104132,0.375601464213,1.01942849185,0.660450894067
"B",0.828576247656,-0.813592377501,-0.50237535449,0.220135809449,0.572817634039,-1.34005167528
"B",-0.390446522381,0.0805021134122,-0.401611823982,-0.658679727273,-0.6780142236,-0.769278545748
"B",0.078515231453,-0.00124383183573,-0.120155109782,1.07724004971,0.354675495049,0.277466142984
"B",-1.1417379636,-0.114551554132,-0.297519706699,0.310157808694,0.0770592625882,-0.134854523262
"B",0.055168928142,0.390841429693,-0.221805411894,-0.509423984971,0.739108559695,-0.796535644767
"B",1.14454524617,-1.98767152457,0.0488573306261,-1.06532210371,-0.0476380699461,-0.500101065481
"B",-0.331486048453,0.846920883834,-0.299961949073,0.535639124257,-0.882914784194,0.656180497327
"B",-1.97771533235,-0.0773076477094,0.898022544307,0.173758083983,-0.132785595653,-0.788579896618
"B",-0.168801005623,0.144172865765,1.37411814713,1.04634244673,-0.459125465817,-0.521109131543
"B",0.0465544589635,0.477235831986,-0.614454840319,-0.297159541906,0.717081024256,0.478343181029
"B",-0.200994495436,-2.18857285149,0.144546598497,0.385532509785,-0.73776015144,-0.229225378635
"B",-0.739148452209,0.13251090364,0.373538436149,-1.26444065326,-1.17226637049,0.618668629773
"B",-0.460881965623,-0.296429123282,0.0656208775087,-0.22202723358,0.119291731227,0.0285129101423
"B",1.07120671898,0.228017541568,-1.52711718873,-0.392563950436,1.07934271923,-0.00580275159754
"Bw",7.89395663378,-1.17451016525,-0.10459981291,1.1752244924,1.60888360831,-0.933040875613
"B",0.452742241979,-0.899446606826,1.17471219382,-0.475804428277,-2.05847792188,-0.567669699242
"B",0.546645505493,-0.319003622474,-0.892961893472,1.47632729426,0.546510988501,0.972029400543
"B",0.249823226206,-0.916726683741,-0.303428358468,-1.18309361679,0.408118423165,1.28748013639
"B",0.196419776969,0.938339371128,-0.657035715514,-0.647130676208,-1.71695706115,-1.05184499047
"C",0.758316219391,-0.093081871005,1.67266812614,-2.70154117421,-5.69251307601,-0.025482601242
"B",-1.61047003804,0.549399776067,-0.401707426558,-0.234486563767,-0.086372838503,1.5096213891
"B",-1.42066443383,-2.13875474107,1.13526574026,1.2090373782,-2.50207473657,-0.697705989987
"B",-1.67973715351,-0.407079554665,1.23222765648,0.432953613216,-1.8581993161,-0.292475090933
"B",-0.0388935314832,-2.18800038432,-0.289187501341,1.14254676724,-0.32680658851,-0.739485976448
"B",-0.712639294525,-1.01893012758,-0.506965260605,-0.520192928193,0.997425844085,-0.552842772351
"B",-0.245804166265,-0.764068779522,0.22917001376,-0.0675276762055,-0.551300139025,1.2021854762
"B",0.765558913686,-0.592524031762,-0.362333012644,-0.39765781626,2.48888752119,0.220587090578
"B",-1.11479076723,0.639885085186,-0.321875991566,-0.708619279198,-0.357983442469,0.173910789797
"B",-0.241458179759,-1.75224261977,-2.39920081006,2.13164170292,-0.363931974861,1.86306938098
"B",0.428751326027,1.25037886233,0.721440909271,0.385854962574,0.763982651623,-1.80682076018
"B",-0.370970825849,0.409730164116,0.547635112696,-0.901799868572,1.29658255684,0.663170088049
"B",2.50228917114,-1.02012808848,0.311752763617,-1.07773607195,0.880902896746,-0.00664146833914
"C",0.950471988132,-0.520656083385,1.85178638099,-0.736206474731,-2.82194973591,-0.374325224377
"B",-0.340856721684,-1.3222516354,0.457052003178,-1.95466940224,0.509396479956,0.394047057758
"B",-1.1740219326,-0.165953686004,0.0899844113854,-0.955866115596,-0.0631035000412,-1.41703169242
"B",0.394335798208,0.0279540549675,-0.30833055211,-0.154809526724,0.334470957924,-0.903117602787
"B",-0.0976574897359,-1.7078018484,1.25098358738,0.190657085739,2.10475028461,-0.508843182767
"B",-1.00931686133,-0.179721323576,-0.279101299041,1.05617192053,-1.61479670227,1.06344308922
"B",-0.95051818433,0.0525942841554,-0.845725600904,1.77175414955,0.00878908977592,-0.437076110311
"B",1.80570924314,0.8193454469,1.68684229662,-1.3383565878,-1.08358546211,-1.20634945083
"B",0.15704264328,0.227030246166,-1.08437015887,-0.22661163795,-0.64440084927,0.561775549987
"B",-1.83142105962,0.0798950019829,-0.340809711218,-0.273371715135,0.569699853359,0.874577697982
"B",0.213836995965,-1.60563209495,-0.499535950389,0.125679408433,0.0697854320241,0.472183554279
"B",-0.395197286659,0.349437148785,0.789704431574,-1.68200019374,1.67067779131,1.00196283336
"B",0.480019796212,1.12631484659,-0.444778509239,0.681767611935,-0.0184935877677,1.89004086244
"B",-0.125603823231,1.69865573592,0.375768022582,0.898920085826,1.18962309633,0.305545532421
"B",-0.61538039838,1.03011355552,-0.784946716068,0.195802262667,-1.51016303936,-0.20301244421
"B",-0.960476444467,0.0782871212139,-0.970691268488,-1.32579752711,-1.03240257761,1.7252801818
"B",-1.13017193074,-1.31490593645,-0.525427256126,1.03276970174,-0.605986438372,3.10247684992
"B",-0.791340165606,-0.916751145468,1.1303453582,-0.055562179046,-0.142294113424,0.485368455091
"B",-1.22623872854,-1.61478579726,0.619973216298,0.85509536127,0.9718128726,0.186064916718
"B",0.826549026949,-0.241869919942,0.530380284021,0.23517256771,-0.722179069052,1.40529054062
"B",-1.07476060686,-2.23641966323,-0.293158113579,-0.321111783651,1.30451456299,0.763677844044
"B",-0.107748266905,-1.19341365553,0.536674730988,0.383145780381,0.647108582915,-0.312160722632
"B",-0.186636496145,-1.77241036651,-0.559683015489,-0.991133868354,-0.632330347796,-0.949664995306
"B",-0.0543074222809,0.474096250624,-0.814284342881,-0.487139086827,1.01714404445,1.77904181849
"B",1.34908231346,0.0768061264656,-0.886006347461,0.70924698471,1.75373070453,1.04725694113
"B",-1.46920659608,-0.260818928967,0.433412734821,0.0618244189981,-0.903717654155,0.847769088036
"B",0.737958343693,-1.22407583448,-0.268437406553,-0.464920109005,0.227327996903,-0.0573420357509
"B",-1.76640089521,-1.10715035742,-0.870368650575,-1.21956243355,0.460551999097,0.268911760158
"B",-0.762478931664,-1.46789389136,-0.590859391164,0.369119521705,1.65658704037,0.0918826568197
"Bw",7.95009847504,-3.68156220468,-0.373687644471,-0.193082189353,0.193137952239,-0.310478137674
"x",-0.312118914212,4.6425457245,-19.2312772749,4.73975897086,-3.12714596981,4.08928132077
"B",-0.548094941467,0.0448577930684,0.593422405557,-0.836874701753,0.620336529246,-0.458250401959
"B",0.719099975785,-0.371493359124,-0.629367178396,1.38242836635,0.205258709768,-0.241116269586
"B",1.63769636121,-0.204870116118,0.713382416136,-1.44624018895,-0.295626009511,-1.0356383679
"B",-1.53932011493,-1.0941441603,-0.493053073362,-1.03001487338,1.45030383885,0.222366081602
"B",-1.16215972322,-1.55596246144,-0.267069149881,2.40628892776,0.414000005972,0.336438120983
"B",-0.941920527634,1.17473870897,2.69313153197,1.2281431281,0.150437163862,-1.07063217611
"B",-0.39574286282,-0.973449692343,0.798019754612,2.41277933125,0.128498539173,-1.50829684827
"B",-0.911878765282,-0.210841899507,0.0329428669342,-0.384628625532,0.45906562295,-0.0928584713773
"B",-0.493416095047,0.710461528151,0.562019105752,0.222799512675,-1.08588489164,1.09760701341
"B",-1.34157016683,0.646162558351,1.5140570969,0.671032902525,-0.0393842052644,0.825838338283
"B",-1.16327829267,-1.15766770039,0.132344374735,-1.07071612417,-0.947862681683,-1.04005470773
"B",0.41319632918,0.933811513602,1.1990120445,-0.791717255735,0.428150043242,-0.621698745527
"B",-0.84786423513,-0.791212784366,1.25421985168,0.446349636157,-0.230050213873,-0.438873948036
"B",-1.07243770453,-0.292688947818,0.0902205225222,-0.0365582586154,-0.341022251871,0.147028373256
"B",-0.538113865312,0.905564146665,0.898561107558,-0.586601365005,-0.399363165489,-0.159596313149
"B",0.117753385471,0.928337125934,1.60794075816,0.59224101865,-2.12165128661,-1.5037210618
"B",1.30816690998,-0.504225569594,0.0999995418778,0.530191811065,0.446117687257,1.10545163219
"B",0.248336515226,2.25234476574,-1.85092268059,0.587892624028,-0.960147960387,-0.922472967614
"B",-1.48376005894,-0.120030627621,0.430406305563,0.419628355592,-0.142151485389,1.19108530096
"B",-0.330672443204,0.182885364783,-0.59068824035,0.638115678985,0.0580016396976,2.54870570133
"B",-1.31782648016,-0.0883606109847,-0.210536630668,0.384875358351,0.981005363256,0.22366942501
"B",0.575608873866,-2.43369125095,0.970328012773,1.37261856596,0.356127259236,1.13585466702
"B",1.32720805332,-0.116219871568,-0.334497692827,-0.28397529584,-0.818506334718,-0.00260534050043
"B",-0.496381193264,1.18029796454,0.175613083926,-0.311283752961,0.264026426277,-0.198005492662
"B",0.178241866386,-2.07122684953,0.214032372043,-0.746932007181,-1.42766891013,-1.21803867422
"B",-0.679767535013,0.187131584683,-1.47301684445,1.13413896954,-1.07260979242,-0.163855875888
"B",-0.656291549804,0.969274037535,-1.21740968737,-1.14620138609,-1.92370242303,1.50842093578
"B",0.858337484661,-0.199014416676,0.134184931699,-0.247913625282,1.36209415251,1.07158906587
"B",-1.17022403229,0.963691749018,0.212411675147,0.132074318451,-0.127177002577,-1.41702084751
"B",-0.413007780937,-0.0834464616211,-0.032873199404,0.605035834088,0.325463061982,0.19465426025
"B",0.710651737203,1.42749012684,0.758959177621,0.437179943817,0.799271436015,-1.595030836
"B",-0.723854849438,-0.9812193797,0.541994308441,0.880695822047,1.94878477033,-0.0603189473098
"BS",4.64376467629,7.73695009135,2.18806664015,1.706550547,-0.173118425532,0.285301580149
"B",-1.5710979689,1.72958720852,-0.95208917349,0.264495126382,-0.339812807417,1.51172735079
"B",-0.201042295216,1.62052689924,0.907798204031,1.04222546059,2.70614244251,0.299362194749
"B",1.88269412227,-1.3749249335,-0.0331924076934,0.156819559598,0.211400140487,-1.57801396913
"B",0.521073649749,-1.0294077225,-0.11365685668,0.603234193553,-2.5529087939,-1.19680234183
"B",0.0735814762204,-0.443218172466,0.433367928079,0.720556122585,1.10702551484,-1.25033057716
"B",-0.381595341159,-0.18079854514,-0.306063344818,0.588625267166,1.42287121599,0.21337513859
"B",-0.134525651711,2.11053246792,-0.59980543559,0.569774342288,1.05473607421,0.396438081112
"B",0.881589196956,-2.19146237922,-0.893849862815,2.50680119074,-0.245322722164,1.5528475546
"B",-0.43964866867,-0.281090115821,0.209118027923,-0.238504771141,0.258086207576,-0.143235468288
"B",-0.778127035148,0.0334542973994,0.245669263014,-0.424104984617,0.871533000489,-0.254201833207
"B",-0.228221521715,-0.0710402382413,-1.22037686616,-0.39449886077,0.418122081286,-0.309969171412
"B",-0.00991085961719,-0.370597769063,-2.84570433496,0.576327353384,0.630366112386,-0.601026741855
"B",0.265524120217,-0.800382100368,0.878879262773,0.108618256096,-1.13702130769,-0.802219747561
"B",1.97265227126,0.0196698593981,-0.676055824257,-0.119089580492,-0.84902107184,-2.34021444285
"B",-1.46464442752,-1.11811685081,0.412248390663,0.065469697304,0.0345632817166,-0.389371020124
"B",-0.604004218399,-0.00716037604369,-0.117566603369,-0.0116613228667,-1.21222468782,2.14261455475
"B",0.455508434285,-0.171275709488,-0.699104087947,0.602177983667,-1.59890009562,-0.144794438838
"B",-0.673840196713,-0.406838548097,0.212506943565,0.497162700359,0.138884222642,1.16908369238
"B",-0.12503920596,-1.13312937059,0.430535077309,0.729282660721,1.98777657977,0.372270590944
"B",-0.553034100465,-1.30579394875,1.68153702861,-0.759163442755,-0.874211943909,0.0681532855391
"B",1.91020731188,0.28308372424,-0.493004091724,0.330686990703,1.41967237408,0.0013198854999
"B",0.454552520348,0.600202732201,-0.695855580308,-0.310040428345,-0.761329826671,-1.05295996966
"B",-0.335703251794,0.2645776339,0.941508327211,0.720432501454,2.33104390579,1.67399694308
"B",1.26139911318,1.00567134299,0.829622934201,0.74088899547,-0.174464366467,0.251936326172
"B",-0.948579125421,-1.807208793,1.91074128546,-0.144040809713,-1.31948869823,0.183980958582
"B",1.16320907521,1.81639147169,-0.190152103048,-0.707217497334,-0.464742608386,1.07663149565
"B",1.04875074817,0.86817787435,-1.88161407514,-1.91613371049,0.27331333195,1.07851047106
"B",-0.638096055348,-0.0806013130347,0.0370745841563,-0.314765420873,0.111221143428,-0.201309613779
"B",-1.53869242259,1.15044889546,-1.74401553112,-0.88238561491,-1.34034572243,0.274740235737
"B",0.260786274213,-0.025448282236,1.95803284865,2.6131525587,0.157814593303,-0.404943710837
"B",1.0138162784,-1.43378368559,1.38588609446,-0.995411874874,-0.919954578035,-3.27251899237
"B",-0.597130703657,-1.63131860214,1.15648356862,-3.68345199554,0.527566802861,0.596093876464
"B",0.351225601382,0.35957353149,0.00967183035553,-1.08030262025,1.51398718538,0.475358040051
"B",0.25593907098,0.709587164861,-1.76768855652,-0.604864622932,-1.33724829552,-0.12105335231
"B",-0.700990096274,0.041245399338,0.254151814693,1.17912515183,0.424964017945,0.0044040734022
"B",0.638187565878,1.80805578098,0.149449068378,-1.83124093215,0.220750620681,-0.819121095729
"BS",3.21936054806,7.31277301488,1.12781036491,0.829011518199,1.45131305629,1.15418337345
"B",0.0413411507348,0.306537914323,0.923652549516,0.0501967354521,-1.15765866,0.951261888187
"BS",1.50647781396,3.93897489505,0.809015111692,-0.450461907225,-0.318669999275,0.165188170869
"B",1.67064589301,-1.80998086466,1.4274059106,1.29690015877,1.8329371847,1.20866912384
"B",-1.53824497485,-0.367834715155,0.455801019616,0.617198582521,0.885877210179,1.34809938012
"B",0.0920929553377,-0.349146906145,-1.0052582904,-0.220060470072,0.766205043366,0.0611483091926
"B",-1.06476694315,-0.113176918339,0.260199137228,2.23912577088,0.20397747454,-1.19387516336
"B",0.586820181942,2.22838663248,1.90943057084,-0.423292536799,0.178253734107,-1.21280348463
"B",-0.424633223384,-1.0168378376,0.880682668658,-0.592020697775,-0.986467924069,1.76340375557
"B",0.141258340547,0.689114175392,-0.953146092906,-1.65519131,-0.393284386635,1.0509575023
"B",-0.154129242963,-0.348973270005,-0.898335459351,0.521394449558,1.19202636341,1.10326210326
"B",0.732739749044,0.684176321535,-0.426031365979,1.12740887009,2.57649853352,-0.46204870955
"B",-1.91234834545,0.997205762881,0.462891181552,-0.157440166298,0.164958262944,0.468196809847
"B",-1.61705011363,-0.565314464927,1.18444811764,-1.65755766787,1.97411250253,-1.21190743398
"B",0.747271989054,0.608467200254,-0.138420721021,-0.927007929972,-1.65678743105,-1.04389370502
"B",0.431820794983,-1.5983926485,0.525176068121,0.0776530710281,0.342017162517,1.29551602368
"B",-0.599476637349,-0.802294233326,-0.428260635822,1.32662872682,-0.162634640953,0.152179279207
"B",-1.64056728897,0.887849260575,-1.14004739271,-0.925670564148,-0.00286299231315,0.0163226708845
"B",0.144889076812,-1.53934457732,-1.88974893853,-0.549804630579,-0.401804239317,-0.345003574215
"B",-0.065916751937,-0.719423297052,0.3069950083,2.06327526889,-1.11867869671,0.62556511306
"B",-0.364938309727,0.410289773347,-0.773231210669,-1.78572068848,-0.680654657601,-0.0666367570162
"B",-1.07396830273,-0.646038703518,-0.753837331536,-0.649150282561,-0.2110155348,0.0652255799544
"B",-0.13587863152,-0.454336419998,-0.919484596003,-0.318974614614,-1.28919307989,2.33268716931
"B",0.267708346405,0.136086396915,-0.368831336076,-1.40957031778,0.107963141857,2.95147900189
"B",-0.11962401473,0.174378690329,-0.487688884253,-0.160748690893,-0.248273261873,1.28105763969
"?",-0.408918417288,1.78520129917,-4.23216332396,4.84500201197,-0.697831155119,-12.2096540096
"B",0.837750291057,-1.09223210545,-0.205884145176,0.402602660162,-1.57497782912,-1.46902886227
"B",0.542332976302,-3.17370504211,-1.27935024242,0.203199742878,-1.46939625509,-0.00788059477202
"B",-0.210639045799,-0.0603969874459,0.340786059507,-0.940855094043,0.365067006351,0.753423235425
"B",0.950107066162,0.289039737068,1.05665045033,-0.509579844028,-1.06160286015,0.266222304245
"B",-1.02444315337,-1.4124276088,0.00766371489626,0.345329359817,0.588307365774,-0.380827620443
"B",0.579477244137,-0.669105688502,0.66118762467,-0.386033353703,-0.634418769322,0.828785020154
"B",-0.337020636872,-0.798252830744,0.658239632887,1.1710016966,-0.542162121487,-0.828001595994
"B",-1.22617708627,0.0844897695086,0.0871137839106,-0.692109253089,0.820705176157,-1.74330094332
"B",-1.60198591333,0.000798240307458,-0.958649734892,-0.209143161558,0.661595626201,0.839344777565
"B",-1.46697532645,-1.16394886459,-0.527401578306,0.747433616003,-0.364353142959,-1.07110701757
"B",-0.278533535495,0.0635707501004,2.60414948389,0.577852772448,-1.52443137891,1.8288195674
"B",-2.81401595377,-0.227245836286,-0.644079579503,-0.840308275658,-0.131876946548,-0.145939802551
"B",-1.16526114421,0.577535101297,0.683122498756,1.44031711942,-0.931776432544,1.44615071578
"B",0.670429630624,-0.343837869325,-0.654875587647,-1.51364138294,0.543220156704,0.0493418977932
"B",0.730957647431,-1.69448712069,-0.237786343542,-1.0925183983,0.274109636356,-0.148235135143
"B",-0.327236620561,0.321842766272,2.35453064735,0.188938686873,0.334583943347,-0.696296716969
"B",-0.468544763228,0.265343947422,1.01424569394,0.125123438879,0.484506057408,0.333418815422
"B",-0.607115721728,-0.273799772507,0.172231312185,-0.206020518094,0.46550515327,-1.17857863901
"B",2.18182049106,1.08268315463,-0.247157965485,-0.470383270758,0.380058645679,0.361488461455
"B",-0.558090198782,0.688817371739,-0.95135987937,-0.212818386116,0.417518345016,-0.219318357371
"B",-0.873765479357,0.398831866982,1.24719246919,0.29414085246,0.976968087716,0.310609163822
"B",2.40138077804,1.17478447374,-0.482490699259,1.54458000882,-1.02048976674,-0.774588738551
"Bw",13.4895475106,-4.70822137287,-1.62213320443,-2.13366945565,0.0620231000586,-0.0282362082488
"B",-1.7268342338,1.08811343412,0.267259616248,0.434542043956,2.26762440528,0.261934193328
"BS",1.36942920776,6.18149709411,0.032669574094,0.705193697273,-0.0887974842737,0.440786758225
"B",-0.98337290255,2.52361847009,0.175903314184,0.41987553106,-0.363189999344,1.15785858259
"B",0.405198758145,0.541340452849,-1.21330958424,-0.328770798119,0.157765760973,-0.881864774086
"B",-0.0754974672738,-0.913690893943,0.919797853809,-0.77924504312,1.44800615631,0.894522158144
"B",-0.332954117257,-1.6884952733,0.32777551865,-1.29220023565,1.20428485285,1.53262748579
"B",-1.08639052163,-1.37799364944,-1.00194750892,1.11327268184,-0.83203863263,-1.18704219289
"B",-1.35030749065,1.14686240201,0.00103591167543,-0.80568025762,0.155172013737,0.282911667968
"B",-2.24901413844,-1.12875056635,0.00797532011038,-0.498557164314,0.912081304248,-0.686034299825
"B",0.585624128945,-3.01797417691,-0.667297056964,-0.541852155739,-1.20326841777,-1.53931715131
"B",0.839527888632,-0.728255228562,-0.992260036101,-0.31736864619,-0.236964433172,-0.108045799629
"B",0.558796423865,-0.554162760151,1.36349021263,0.655179164781,0.203551991736,-1.42070777119
"B",1.1908928265,-1.6881725856,-0.670582976182,0.627768453254,-0.210250603592,0.655018126467
"B",0.130005376529,2.27094002054,0.0857945768382,-0.0888658960288,0.370726725082,1.13140815131
"B",-0.558019937858,0.714245638295,-1.25147923046,-0.00381753624038,0.100930248163,0.10103676308
"B",0.830362084926,0.424478615602,-0.724956457884,-0.488593919205,-0.0350943810861,0.367391538264
"B",-0.00730736012494,-0.773469426807,0.224268822975,-1.04079086786,1.17472217597,-0.671263341667
"B",-0.0936986599849,-0.428148434995,1.3472405801,1.15196524195,1.36399229552,0.695500879698
"B",-0.737896127197,0.523193968769,1.17117556499,-0.195564366581,-0.206070761089,-0.769971684857
"B",0.371588322098,0.283259115234,-0.190377839426,0.663669437859,0.751066457743,-1.72491584876
"B",-0.996024853634,0.378008154932,-0.0368052704916,-1.06713145131,1.26727426944,0.125216351435
"B",-2.18083638919,0.60642068741,-1.7831242894,0.701634479929,-1.16646238367,0.620268739656
"B",-1.32905757027,0.331521604261,0.279007213325,0.51479111299,-0.689513021723,-0.857635983227
"B",-0.120523479202,-1.28338378687,0.530856701305,0.719720871686,-0.867943348254,-1.41026007188
"B",0.98036986917,-0.355425415356,-1.0056947878,0.411456303924,-0.390244271116,-0.0246111343002
"B",0.654825864146,-0.16564717022,0.690657670045,0.425695251031,0.464422256583,-0.387925810581
"B",-0.816425718029,-1.06572335218,0.127657441062,0.168740980451,0.763985040595,0.123074259462
"B",-1.33460714469,0.494719805895,-0.594637277145,-0.883083405394,1.21658527608,2.09580961661
"B",-0.155598770226,0.259246562949,0.869256617879,-1.48210076866,-0.134165576711,0.218761601111
"B",0.271520657631,-0.763076294905,-0.223439220467,0.715547734328,1.49763710211,0.251255353301
"B",-0.12109942197,1.1965773191,1.44052310819,1.07399573462,2.56265288273,0.214692957118
"BS",2.70279300343,7.60504809935,4.06540424963,0.897244940289,0.820456048574,0.462190916239
"B",0.68141380232,-0.507199548081,0.514701657916,2.58590866779,-0.590671469427,-0.15286389116
"B",-0.816283782289,-2.02402108695,-2.01324577586,-1.70491253212,0.665192718231,-0.641927683426
"B",1.38828539312,-1.34688234197,-1.64468708914,0.390567535215,-0.715111328768,-0.0714090498004
"B",0.362686653265,0.76158616846,-0.841693964585,-0.917648945922,0.181384584797,1.34425947228
"B",-0.354025475536,0.67122451189,-0.407478296966,1.39743661379,0.442129417361,0.460158459741
"B",-0.324237148701,1.0132683617,-1.12199003855,-0.600836438619,-0.629630106487,0.19934267929
"B",-1.28401948522,-1.69085549135,-1.14772716159,0.564053147502,-0.61039782142,-0.281710802964
"B",-1.64910465557,-0.955531208663,0.845262686687,-0.594901800014,1.12906702327,-0.0952434597207
"B",-1.19586470399,1.88027659281,-0.0875105645455,-0.446608930588,0.269667980505,0.0680268149806
"B",-0.229958213517,-0.777373729196,-0.226746828029,2.19199131332,0.77187560024,-0.629813958284
"B",-1.61262099158,0.645364633502,0.354091194405,-2.12530431742,0.948226798369,-1.13675268936
"B",-1.78147736261,-0.445656151702,0.389152495944,0.461346312001,0.191211543522,-0.128963021712
"B",0.817531975151,-1.5203560717,-1.03422465633,0.028485728669,2.63021855416,0.884392863614
"B",0.951107945741,1.36305217319,3.37331874114,1.32662647856,-0.216767885785,-0.834460520725
"B",-0.250623758363,-0.431695327554,-0.781253710429,0.389092038775,1.13905277683,-0.828299094123
"B",-0.231998980793,-0.839914666969,0.140948281084,0.605363801455,0.37734867126,-0.455480087549
"B",0.0378246548685,0.61280889015,0.715388243026,-0.47558450917,-1.37722982704,0.727510823053
"B",0.0241505764487,0.776636632707,-2.02853809319,-0.648771793002,0.360324101855,1.59710370392
"B",-0.127458134506,-1.01686446498,-0.464624501635,0.723818013069,0.145126035808,1.28849384935
"B",0.907874293605,1.5137476237,-0.447744835622,-0.216803377001,-0.369048415547,-0.709359724989
"B",-0.970452357179,-0.737161891646,-0.641634812327,-2.61784994819,0.641901079979,0.373805443988
"B",-0.4112097589,0.819351547994,-1.59348928976,0.0142748196464,1.32052800243,0.44911582338
"B",-0.602972791889,-0.591093188225,0.00267214682223,-0.785532461322,0.903651523577,0.249586776733
"B",-1.29554907736,-0.999544580754,0.0809076872424,1.22016830135,-0.112712764178,1.02797120731
"B",0.139789283133,0.016280983896,0.610044515889,-0.856935003389,-0.112299048573,-0.411794338692
"B",-1.40193011131,0.580331640139,-1.27015439339,-0.87478031087,-0.482097028519,2.04959669349
"B",0.342311628841,0.556004461126,1.99863402058,0.897567771709,-0.680984453375,0.398308280462
"Bw",13.458461241,-4.27736294146,-2.35597392011,-0.588810970531,0.910099998197,0.617599699609
"B",-0.652019335359,-1.57502112204,-0.133348450067,2.57057860987,-0.000163534939307,-0.44273314571
"B",0.0481620645023,-0.0105805758547,0.320243123991,0.99713969124,0.831787312161,-1.384126646
"B",-0.161593147653,-1.00380539423,0.706509936245,-0.198678590483,0.0425475363953,0.774682737565
"BS",4.43910784295,5.47009808986,2.31079986909,0.739023764212,2.28383119781,-0.458081507385
"B",-1.55547711001,-1.74202590184,1.65330990234,1.77435975549,1.75637716777,-1.02856045187
"B",0.0429484726346,-1.50775033369,0.0799922645019,2.17360206109,-0.992092092068,-0.102039317724
"B",-1.69557521397,-0.600141432503,-0.393785435272,-0.73812950726,1.28878309928,-1.06116542887
"B",-0.313080787418,-0.697524942107,0.221430642463,0.369854002672,0.399139814221,1.42097039232
"B",-0.167297769448,0.885676159959,-0.215499271377,-0.205851666575,-1.41548456416,1.047222903
"B",-0.452956384902,0.586290991223,-1.0672720813,-0.933366358592,0.167373187087,-0.321995597517
"B",-0.209471091904,0.480472411182,0.899674552911,-0.898567176009,-0.106178308449,-0.561118786965
"B",2.08318290058,0.313641707333,0.524261514427,-0.404027574194,1.04014486217,1.07960143981
"B",-1.42632755717,-0.536432955912,0.602942074953,-0.622779407564,0.965072609482,1.33644337759
"?",0.479897949979,-0.138688441926,-1.11906406932,2.1340547493,-0.558519335806,-8.81595965894
"B",-0.576603378269,0.013700636766,-0.134217088258,-0.606032302962,1.07814816037,0.206198152729
"B",-0.878221384201,0.418409634826,-0.603500529793,0.89140035029,0.589888390014,0.856993382603
"B",-1.23828295535,-0.225956800085,-0.417016908468,1.28106216238,-0.143710181042,-0.279061821215
"B",-0.527896803868,0.406600671526,-0.671556086224,0.443416133615,-0.860299092738,-1.68139286799
"B",-0.918483544255,-0.577942067153,1.33621105124,0.278227269172,-0.0706703572433,2.33319863009
"B",-1.37909968273,-0.715990935645,-1.61241023571,-0.580807777828,-0.243818578089,0.851489238203
"B",-1.55313459177,-1.23836189471,-0.142086989533,-1.93571465987,0.947764330857,-0.31907637716
"B",-0.0852800435266,0.0178892559419,0.539064484568,-1.60398473844,-0.750960037889,1.8355648073
"B",-1.56103196312,-0.0551601738901,-0.731583896182,-0.23418484851,0.425259474219,-0.0363857388301
"BS",4.05030136304,3.5747948987,0.994990182356,1.52257434547,-0.337650009131,-0.694064955455
"B",-1.28149011195,1.3090870763,-2.24724540964,0.214038724873,-0.983355334325,-2.15984985462
"B",-1.18201921779,0.302122584987,-0.766560837059,0.576666064659,-0.187570398257,-0.332385630501
"B",-0.334564724629,0.397157471409,-0.163761272947,1.75980026554,-0.0271632139023,1.11599520439
"BS",1.84514947477,4.7019264385,1.36560049277,2.97012973133,0.970674999665,-0.788450944844
"B",-0.328264244158,-0.335841314593,-0.808563582057,0.245401860006,-0.0189267405709,-0.0622281997363
"B",0.342010529056,-1.09948002412,-0.480501576344,-0.483423668199,0.309584955738,-0.478587130539
"B",-1.60751326683,1.9669820006,1.14426753567,-2.31951012483,0.345864369059,0.518659452735
"B",0.0485515777309,0.199666933878,0.332628370925,-1.11584024906,-0.307596921654,0.176139903347
"B",-1.32220583906,-0.162928305687,-1.45498465499,-0.33614791226,0.271058724741,-0.82646258223
"B",-1.27174094048,0.586397705412,1.11087474937,-0.364992062535,0.428668939104,-0.293974821687
"B",0.718534261514,-0.912138601922,-0.893908469992,-1.40428384772,0.249097181869,0.716431738924
"B",-0.338482160491,0.306326128908,0.163947957785,-0.385215409355,0.122520177649,-2.19367987004
"B",0.0415541469625,0.678926066649,0.481299041263,1.73223717332,-0.0188739375927,1.26594556093
"B",-0.42036526206,-0.250407053187,-0.730562553915,-0.578762800189,1.33140724627,-2.77289250242
"B",-0.198286325925,-2.21284802571,1.5410067607,-0.255053277341,-1.72014319565,-1.7808924789
"B",1.3605596746,0.0959346485698,-1.58807870773,0.0477437767369,1.77795993464,0.00562287117833
"B",1.35081271312,-2.44340466138,0.34301291932,0.278726795925,-0.0857139364259,0.756493544778
"B",0.0513244423243,0.908006888025,-0.029312633996,0.624027300949,-0.783882661437,0.690991977459
"B",-0.0805893925502,0.847651799747,-0.0657232134812,1.36146348028,-1.32648884078,1.49969588454
"B",-0.00980998210382,0.304093263374,-0.453644599384,1.04875315032,-0.991666070164,-0.273138737074
"B",-0.264461799747,0.573361005426,-0.975119944718,2.91595336971,0.319683883538,1.53176726113
"B",0.0945602659566,-0.0933584532855,0.367893179303,0.197644196234,1.35660924948,0.1574693853
"C",1.47758965748,1.16614905241,0.19881566652,-1.01379904712,-5.20213714792,-1.82907331806
"B",0.32840649948,-0.620427508498,-0.0887826788218,0.0691041874604,0.306733080553,0.229437936585
"B",-0.865970247016,-1.21308736524,-0.672503009955,-0.268464699079,1.34861242575,1.91368521193
"BS",1.57450288137,5.24437231833,0.843751395428,2.28638672843,0.123501225308,-0.284752022095
"B",-0.343329524107,1.13680663734,0.949887687123,0.924305169502,-0.945913949171,0.885216683496
"B",1.6326490157,1.23644912845,0.0409509848717,-0.510953882593,0.740506166265,-0.287973094666
"B",0.230022691644,0.120181350808,0.802192742832,-1.05759209756,-0.396002048578,0.508661399145
"B",-2.02709469254,-0.377537888387,-1.65654394653,-0.896758745644,-0.15933530016,-1.28666538628
"B",-0.0889568278551,1.13295214342,0.62568695642,-0.800359774137,0.138275510936,0.42172726413
"B",-1.10462531453,-0.528142084871,0.0151727192853,0.379508409537,-2.3007874613,0.887048820078
"B",0.0099302648342,-0.306646829005,-1.20383123213,2.64540865639,-1.16589703059,-0.576335847036
"B",0.253014244196,-0.515327756611,-0.936704959654,0.50250569686,1.5471428048,1.96419485202
"B",-0.0906134769029,-0.196183190994,-1.55560312087,-0.393983465995,0.600837036347,0.513427803327
"B",0.333307001469,0.457972947085,0.607849315384,0.329706050524,0.210795997239,0.152239200551
"B",-0.412840494567,1.14880934544,0.986685735125,0.17014637337,-0.51542378954,-0.746869024858
"B",0.564507836136,0.562565338996,-0.487672366208,0.794806274324,1.9636295332,-0.678772080418
"B",-1.93841490927,-1.25367341032,1.40318362925,-0.91692368045,-0.187066351269,1.05784296924
"B",-0.450022479691,-0.919233560164,0.848001214029,0.176034572273,-0.557200291828,-0.021165523001
"B",1.34036411445,-0.0259073164011,0.594429136171,0.638878346269,0.561288907215,1.33813021503
"B",0.0118926549911,-0.467228773317,-1.20419826238,-0.500935162289,-0.412645014101,-1.06449975486
"BS",2.444372054,6.40798887739,0.896210796044,2.03539107852,0.836714738187,-0.992444037073
"B",0.768789435974,-1.22236656269,0.142609290537,-0.0666540874004,-0.772959415376,-1.24896498554
"B",-0.448346577007,0.637384745567,1.65546439826,-2.23216820819,1.35271370582,-0.288219288846
"B",-0.19801188494,-0.233465207847,-0.130184168763,-0.979375878225,1.16414370344,-0.801585753669
"B",0.190227314519,1.33366802574,1.24492387666,-0.648792840395,1.28818381968,1.00238363691
"B",-0.523873655918,1.07242996417,-0.0668349510088,-0.48134681275,0.584835901581,-0.814574907029
"B",-0.859878210784,1.0432467485,0.862352313134,0.63307813573,-0.363766647823,-0.964659892229
"B",-0.952366325356,-0.732954215539,0.491298068622,-0.846328635823,-0.616098256391,-2.35197819518
"B",-0.246638661917,1.52883990136,0.339017394869,1.21584936508,-0.704064309466,-0.263522850283
"B",-0.0993419540739,0.093997179697,-1.4905666499,-0.838168176158,-0.640825891744,-0.44602303093
"B",1.44696832507,0.623511294581,0.773647800609,-0.410519115092,0.00996229787744,1.08899735705
"B",-1.75642112007,-1.23951137488,1.0245168867,1.53799529934,1.32453656487,0.191890397863
"B",-0.137329907504,-0.778825853258,0.808538536642,-1.50838936,-0.559050834948,1.89275549407
"B",-0.915802497203,-1.69346558673,-0.385302640161,0.402566102947,1.4846838634,0.943766862883
"B",-0.752796520801,0.167943952708,-1.16775011982,-0.540867353958,-0.25578785074,-1.18966686259
"B",0.318697544805,0.305982479292,-0.20930726171,0.325935059771,-0.0671108266544,0.698178981104
"C",-0.724413671522,0.611352985633,0.0458626080704,-3.27492802885,-7.48742170496,-0.788387891358
"B",1.50705334578,-0.606643798508,1.10953569843,-0.465807335133,0.662540329822,1.73488688548
"B",0.224340662434,-0.0214830590995,-2.60001697606,0.314077720683,0.217713594544,-0.28232765123
"B",-0.0597905307284,1.49936696477,-1.14053982388,-1.59009169668,-0.515910154071,-0.376069899934
"B",-1.22983286763,-1.7204697276,1.34590133957,0.249317971221,-0.0329809647542,0.877039821136
"B",-0.518086213902,-0.563078109944,0.201384488432,1.4948309035,-2.6948400466,1.10238148992
"B",-1.2278818772,-0.00596440108266,0.522180905839,0.745946350895,1.53783855319,-0.467761923655
"B",0.621074672236,-1.39493520031,-0.735661342916,-1.57545239388,-0.828961514725,-0.284425707384
"B",-0.278840015497,0.646767564814,-0.0732919735856,-0.712099623435,-0.00908774189818,-1.35948488245
"B",0.611844251856,-0.974904093321,0.551324533291,0.359406837988,-2.25633155789,1.84884114688
"B",1.91820500303,1.38114555271,0.911968063537,-0.412167517826,0.312376490669,0.556819547682
"B",0.564186036295,0.160267551669,-0.803470990587,-0.497887377051,1.21191742053,0.176364272822
"B",-1.45647002938,0.773060037792,2.4891558813,-0.771679987953,0.00298249097508,0.892864133956
"B",0.271709470672,-1.08997412747,-1.12882926614,-0.470677625726,0.221412779263,-1.53484962354
"B",-0.245074621489,-0.393928799895,-0.972666042527,-0.907672104006,0.667895879607,-1.24083748184
"B",1.87839770898,1.19776663629,-0.258628057875,0.613825093748,-0.79028405233,-0.600533346826
"B",-1.48602249925,0.23865297888,1.92808392932,0.795904534944,-0.111903972343,0.929305911704
"B",-1.70916194254,-0.671874648558,-1.31048254391,0.445858160375,0.43181561377,-1.1503317946
"B",-0.13247235315,-0.121460303948,-1.05054909681,-1.9417369037,0.916027708571,0.309175939821
"B?",-0.520771467883,-8.60594007175,6.55985457931,18.869096921,-4.70470876177,3.02158921219
"B",0.145624048222,-1.45183045221,1.71315897531,0.485476004845,-0.376240154148,0.847249511563
"B",-0.720666709037,0.09064135747,0.0304009547903,-0.183438826383,1.43800012301,-0.18773021492
"B",0.166423499418,-0.42516268331,-1.4487833048,0.705139740331,1.70602028478,0.846327262737
"B",0.2704291794,-0.496250950802,-0.177265614734,1.7903354872,0.741335515365,-1.32195308946
"B",0.216808783289,-0.632080282974,0.878818348587,0.221015882987,0.812728948411,-0.806970338489
"B",0.480756693149,0.410844891401,0.651228466908,0.913800916874,-2.34999393407,0.60171246578
"B",-0.198976273463,-0.125498006293,-1.60538495708,1.22686253727,1.40564163256,0.243142004442
"B",-0.500897178964,-0.159001886272,2.03504061156,0.519670617601,1.29289137988,-0.597925191377
"B",-0.586039216546,-1.19003103612,-0.784761234834,-0.67531327574,0.492344964042,1.24783365711
"B",0.980936717982,0.083740102068,-0.693057391879,-0.962206984259,-1.16717832672,-1.31331192976
"B",-1.1892790855,-0.381253763172,0.579440666054,-0.9171289512,0.58322059528,0.500795683217
"B",-1.28590058747,-2.93258889169,0.571168165143,-0.60225528844,-0.68396784145,-1.24820076749
"B",-0.908127612409,0.554010599205,-0.432635787827,-2.24924041453,-0.184871647958,-0.973588369331
"B",0.302375800901,0.168102228192,-0.55726281442,0.308506261739,0.296887743465,-0.191615594184
"B",0.184323046359,-1.10782204432,-0.619895829233,0.945532298665,-0.0915837237842,0.114104627679
"B",-0.426073489855,0.516593420503,1.62628494606,0.787706507328,0.735182861922,0.382339969671
"B",-1.24714831639,0.57474005575,0.821299591445,1.45633527663,0.0969166549868,0.642053340935
