"3",4.98598731598,-24.5161099871,-19.4920167578,3.95949977693,31.2467638331,-11.8693233395,-3.28875544122,8.97523069434,-14.5034928929,-0.315098631027,-13.2599299198,-4.27220669911,4.87791191536,5.41047822468,-9.44374678396,-6.82800613412,1.94809382911,-9.36322399541,-2.20200041222,0.705747324622
"1",71.4769110516,43.3639707169,-20.6626351267,0.14864350281,2.58340184742,-8.43091577553,-3.82485660854,-5.66646653301,-0.614050071601,-8.73039207706,-8.11503074604,5.18774992656,-7.25870334749,-1.35974458179,0.0100825976043,-3.34545845843,-3.41800245514,-0.33508769152,-2.43932888011,1.61622684517
"3",13.8672580249,-12.4989830577,-24.6093608701,20.9385728137,-11.1977100202,4.93758601669,3.16217807544,30.1103121128,-9.44064837756,-5.96212642117,-7.8230080806,1.37886645028,3.30164069125,-3.65710339987,1.39071600765,6.77754386947,-1.01343274346,-1.48641889769,1.70931527223,4.05863051445
"2",25.2186686087,79.8040687459,-25.2191689005,1.88694646361,-12.4239747594,-1.65415741552,12.1984270991,-5.55786049837,-5.37131934455,-12.6878083681,-2.71671038405,6.97574755899,8.58073957979,-0.537066746924,-6.94765928961,-3.00393146548,1.7576347865,-8.00614710833,-3.87057239075,7.3053367054
"4",17.5191012414,102.421464996,-17.7377882582,-6.96401169461,-8.42821791742,5.12002002737,14.2267198516,-9.376135082,-6.94715342754,-14.2766248137,-4.23371668964,1.31810304519,-4.62176509103,-1.86297895382,-2.01426709582,-3.79612329022,2.73831184854,-2.47032254315,3.37843666916,1.00672180045
"2",111.856736229,-24.1798956127,28.4724058154,-0.916694066734,3.28801276696,-5.11040839141,-26.2496754598,2.37095565801,4.68556604857,2.68924906716,0.961704741398,-6.10602819728,10.7529435431,-6.32161002024,6.75787206938,-3.18753251637,1.79175409313,-5.06619571545,-4.96588867948,-6.90428329549
"3",3.32858401472,9.40851730071,-55.948857864,7.71254941798,7.72414292412,8.72240420646,15.5920461363,11.185082526,-11.2886628616,4.09602040904,7.164163863,-4.37086103798,11.961696582,-2.35862735205,-5.53392844193,5.41172315809,0.828164051354,1.56780561312,-8.29107522642,-1.6626514591
"2",40.9403182339,-45.0065893436,7.35227398022,-16.7701267051,-7.19820261122,20.2329427088,6.95069219493,-7.49969104714,-1.62904077284,10.6089176323,4.9106903146,-0.802437373843,1.24661440632,0.185827295602,-2.53544397282,-4.17746434122,8.8469490685,-5.86698131636,-4.4668181881,3.12121849218
"2",0.502928932346,-28.0448714793,-23.8987618849,7.9070431832,-11.5579844104,8.34061708661,-6.15891747424,10.5454627703,10.0796288053,-7.23936037067,-7.85905213213,1.91253268281,-2.88647957735,-1.99937532834,1.48899676574,6.98669965252,1.92812513483,1.69659700329,-3.34331797295,-0.245501458283
"2",4.07653699233,-26.8840238006,-4.97591346222,14.2414304707,-21.6164039293,-5.42002491349,2.46892604851,24.232114955,-8.40673699031,-4.06331893941,-10.271877085,7.03066096114,3.29022882076,9.8992347665,3.99869206498,-5.08653942881,-3.14029562392,-2.70954777279,-0.431749543699,-0.769313632267
"2",-12.4730529995,6.30955294499,18.2476721236,-40.1673320393,22.2471012236,-10.1811270488,-16.9365859445,7.50080136542,9.26849499995,-12.3218408767,-1.16843981941,19.0188191992,1.86059550664,-8.98712281197,-10.2008212794,-1.67070746113,9.68291233442,1.52461331985,2.38342017272,1.65241652495
"1",-0.00594462097454,77.1323363925,30.4159038688,-0.353674239494,-1.36887980163,12.564640866,2.22667383773,1.88626698259,0.510319725934,4.91203084482,-12.3178617374,-10.4360690809,-1.30430226457,-0.524925306588,1.65605834905,-7.42856251161,3.379000548,3.23353004476,-9.34392904754,2.91470623261
"3",6.5745426317,34.1553486004,-52.8997456969,-11.0617794019,9.4487107432,31.6006125647,3.79156875494,4.30243734902,4.03886181299,-9.14378548957,6.62526813053,-2.63882059309,0.123571350022,4.76411772258,-6.07958662307,13.5062854964,0.905241910107,2.47618691232,-6.52893284493,3.3837036699
"4",-96.7568031746,-4.68266118363,13.6097855047,-0.419692599904,8.19782796956,0.654944106648,3.52380738897,-14.6459037735,2.62821771265,-4.95278778489,0.467023831385,1.2147722832,4.44797981071,-7.74242171807,1.91658601835,4.43013429887,-3.76558784464,-2.25494531619,-3.48194976759,-4.42812646212
"1?",114.835627934,0.693113629983,44.2934061464,-16.4541278777,1.93813820942,-15.8564931556,-16.2026440386,3.59524622633,-10.4729612632,14.5728638899,-4.76331932811,-3.28016608408,4.93143422313,-5.26158570418,16.8015334492,8.64643412501,-2.67460001002,-6.67961443197,1.10191730299,-10.7254353614
"2",-96.9213440785,-3.70870490748,-1.14504791214,8.75011899568,-5.08897726776,6.48741866142,7.26680984004,-4.76495884443,12.7688064647,-2.8095982849,2.24941295297,2.49002449078,0.202189268703,15.3717717982,-1.86348852718,2.4430214477,-0.431252499261,4.3502109973,-7.7486687179,0.983826694152
"3",19.931711994,-9.19977920019,-26.6588006267,21.1510944966,-6.91634192753,15.8367120855,0.883840287688,18.3494077773,-13.0484256677,-5.40849546553,-6.53265826018,4.55252852092,1.16663536917,0.0783112351453,-5.5054478692,8.02303174678,-0.905385117031,4.0928937629,-5.43820196316,4.165354535
"2",-4.48473867399,-12.8838421029,-16.4373626296,-7.41360622759,-9.14018378308,-13.2300982002,5.91881478236,12.9444313265,13.9530963873,-5.36740856851,7.61198868739,-4.52030701133,-0.435962559333,4.55378023149,4.85278395254,-7.86652702682,-4.94091796084,2.08330721525,8.40000679526,-2.08337218259
"1",28.2792019188,51.2800088444,-15.0001952625,7.37770335133,-0.939266204575,-3.61932849665,-0.77391433193,0.264894349715,3.22553786708,-6.70141650237,-3.76432111051,2.9931252195,-3.16854358813,2.33738386138,3.90871315326,1.66109146191,-2.76976934338,-2.69775339556,-3.47346637012,0.00867583677671
"2",-14.7016303792,-39.4245346695,-1.58579752494,26.671691457,-1.41543524964,-18.2386394512,0.100763314295,-8.22154337995,-0.782085312906,3.77419093467,-3.54712502602,-1.20399713188,5.58403101179,5.59341891107,3.03102707242,-3.32320134526,-1.35513876553,-12.9613040562,9.17599912898,-1.13940095034
"3",-63.2483135677,-18.0038507578,-6.16435555228,4.49291163474,-3.13038748617,-5.94444867717,1.15357017547,-5.59624324075,2.63322279426,6.7077440584,-2.31139318529,0.991056742804,0.101634142853,-6.67904681448,7.18078407206,0.0165486082959,-3.35860023902,7.10945089462,-7.95629106779,-0.37108499811
"2",26.0596137815,-44.1749183421,10.5777201122,-14.4036847363,-11.566837678,15.9924862653,6.01690153541,-3.31435401962,-5.62805389657,13.3139985306,3.840571077,-0.365845464093,1.89346923243,-4.76408603977,-1.34552233395,1.40497729424,3.30189669628,-7.6606769147,-0.419720362755,5.32850595508
"4",-33.1542773166,-30.0234063851,3.55876972116,11.2815330283,-6.32271813726,-11.0320127285,0.908533599305,-8.66240764196,5.67461288254,0.856460529554,-2.3352088433,5.32789090197,1.8192308899,10.1694456755,0.101363475631,-0.0384079353956,0.266133410245,1.14871583313,-4.4971846245,-0.379269773343
"1",2.32548860315,41.4658425579,-3.32151451189,-0.39623059228,18.326100016,-11.7019282245,-6.13177484551,-8.61526184942,-16.9255746338,5.45488316258,9.14892492855,-4.11609385992,-4.59762753408,10.8119449125,2.35859523563,4.34874201894,-3.75674536048,-10.7393720855,-1.55022617716,4.58048729819
"3",21.7287281949,-25.2713443092,-1.14749163777,41.3424398784,5.2298234326,13.7068952217,-4.02145649488,-4.64274518671,0.966986289531,-6.38954524333,16.7595948402,8.20529831013,-3.24276199489,-4.96677469192,-0.444799943838,-10.8654830467,2.85990509814,-5.05664870607,-7.74995516447,-2.22665168802
"4",19.5100926216,74.194965917,1.2714116644,7.79319582438,-9.04903322826,-11.638861809,13.2705178946,-24.9141568649,-18.1376066519,-17.1635193786,-14.4234297261,-8.74711261317,-8.21192174652,-6.8847832664,6.1181730409,-4.51536883669,-3.13328177982,2.6496512146,-2.40309174638,-10.092330625
"2",10.1013653508,-11.9967041143,-17.8556551747,-22.7120739625,-8.08094521545,-10.6509778557,4.8390909305,3.06108782132,6.83756395652,-1.12016807536,8.91580970153,-3.04634043222,0.870201136119,8.54046579094,4.21705481485,-5.11748013305,4.68550856928,0.682577906192,-0.745521814672,-2.32608833244
"1",61.2617251224,32.6977859001,27.0417162065,-16.0764399765,-16.0942422591,-1.70543981898,17.8811360233,-7.43491050445,-13.3294452304,13.4567743629,-7.2445910934,5.97730678398,1.68737826222,5.66653961629,-5.19563249447,4.18328641942,-7.69890095231,5.69386640676,3.17363847254,2.6158516024
"4",-61.5625285216,-17.9422650004,7.84460534668,-22.6265453342,-6.33183055043,-8.71039918811,8.62511812619,3.41405678993,-0.51752848934,3.46368010377,5.71040108981,1.4224822273,2.18351227679,-0.589968743805,3.077868692,-3.19952734049,1.61027712143,-1.61357102185,-2.92763687377,-4.02061189057
"2",-10.5371431804,-19.1220262596,-16.5265939718,17.4437757954,-13.1999062614,2.23512435524,5.83680214514,31.5540567931,-6.92112554292,-0.452475601007,-7.29915524487,0.963643016627,3.43465063849,-3.57054857511,3.59105016042,-0.258511589201,-4.70928061275,-3.47792486512,6.13558371209,-2.40430096963
"2",-33.7250562729,-24.9110848958,-16.3627679252,13.4223683437,12.2636133667,-3.51396055602,0.291723377033,-5.50762527185,-4.0626631162,10.1270360882,-15.2235368766,7.69787607176,-2.16961560705,1.65641971348,4.5916069137,1.7071878976,-1.74261933529,-5.63828482052,0.174163695079,-1.07445959429
"2",-49.1937619785,-22.7052291976,-3.08684901787,7.90257939576,7.3460949563,3.50246242069,1.76589985326,-12.3686992118,-2.07016463929,10.9028526746,-16.0904771321,7.10862142309,-4.25001335837,3.28763968769,4.92609228481,6.85785118266,-7.57018054502,-2.31940238126,1.97166748983,-2.82222219501
"2",-36.2102073132,2.22994233906,19.7618292352,-25.5466232675,22.7675599601,-3.90528767543,-0.159946747861,5.95066014847,4.29447218752,-2.99290874852,1.85808431948,8.81762543027,-3.23585146242,-0.799037477351,-8.23259015437,-1.78407848928,-10.06466392,-0.332910657307,-0.682966461733,9.55169142839
"3",31.1375393525,4.51784424109,-41.9111351989,-8.25110002013,-1.4356724557,6.3335176998,8.74810073716,-2.711445558,4.95490104436,-3.27068091896,4.56785249649,-13.2276079775,-2.03979871325,-7.34182560796,-1.79490638188,10.553750441,2.74886812267,1.08115341412,-12.1349335947,0.105391967046
"2",22.4684417927,-6.1089728703,-32.9052329905,-17.5289982278,-7.18215337955,-12.4169144038,4.83793510984,11.0361012724,2.71161274128,1.82585734196,6.43188827072,-10.0468017539,1.61118611195,-4.72467617398,6.25771167881,-2.63374733529,-0.816350180995,-0.113465573805,3.00069801897,0.351493915957
"2",-34.9377874195,1.34504816517,-39.5073858349,0.602392197998,-1.50641355188,2.53473394072,20.9832856998,18.4390608966,-2.03776283254,8.9141970885,-0.328177505033,-7.55863290232,2.97302417534,-7.11161950341,0.555691514249,-0.540330597912,-1.2593260661,-2.02420571852,3.02650687482,-1.05467733494
"4",-4.50975516244,28.2509636935,-19.0642961063,-1.71631662327,2.4173093105,-3.42939859516,-3.67099551314,-0.368640983381,-1.81530697458,9.49696455898,1.35021582702,-1.55809505083,5.57420193528,-0.366381229885,-5.86188337465,-1.40256038235,-1.22915435322,-10.4399670183,1.74545840662,-6.1684316834
"4",-41.111701954,-30.8321358205,6.75264822729,9.10358650677,0.685530983998,-14.8595074068,0.998911969159,-6.99717585123,7.74795644428,-1.0242275379,0.292828218213,5.91892339054,3.21365444857,11.9717217788,-1.57425814292,-1.16456264746,2.88656385196,-6.35730326156,-3.76213228895,-2.31492730978
"3",57.5851551829,-33.1411403525,-22.2081134776,-15.0220733563,-4.31470268476,24.4778834615,-5.94811045098,-16.597642425,-5.54432210655,-14.7845509653,-2.1700479163,3.1204074256,10.4644094039,2.2491804641,3.4024151769,-2.82311932505,-16.70621085,1.92544608682,8.69305379911,-7.90227026142
"2",-40.1848051547,-2.43124878887,-25.6353992148,-2.22881843726,-2.07192337418,-4.01101345664,17.753521101,16.6118457235,-0.0316102956041,10.2552319428,-0.66773611865,-2.52802375134,3.73229324129,-3.54523446979,3.33578379589,-7.75051806669,-0.0347079805983,-0.471292543566,2.20569514041,-2.10450482161
"3",51.2549286426,-9.01212680759,-30.2906617272,-2.16510149695,-12.0578970165,-9.92718593754,-0.749356573237,12.6486375602,6.18155227486,-6.81037508666,1.41711487181,-2.99632592489,-8.99076057885,-18.0491582038,-2.07278202618,8.5905743933,7.5615687019,3.82574686971,-3.83627257033,4.67205462855
"2",-53.3519374843,-22.2329637892,-8.31655681159,11.708881664,11.9698955105,3.84005164486,0.953390176921,-8.48412492851,-4.13991298085,10.6242043882,-16.6290377279,12.2155533805,-12.10792573,-0.289167777976,1.50170076591,5.07612616341,-3.96549899335,0.88797202346,-2.10446460755,-4.56375358898
"2",47.6030227114,-10.2534588951,82.2268735606,1.56487989361,14.4926614272,14.5809531087,-20.3874277998,9.53332075961,18.63718257,-6.01921879757,-18.9916849082,-8.36400694273,-4.60160626328,4.48759109817,-1.18313539214,-1.31934833813,7.43044718824,8.14604337686,4.09014361547,2.59555216243
"2",37.9870117548,-43.5797814454,0.712477376343,-21.9690653443,-7.31927620731,28.2892489383,2.79488392181,-12.5559709325,-0.700889525594,4.36130392378,4.06056336472,1.96023772864,0.0543542131265,3.59196034519,-3.47618300868,-3.06964169092,4.53996473939,-5.95279631584,0.195080411784,0.411680373789
"3",38.2571802551,2.05011495893,15.321220574,21.2371186915,19.1426803613,25.9797815987,2.95668740339,8.9377852685,3.63858731155,-7.70446400496,11.4555134602,3.34769687264,-1.66218254761,0.212907144754,5.89661605799,-10.7112508216,6.1812080615,7.43598878812,2.48873140801,4.19412367137
"4",-46.8264509029,-19.5178196336,2.17813947418,-24.0939824191,-7.33822475397,5.38508676621,-1.50048160172,-3.47044390363,9.28930089934,-6.51127515837,6.47272495738,-0.866122682151,5.55803629392,0.969072511152,-2.22456617392,-1.90356927993,2.62299363363,5.80895919048,-0.717388019123,2.87103539414
"4",3.43328639415,-27.5612059642,-12.7679787777,-5.08021226355,-18.7105502098,-2.4694339777,-6.34130678458,5.27323675218,6.26110669693,-3.78645834904,-4.4291583097,2.87504267144,8.05614978804,3.36463527208,2.7560703009,-2.79194613424,2.20717575436,2.66399994813,-5.13937651557,1.07265212381
"2",7.68269567095,-31.8241708625,-19.0445715084,-28.0033002501,-11.1752547076,-8.75861624129,15.4249732925,2.06893776064,2.33047039048,7.88938772127,3.7793670928,-0.955684657763,-1.34860159223,4.68547834043,3.95611012396,-6.06452665664,-0.985479526342,4.4513095709,2.3650773398,-3.50350233647
"2",-32.0248290767,-20.3470344793,12.2532644928,23.7527740012,4.98495189789,10.7121496497,4.91112048943,9.42298373014,3.72925856095,6.04049410478,11.6797159209,2.13502336715,-13.7044735689,-5.63012021534,1.0889574057,-6.51651375455,3.40826100389,-5.98857794629,-4.73998851903,3.38709219585
"1",1.58472788871,64.1156217353,-8.72643172017,-32.3321268474,-2.328548724,1.19178270888,-29.8558838663,6.33463114092,8.85755027763,15.9530215993,-9.68710862578,6.40770291494,9.81971151485,-13.2871193135,0.759084401345,-6.89692033462,11.4010740085,-10.8260371979,4.76279499344,16.1148095112
"2",-35.3229317075,-15.6291688024,-19.377411526,-5.08767224796,-2.77042431554,-6.67651805707,11.8031760994,10.8559471045,3.90480678717,4.44940575474,-4.20702956186,-1.8452250142,-3.84291166288,-2.01736243449,7.22522242892,-6.84800679621,-0.588812623637,1.38850664633,2.80675293693,-3.20869261374
"1",-30.8936093947,77.226510718,27.9150986496,27.160609365,-9.79906401514,13.9147935869,8.60756406039,6.17425475546,6.47262716089,11.5190772573,-1.45223940025,-5.66763201984,-0.609094662359,1.96549970171,-2.11902396235,-8.24493334938,-2.27623858654,2.47110285933,-2.66334148086,1.41676817817
"1",-2.6314780237,42.631673863,-21.5057444403,-5.7646451971,-1.99470911304,9.18168273928,-15.9662575826,-5.52935981925,-19.3239776864,24.483877168,10.8935277383,-8.53973734311,-3.50721605347,12.7835141287,-2.90113195289,9.22093507606,8.34726451832,1.89130221982,0.893097153312,-1.36801588903
"2",-31.0633675793,-15.2136692472,-23.6712292118,-10.9634500825,-5.74375570808,-1.30112614154,5.8166870922,11.7370890078,13.5831733616,-1.81358914903,5.4682460295,-6.65016437339,-4.5140006891,4.89302959081,-1.17095750864,-6.87949874028,-0.82333157342,7.86617401573,2.46379545479,0.860452610704
"2",-37.7681645819,-26.9776330396,0.700635533005,12.1062753451,-7.73642615177,-7.20682925855,0.974695697512,-9.32793707504,7.00119962954,1.73300157981,-1.67508515561,6.70011339852,-1.60877045741,9.52880787135,0.303363792946,0.243392909993,-1.0610177833,4.10771350749,-3.99978907439,0.661284070971
"4",-76.8000360441,-10.5428782149,50.9746153779,-5.87887990452,-10.3872692881,5.60423414482,-4.99548421898,9.70433539197,-16.2309404795,-17.4904891938,0.888364229682,-6.66302056681,-0.985846539997,-3.81766961828,0.433134708419,6.04980828835,6.18105844846,-5.33721752946,6.07322592042,3.92520690018
"1",-2.75299463082,54.0219115525,-17.6723918359,12.6518901577,-15.2391482932,9.13972920117,-10.7266284275,3.41137875933,4.199883241,-6.06729853206,-5.9462388313,6.29371321194,-4.44428355133,0.153618991963,-1.81507158507,1.91478535814,-0.985551981018,2.1689884006,0.208511861327,-3.22270305294
"2",2.76784688452,-25.6144442274,-2.59978629085,1.38132493335,10.9612489162,-1.58271398206,13.9767216699,14.4755836444,6.35901797552,-1.76205242933,0.303323812404,-15.5199029936,-1.01993005031,-2.89323335153,-10.1190864748,-0.139335537044,-6.01486531299,-0.674419701186,7.68526810433,-9.65689533731
"3",37.6694906167,-36.9808108201,-20.4619731458,-13.3895818578,-11.0667168057,34.8276973228,-4.12895803,-16.4700605332,-1.73091485056,-4.8994986676,-3.95013947679,5.289402319,4.46725828854,5.340311113,5.90998108626,-2.07962206099,-17.2304866997,8.8806033268,5.84308713375,-7.85010583775
"3",18.2777354171,-37.2782183133,-20.634146113,14.5514545836,-0.458687323651,-13.5267455476,-1.09698110588,-8.46309994825,-0.785027614617,-1.42118401403,5.51985694506,-10.7953311914,0.97939645262,2.56828790819,-8.2868039968,3.84795070029,5.38517687271,-2.85527932311,13.7604363788,2.58963421334
"3",52.4006652495,-22.8451965687,-31.0532684984,-10.1415341158,-5.04911604237,4.83170228857,-4.10050358134,6.09217608403,10.3686526725,-6.03455657102,-6.42481748741,-1.5145018847,-5.72955900865,1.10115722388,1.73017213598,6.39959251628,1.61768458303,-8.36568533702,-3.9647158107,3.48873035554
"3",18.298936756,-16.898239195,-5.2764551212,-13.0135561884,34.321729399,-15.9931635839,-0.929975807375,6.37075092636,-10.7944081009,2.37844429091,-3.99373190954,-2.92899145695,6.87667829172,4.92957191782,5.56082681429,-5.50679747085,-1.92699544568,-3.39875122181,-5.80761606775,-1.62474962235
"2",-69.5920961451,-19.4073999992,1.46261049493,-1.50650210286,0.50368062985,-3.75137888368,0.429807666653,-12.2738255988,2.89884958492,-0.172137815764,1.34266577187,0.875657628472,5.7605014506,-6.43120152602,7.54253869276,2.43297385507,-5.31562490975,9.07858121168,-6.39405099299,-1.17979514038
"1",1.61797078234,64.3242054183,18.2223855122,-6.39421983525,1.04851296729,1.39318543484,-10.5603808261,9.49027295684,-1.19830366794,15.4099583023,-5.78377241889,-7.43756298504,-3.22217698037,-4.00231975008,11.5852416725,-4.66871962182,-7.51436672978,-1.79289968936,-5.79039786712,10.4112963455
"2",-3.27526778819,-22.7736466612,-24.4771183417,9.77392489201,-4.81410314245,12.237707161,-5.34911297351,-8.23403536933,13.2054708375,2.6585338735,8.21574875491,4.96220443514,0.175716722968,-7.92869159281,-3.20564616334,-7.48276837945,1.25054508895,-4.23960311785,-8.00319551258,1.40031791792
"2",-68.757146198,-15.7870576866,3.09048410289,6.03489472489,-2.32739791879,-7.07310310014,3.68125627634,-5.75677789805,10.3964685955,-2.62722449369,4.57942957908,5.7092102842,1.39084796921,9.04654692239,0.372492892418,0.310649092791,2.53697754781,-4.5612658905,-5.00311706258,-0.100250448039
"3",17.3578876455,-44.9791422996,17.7661756679,31.1655113918,-0.94019761872,0.105132719981,0.619515553343,-2.11466809215,-1.20180989753,4.90348765277,5.24821166512,5.12908898766,-13.331113549,-6.36870108348,-2.78290239705,-4.41466681878,2.22073826509,-2.19815441874,-1.52736950393,-2.80132153304
"4",-28.5799086762,-39.1783179206,9.39817749328,12.7622745825,-4.78283272321,-15.5396202075,1.32481366781,-6.8843981735,0.503967318161,5.26752510599,0.717128697595,6.68568694435,5.32030279082,5.68809252574,1.46922118429,-3.19070585512,-2.12219012953,-4.10830353631,1.58851948653,2.06883010593
"2",-26.6734262724,9.32136860246,28.1977378682,-29.6902331577,19.1914786755,-6.63968640139,-1.88923152777,4.16469984232,-0.891058803481,-7.28046612049,6.48377766943,4.01302074768,-5.74285022593,0.171158598926,-9.70434469839,1.09526479601,-1.40392159411,0.976239655912,1.30881992613,1.22550767642
"3",63.1065708209,-25.9915183745,-20.2847414453,-13.4216924525,-7.96160974132,0.865759331804,-3.25376220044,4.27887659983,15.6919650912,-7.96213894743,-1.53236588564,-3.40112227418,-6.3893146483,3.53860806998,7.11400111979,6.08590369609,1.43092441315,-4.59363529968,1.86381064377,-0.513311873517
"3",82.5388451369,-20.4499124464,7.72714571904,10.6688243179,26.5150508026,6.25378174285,26.5448630537,0.855163042301,0.946960675336,6.29024739847,14.0812333142,7.53767564131,5.10661935303,0.228445091607,10.1792597144,19.1099148191,-6.37829069153,-3.84497439202,1.1514561917,5.55190908154
"1",15.344687977,46.0886199683,-22.6976592973,-1.25171870096,5.68973162421,-2.66331064086,-14.4245123258,4.79825142623,1.32527541731,20.2036736228,20.013391991,0.810855586489,7.05659869946,17.5042506443,-12.3463150198,13.2496345932,0.0955643433157,6.17749349155,2.75606441275,-3.02667252814
"2",1.69532462541,-23.4882705046,-14.9492132967,-8.96130023135,37.1391163729,-6.37403697088,-0.825271165529,2.24418007618,-13.5544735722,1.46315647363,-15.28089809,-5.53312462748,-1.46041795469,6.77557829158,-8.60482261264,-9.68950816955,-0.0514676111935,0.112016017079,-7.19773269786,0.80045304971
"1",1.70563341791,58.5182448634,32.599930472,16.3486485475,-18.4918203499,8.14148426996,3.44124804832,-6.27836340125,3.76658332317,4.07398314786,-6.00590125763,-9.98079776859,-1.53054585289,3.51255877389,-10.6664544505,-7.49449472831,-6.23886457832,1.68879140223,-8.28685998452,-0.837724356722
"3",49.7838770664,-32.2252387046,24.7759787941,19.5708905222,17.8419852557,3.56912469354,33.6386196811,3.07332248887,3.27391323571,7.35795499973,10.7830639985,9.90727730585,-7.46128955545,-8.14618300434,5.39914548465,12.7362440157,-3.17658857974,-4.09885476313,8.63571441701,9.72251250399
"2/3",-88.8830834677,33.5356500531,5.22052143829,-15.6277766724,11.8175799081,36.9227513297,7.90048577837,-0.336361195432,24.5453243563,-13.0545484205,-14.0069521389,-11.5060179031,-18.1954760424,26.4622982173,17.5229529367,2.57750765334,13.2938638533,-8.30341912386,7.94439977354,-7.77549925148
"2",35.3299372218,-26.4060943025,-6.48214556022,-8.75575519315,-18.8074079112,-22.5310816869,6.23077478208,2.07763037796,4.65170523888,-3.36848001409,-4.2514931642,-7.35587432061,-9.68960377493,-5.76307439262,5.22358784851,-2.13466944984,3.48528718319,6.38277769443,-7.32969944704,-4.11919046699
"3",5.6529293597,-10.6440711906,-33.7115999417,12.8724211471,-5.63078625947,11.1082091075,-8.30929611343,9.4258108075,3.22171182234,-6.32081143563,-4.75190137834,1.88231388955,4.13153489661,-4.25933171453,-2.32131905052,6.87256609232,-0.932506942234,-2.42858166463,-8.77323413932,1.32279066897
"1",27.0276040606,24.1776958076,9.45061171617,-2.35428944625,17.0306053581,-15.4040497705,1.56937311669,-12.0755405603,-8.82720739225,14.7030136036,-0.833400449198,-5.72907230542,12.1307952836,-16.7839892752,3.65046588491,-1.08528290889,7.6271362378,-4.93812512832,-8.70438801679,-5.42559757908
"1",-0.298082393798,60.1547059394,12.0117242876,9.53984309049,-0.273385288207,-2.39235375292,10.0416324867,-9.33578794812,16.8085788057,2.53202640018,6.97024080104,-8.323697859,13.4028998479,6.05494727501,-1.56170341022,2.10185902574,-0.891379358844,-1.11653711986,-6.1655199354,11.416471653
"2",-28.7828942541,-23.3881631649,-20.1174572481,18.8668057069,15.8352391063,12.2604515168,0.455367085307,-6.34142900527,0.725941797168,5.50737431312,-12.6953623752,9.20086083047,-14.0540207881,3.16705052885,-3.52840709059,1.28490238508,-1.23387460128,-9.65449243871,1.02175518239,-0.995006974329
"4",-57.5377876061,63.0953100387,-13.7984106993,12.0054874201,1.46650362423,5.83223966182,-12.1878478845,0.605996489961,-5.94543637718,18.7240472306,9.55561266975,3.39103239905,-1.6110072128,1.67100131945,-7.19009343798,2.63894245063,-0.52041477982,-3.85488563796,13.0061396275,-4.35308797199
"1",19.8573655412,48.4641859912,-3.52187507063,9.97331692634,-25.510658114,0.187807554412,-18.8100081006,-1.17056519053,7.51064477818,-6.86034716877,-5.70560149242,8.7669851734,-1.77205978282,-10.4145341663,-1.57272417932,4.25714328072,-5.29059222627,-1.16019671922,2.9047320366,4.02290904563
"2",92.801972137,-20.6739068925,34.6976451912,1.21491580851,3.68831969622,-7.25407745581,-14.5054708998,6.54316491867,7.44358829501,8.4656954926,3.66078241543,-10.9000328267,-0.490487231503,-6.62267352817,-5.6883543517,-1.40548111397,0.394595926347,-3.9511904121,1.63311902411,-10.7890300845
"4",-88.8804935499,1.64475563341,19.7053351479,-10.3891942569,5.62703647549,-1.05245836647,2.93694500107,-13.2471515339,2.38834513784,-8.57101001379,4.50589436048,-1.32244268406,5.48828851975,-11.0330788402,-1.23008915465,3.81832558288,-0.946244442282,-1.04424190819,-3.39862409486,-2.93293632841
"3",37.0519387256,-31.9723352137,-20.1159495138,19.8169759075,14.8080078791,-10.3105314351,-9.60268926401,-15.4290299159,-4.59648130317,-6.76528360001,-5.70741919369,-14.290662736,12.9659975644,0.896156487439,2.35452023466,0.0308229076505,10.020978147,12.1488246741,5.24301869755,7.21064622198
"4",-13.1617198179,29.1882243343,-25.8047364754,2.32489780649,2.06792778181,-1.72905816915,-13.2949078576,5.92504826556,7.44529165821,5.23672860618,-5.28088365022,12.5658362359,4.72005402443,-6.10681058744,-6.86391770286,2.30669017576,3.41863769793,-5.39861358472,-0.991451176683,-7.9973357019
"1",76.1416828192,38.7431760761,10.6305641822,-6.39717126452,-13.2775278084,-8.84049909092,-0.686569099493,-10.4755285317,5.38229567174,-11.8997139636,-2.22951534124,6.40564930312,-11.7501690974,-8.26334060359,-2.28549481778,-0.681266112451,-5.32131597162,2.26846111058,0.906379583967,2.91372310761
"3",42.2727874731,-1.77425254099,20.5237966552,27.1776324121,27.2852659767,21.6773287638,0.482362340024,13.1496117032,-2.39075252513,-6.92442389019,17.586548543,5.19808692164,5.83718781692,-0.183875964169,8.51081193995,-9.56284881847,0.669327197005,8.72673595206,-2.76847716818,4.03300664584
"3",77.3110351297,-30.8523994219,14.2505705917,8.35296057613,28.2243401901,8.4874602254,19.1630024695,-5.08063481362,8.63788493945,3.91908429362,5.03724799298,8.50617479419,-1.98935348056,-0.887587102868,5.63638219682,12.3285471911,0.851045956723,0.631186790521,1.40830137402,15.3386697428
"2",-18.7924881295,-16.6323119718,5.24936461277,-12.3214952686,22.9611352712,-11.6280106924,-2.0728809623,8.62657344294,-3.8168857972,1.83027624359,-2.08876161755,3.62405873164,-4.15246140991,5.78513240413,-5.9101545792,-5.77993530652,-2.2855295232,7.47164169383,0.509662319591,1.874210781
"2/4",-12.1992750804,-41.0376385802,17.3188646946,-20.7890373871,-5.4406339793,19.6957635893,6.11412592797,-4.18730569662,-2.19685271278,13.064088545,-1.68975723335,-5.0664146294,-7.17169071341,-6.78300028558,1.25042883802,3.3942813826,1.72380790438,-2.09864399325,3.33257332531,8.26896348145
"2",-28.9461526329,-13.550189179,-21.4443308052,-0.703229972151,0.117798704247,-7.28387376433,-18.96305948,-13.6222852574,6.01003888959,-12.5460844093,1.60042476732,-13.0877139553,17.3258469029,7.07496207447,1.52578655886,-7.44277570304,-12.9540381742,8.4052248789,3.93523202495,17.2047746424
"3",25.1488498773,-20.7924856639,-19.0019548539,7.57934641828,20.3633344108,7.28629055253,7.53793238492,5.64158924493,-1.98483955481,-10.6424920261,4.68265972454,-17.1555150134,3.01102318028,-3.06230665732,-8.90515402404,4.64322050544,-5.99272113326,0.415964827845,-2.40592079482,-11.5150180742
"3",30.7958682952,-27.4439798547,-27.025657948,18.9918018126,9.59589358106,-5.93188506752,-9.6351818155,-11.3051637314,0.829806283889,-6.0511289981,-3.88042881389,-10.8190626572,12.7224643073,-3.90186976743,3.02648698948,3.35102714513,9.90222665321,14.5861681454,5.63109735897,10.8886204673
"1",40.6748532058,66.2771951077,-38.2322483708,-2.33679428059,-12.0008559053,-4.06042859326,1.64263367051,3.93089017118,-4.15994298262,-0.663443002599,-4.79473427632,3.60352062274,1.08426222891,-3.91992568081,-4.53704649655,0.0731927838678,-1.11989810182,1.33086447736,0.927413639125,-4.80605933488
"4",-3.66108938412,32.8655073448,0.461744437348,4.23604081674,-18.9867445835,-7.45923419626,-18.8937739894,5.79735944699,2.59321482228,1.52963259097,10.3844140782,5.52117501925,-4.74262421702,4.13073371803,-5.5781547863,7.74194840652,2.82142705599,3.60487237344,3.41178523194,-2.99892146739
"2",-0.549628974008,-3.3581639896,6.85692335095,-30.8636046148,32.0432541589,-12.0171306465,2.09487018618,10.8586919487,-0.847798994866,2.33047891578,-4.76447507316,3.90916927887,-0.900924321836,0.878987988498,0.602020152343,-8.44068620103,1.43722526964,4.82910939168,2.70316793481,0.425002144126
"2",43.1878744954,-23.0588066095,-7.14028177664,-20.3182578428,-14.7807724525,-23.0199234919,-2.00710805381,4.1966383621,9.12881986585,-3.06253721067,1.10972815002,6.84936550724,-4.71314678698,-2.14673125549,1.77540136035,-2.80263212434,-2.34458835957,1.16693770653,0.724088349871,-0.32503369133
"4",-86.3236604736,5.30412622407,27.8031838907,-13.6073469157,9.60214952365,2.40425521862,3.99725531377,-10.1745820133,5.68451887683,-10.478327699,11.3178193536,-5.91651790939,2.6949447186,-8.34272871324,-3.05870179713,4.57072024816,-0.146038791562,-6.51887647502,-2.30924351158,-1.5286214828
"2",-44.8049682354,89.2909958086,-12.9195115921,3.71286415252,-6.61500307591,-2.79762325445,13.6182475133,5.49451974628,1.74255696707,-5.65274091539,5.1971224901,2.38832517065,-5.45967987164,6.66641236151,-2.59063249393,0.106618423427,2.06111819633,-2.57710362293,-0.409614352036,-4.2640226621
"4",-36.4546264124,-35.3280688994,6.28579607932,12.1310081657,-6.17126833228,-11.8191857467,3.06376512244,-6.79707614129,2.55565724774,5.83652825389,0.741598120727,7.70191874888,2.81930909666,4.68366887773,3.28080916429,-2.39809783353,-3.38600175364,-0.494725097364,2.59664101694,3.51656323558
"2",20.7243609178,-22.4829825919,-28.6821830428,-20.6339217561,-6.14936008662,-6.96632971461,4.91857305097,3.82317690471,3.21873135398,1.52021378984,0.106259682139,-1.50703146959,-8.54424283294,1.7114316598,6.18215001933,-0.194978147832,-6.43090616346,3.29458516462,4.28689268157,3.37343040007
"2",-16.5674994178,-29.4984395744,-17.4475531587,-22.9157518258,-15.4505360752,0.27888369813,-8.81366751831,4.86234631833,21.6067676079,-3.07173008217,3.42158552928,-2.7751145964,5.48829232219,2.21966376615,0.67750685073,-7.01993989711,-4.45799699659,-0.891285083542,3.80314454861,-1.05300317469
"2",46.8151312664,-58.69917255,17.660839573,-27.0272918177,-14.6743699097,21.8746947833,5.28419088245,-16.4667979682,-3.66136099959,12.7484458994,-7.88974991224,0.770988853783,-7.03158590836,0.598422705643,-5.65909343609,-1.06767527776,3.53165267642,1.22008310201,0.176521137901,1.99937351667
"1",-7.51765720628,81.3765721983,-22.1379030198,0.0259816749725,-8.05528975977,1.90855086961,6.78341178916,-4.56388301708,-1.12333801063,-14.1388250828,-4.29523731732,3.60340301567,5.54718938388,0.481189630325,-5.71365400132,-3.55660708046,2.93300686665,-3.60067493303,1.97726553214,5.53966732164
"2",52.3355427369,-51.8205843116,0.846405933938,-23.7038980838,-14.2025403654,22.1532679701,8.32038876816,-9.86115780306,-4.2556497485,6.10601890803,-2.0959645194,3.62616315828,-4.16349359778,2.20130045742,-6.75666825432,-2.16599816941,7.13514832353,-0.859101943735,4.27064480719,-1.8718784818
"1?",19.3063526848,29.6556052681,57.8066605051,4.36918513212,7.0947161387,8.65429848237,-18.1952462612,0.060657059196,19.3691420037,-5.09947011496,-9.1277248642,-15.3698796186,3.06487373215,-0.394481651555,3.97126755022,6.5244097777,2.08837470859,-0.240662590542,-0.700020219484,-6.42111846517
"2",-38.466007806,-33.6979103345,-18.8041683045,17.0642161904,-6.49166408459,-13.3892496092,-6.15010681753,-6.80096446012,-0.440252604363,2.06078845101,-2.94401101905,-8.58374446173,0.978325516029,-5.68244082943,2.44645771262,-5.02531419871,0.236270087104,2.18443171049,3.81506261904,6.79381116203
"1",-26.6101302645,94.5147334969,10.1740377654,-11.9096232667,4.81583002382,13.0616011232,2.09603033742,3.54678970238,-2.49860968671,13.565868687,-2.86537918595,-16.5349347547,-7.15030562406,-8.49575324626,12.6441275891,-11.1250509865,0.907137866438,-5.17839719866,-4.92534121478,1.61924103367
"1",1.92541366618,51.2620935364,-17.6716808687,-13.2798212754,4.15785617557,0.16418966908,-23.3403811391,-0.0553054917928,-11.1729140037,12.5927533674,7.60170692752,-0.161401181359,0.945838882245,6.53152075373,14.3070565868,6.1552151619,-4.01784772881,-6.21526973709,9.53522377485,5.03701168972
"1",33.6062832375,53.9316875335,52.9662721249,4.59234805613,5.70155605431,-13.4707290796,38.3516742214,-5.06963099267,11.6265585873,5.12105695895,2.8204432661,5.70202793729,20.0907074648,-1.74608185299,3.24200443391,11.29393162,-3.23742292974,3.2062081556,1.17307010353,-8.81570135667
"1",69.8693845338,43.1414899417,-10.0273337307,2.95154558722,-6.83945708554,-7.16731804198,-2.1811038724,-7.70628950173,0.322690928654,-9.78023549954,-5.54152855178,3.25735640229,-5.99029912139,-0.949572245013,3.13444548614,-2.73711424693,-0.938807022334,2.20972881204,-4.76911556758,3.58260632977
"1",18.8376356304,50.2839160448,-8.10451795078,-11.3676991293,4.25888701695,-9.29621792121,-19.6498885166,-10.4975215961,-11.8104963029,7.74419944044,14.5003631037,3.59892260791,-17.6850945328,5.89612100599,11.4074739904,15.5867244269,4.52638958844,12.5064719054,-4.91223407385,-2.15569694026
"4",-95.6746785332,-11.2973596873,42.7057026886,-4.68889699766,-17.3056047027,12.3947077819,-0.365232182188,8.96984810559,-18.8631268741,-12.3823348456,3.43530609037,-5.31409974038,1.09185027836,-4.63378961325,2.99068179309,5.58170556101,2.58934095184,-1.76939821234,3.33304139962,3.73191404857
"2",-83.8478318865,-17.3431109939,-1.11399571572,-2.35930704952,1.34979113029,-13.7162732966,-3.53615000623,-14.6496584039,-4.66435253149,3.66688619046,1.60588202466,-8.60971834148,5.26807737364,-0.808701949635,2.28738557827,-1.35904610826,-1.68972785024,10.3817596685,-0.572016165174,6.13550043621
"2",-32.5974873992,16.8075469142,22.0266005317,-29.6944981045,24.5248201329,-0.00558827475315,-0.951731604327,10.8864090711,-2.45354501145,-8.38689993311,9.51922152811,5.7756521533,-3.66760738268,-1.31076084317,-9.11505099381,2.08578753152,-3.91202135161,7.40920084447,-1.85812886584,6.25969915684
"1",-48.6059106143,77.398356599,-22.6258367823,6.56361657156,16.9142751158,9.98704548429,-31.5826205609,10.6029175038,6.68765003936,13.0517771083,-12.2756181533,23.2183923756,11.6748411508,-11.0544200508,-5.62975645707,-3.51522034113,14.2180995216,14.0072390739,12.436565183,-6.86431805716
"1",66.7398847313,33.7977219934,10.636516873,-6.81619613159,-4.59270779777,3.07387773984,19.0036485257,2.15892217085,-14.245386371,19.0273420524,-1.51041969629,6.19856928793,3.97771481297,3.41282801735,-14.1971227702,-7.05169220045,-4.69592464699,5.42384698353,0.859734957515,0.247464767219
"1",-36.0935613959,64.5028844597,-14.0562166859,13.5632305373,2.80524856837,13.5920014254,-16.2311223644,3.23856924127,-1.37995856225,20.7324127166,1.35748696602,6.59619226194,4.39303056376,0.49840459709,-0.167006133057,4.57898170109,-4.2863388629,7.96462250546,9.43529420034,-4.98492538353
"2/4",-8.24439811419,-25.3551384933,-12.0498260639,-31.1970031511,-13.0943880615,-10.2192163658,12.0020193836,1.82698860888,-2.47394124567,3.73161389242,11.6253604108,1.17242118743,-5.4741328844,2.615724883,4.96874781174,-1.74449881749,3.27248014821,5.18578357525,-3.83416349386,-4.82682972827
"3",25.054769452,-10.9755695168,-34.0530473605,14.4226542626,-4.20488990288,16.0483267456,-9.8363304098,4.6610553527,-3.08588261491,-9.10758538866,-6.22753346419,4.58944272044,5.25322083054,-0.168875460319,-4.66631280226,12.1805351818,-5.43194973452,-0.0651589796465,-12.1679273812,-1.44762494501
"3",22.405780818,-20.5200534109,-16.603912181,3.40589742,15.6867313888,2.69452016087,-5.0466911112,3.5035700807,4.857229303,-9.91370095324,-10.010098093,-8.4875707409,-1.47023846106,4.56949430338,-0.255562607182,8.84655977341,4.39641346885,-1.34356835366,-5.99325201074,-6.18939040584
"4",-56.1107444828,-25.6849996728,36.7263358983,-3.122224909,-22.0993063595,1.39666107864,-4.68804309467,8.64481052846,-22.6197674145,-7.70515281177,-0.57745851783,1.91772141851,3.54201105809,-1.98700354954,0.80573200819,2.70779978595,-0.772750623627,1.96240226599,-0.536417762917,2.68048636361
"3",-29.7622397816,8.072709203,-42.3993471412,6.36927039281,8.76040303583,8.15214086858,21.6971587141,16.8021275578,-4.77449927511,6.38197536178,0.685736754574,-7.58786721172,2.88712614988,-7.86951814381,-0.832528243396,4.18393358907,1.06355166964,1.16554175913,1.9060386591,1.54532088868
"2/4",-37.5409256721,-6.83100089103,-23.6879538342,-23.6860947131,-4.90958370253,12.4220105884,0.889192825852,-0.326817215625,0.593060755437,5.56220198709,-4.95329275336,9.44750197016,11.5136998109,-1.85510375613,7.70664116289,-0.221786878946,1.26209254914,5.16989686822,-5.94252681036,-1.14291484731
"4",-79.221274303,-2.92194164172,20.7839779582,-5.12211317651,7.25319596162,0.449189121479,3.04734124932,-14.2703533357,4.93802689751,-5.09017869715,4.17799424641,-0.238691322084,5.55896840265,-7.26955240699,0.659566381155,3.68231058879,-6.19316325432,-1.33472542122,-3.51737310466,-2.33060971524
"2",24.0247914188,-41.4989239531,-15.5425752594,16.0217313339,2.49030549659,-14.8539230131,-1.00052548274,-10.1050088014,-1.49525068972,-1.93066926134,1.57355941021,-12.4705215315,1.92285551792,3.36052356512,-8.66489299031,3.22604694031,5.32651139752,-4.52237599549,14.0481742519,0.606824245325
"4",-19.2376967891,1.58236791739,-13.0836567538,5.33860212735,-2.67986606888,-3.70595850861,2.12461084942,-4.48929766885,6.26776087618,8.54126389234,9.44208331837,5.84289432207,-1.99910588875,0.288167206338,-12.9978904893,0.896242748868,2.09413314269,-3.19601967085,-2.44592506412,-7.77991890469
"4",-85.7580934282,-17.4108948614,44.2469825001,-3.88978564017,-15.2599190642,5.35633742757,-0.941445051328,5.16740074933,-23.1843407537,-12.2761863083,-1.49119042996,-2.62785147742,0.438769350002,-4.68330485694,1.26254488348,5.25141022229,1.92748201739,-1.95701212079,2.60600529071,-0.765896179121
"4",-34.9755507215,5.78653091392,25.3942688439,-19.0034887636,24.583899404,-5.38466384959,1.41047193421,5.20550323857,3.75994321527,-4.46267964052,9.44002195177,1.73456813229,2.1549148286,4.5383700652,-2.07902086712,-0.0778666684471,-2.61431515984,-0.315284662198,0.282493550184,-1.8800980606
"1",9.90883771522,68.3880174824,2.95705035877,16.9252054813,2.19721137442,0.549533008586,9.13445612675,-4.12877985352,20.6116718536,2.75873487007,2.89304967813,-5.20513723739,8.12723148496,4.48197381457,-2.09150263945,0.665634214317,-1.44382631856,-5.53622243188,-7.05023213633,10.25184062
"4",-47.4797717427,-24.5172981458,49.6301751381,-4.39780155493,-18.6286120943,4.11653558729,-4.18765980815,3.75714687249,-19.4685774219,-11.1454179686,-0.388568822854,1.80056283665,1.50467419474,-7.76573945873,-1.33259623896,5.85958511885,-2.70162503937,2.86903584807,2.13822214386,1.80276784333
"2",12.1510684258,-38.1428048254,-16.2675890701,24.8283109221,-5.09942857335,-18.1900619526,-2.58370942794,-9.16930684076,-0.822359531569,-1.66228695792,-5.84587958482,-7.28216303712,1.35851036521,1.41992646586,-5.38307559331,1.02938622889,-1.18339669849,-3.32078042317,6.57495752444,-0.136643224815
"2",-37.4615495565,-31.3907286062,18.9592295461,18.4895777201,-0.63758255774,-7.36028464872,-8.02042653046,-6.52651124996,7.27841367081,4.10740059027,6.8395876357,8.39677799106,-10.4485227013,-6.72984950631,-2.73289697757,-1.85841057243,0.606012904916,7.43369798087,-2.44675510217,-1.46042195218
"2",-2.98914881744,-31.9667012581,-22.4772965033,25.8851228175,-4.54493651613,-5.16698126185,-1.9080314016,-9.74992311245,3.22941298573,-2.19017155117,-6.65779130687,-7.03599940468,-5.19929041846,-1.57376567036,-5.02417616064,4.44391682728,-0.50390101037,4.01510328365,7.02016399058,3.47126867461
"3",26.6488248143,-21.0815511675,-13.9237850986,33.9560392487,12.0148659481,10.7490482851,-14.099957275,-12.4826589621,-12.8237491805,-5.46251140506,18.1239881227,6.1267270164,2.40396554536,-1.31737188495,-0.35806602162,-12.0409651191,0.72649425529,-6.055758764,-3.50214869996,-7.26774819
"2",14.902459094,-24.4087508816,-32.724183403,-18.7138908697,-5.80636384053,-3.85760796386,10.597575709,4.50843511652,-1.1226447345,5.71593957748,0.63079478055,-0.268969913414,-4.77163697968,1.02196675972,7.45033844181,-0.43077004286,-3.68330257188,3.79702258149,3.61841556386,-1.78764404023
"1",51.0512551746,41.602337125,30.6244242789,10.509930346,-3.69902919483,-15.9306410543,8.24764047514,3.89971015979,-14.8908440073,-19.0273863516,2.17039067757,5.55822741986,-9.46461390872,17.728447943,-0.441730467455,-4.82718755839,12.1708536848,1.12542490798,-3.87566913482,2.5946294803
"1",-15.8205504765,96.2297819679,-14.8697288073,9.50125124146,-1.41080920653,-0.513330845364,9.69368786325,-0.439191123739,1.86294695878,-8.6420884152,-5.38426613763,6.14860852011,-6.24212529809,2.81681290117,-0.763192760436,0.699869039466,-0.612395629171,-0.37106386634,3.20843667616,0.150054791388
"1",79.6374105725,31.4688859292,39.0779841947,14.6179420997,-2.09666003842,-23.5772011094,9.63072107398,6.3969828132,-17.9885734955,-19.6985086809,0.0972476662877,5.88477174035,-6.25168552048,11.7238955982,5.23418076163,1.87830025067,10.0039132484,-0.404286329226,2.90645652648,2.86212713769
"4",-4.49477712141,-24.4067248669,-17.6792895317,4.21132708008,-12.9162599907,-4.5749236486,-6.99873093247,10.3347015415,9.8343833036,-5.11910911419,-5.46803609956,0.104307663441,3.98083721642,-0.634231303488,4.44790503929,-1.95283945656,-0.877572646969,-3.39648498652,-3.33471102264,-1.45641675826
"1",59.1021845301,50.2731218736,59.9807426817,-0.398727609484,13.4935475764,-5.00090496955,41.1067138953,-8.94983233888,21.3732472787,-3.18573119185,-17.9701858638,17.5988997655,27.2745583751,-3.60352246484,6.6132806022,3.39239733988,17.3786419118,1.36218486458,7.11353902441,-8.49861609333
"1",62.5900361183,63.5212881551,-13.2783449488,-7.80590408562,-1.14149265467,-12.4688229728,12.3803692418,-12.0710235394,-10.6059433577,-9.82419697024,3.04826237543,-1.98935083787,-4.91405125655,-0.168048224479,-6.07589788968,-4.57639616629,0.130809172121,5.96536930952,3.55269132384,1.37260583357
"2",47.5489457898,-40.5902741705,38.9604209072,27.4420857518,0.502793825601,6.57072057421,-0.572855517821,14.9251982659,2.62610177357,-0.614887063767,1.52670201667,2.25349547433,-5.30033525372,0.0231472152749,-9.21050464575,-5.91105023644,8.39074960528,1.95614121397,2.63195719786,-1.9750809732
"1",51.8498822395,11.7727703104,71.1778084133,11.5252517848,-2.37738238372,4.22588416911,-13.9506978711,18.6680385443,3.71286879998,4.46603667605,-0.757537409518,-6.8145841454,5.51858157866,13.3888109791,6.50118211085,10.4220507538,-8.61015303328,1.18805154123,-1.52379244584,0.978426480172
"4",-86.6125720108,-7.62886097902,14.034917403,-3.58385817686,1.67443232557,-4.36012330259,2.45350464348,-13.1009128054,-0.875794466484,-3.9884128657,2.53699728565,1.69536854741,5.48021725392,-8.99938204685,5.62491713092,2.21229784021,-1.6852454892,-0.222667674225,-3.81661361759,-4.93918161342
"2",26.7021084224,-46.9234405739,43.7007526706,20.7840306168,-2.63057560977,0.203689784882,1.42372351666,5.92033827778,2.66220525994,6.60184643104,3.49644781807,2.50476632448,-2.51975324692,0.991236841418,-6.77102891047,-4.63419817186,1.48596127403,5.56202784867,0.341832634387,1.12419412184
"2",63.651899994,-43.2705563139,-4.45625799177,-21.4252412766,-10.5615295133,26.824042879,0.740113411668,-16.7436978488,-9.56302144462,-0.675349036427,-1.04323333528,5.0234011625,5.24194404189,4.2822528204,-3.31865875127,-7.50089756332,2.16238427662,-0.84772581902,2.19578876063,-3.00001291083
"2",21.0679665922,-48.6110458226,67.0082168601,17.9813213945,-4.62239272776,-7.98379909579,-2.04822299085,9.62234017453,-3.26230934024,2.28443852949,0.635928983927,1.63855664385,1.84736642584,5.67862695992,-6.9579351201,-1.08423998587,-0.122379652002,11.2035517618,-0.0167327625654,-0.597516295201
"1",14.1780715812,56.4583201058,40.2197732425,19.7339518067,-14.1724332504,2.48799855952,2.66021997581,-2.93226095316,1.59391595837,4.26189582165,1.23170847304,-12.2107346715,-3.21155221474,-1.92750023705,-5.51597161411,-5.61917757488,-10.9847142665,-0.102509170715,0.964517241978,-3.11094064688
"2",38.1534434391,-42.6276002338,-0.364384647445,-22.4516385253,-9.4220366508,29.2368186455,5.16347116396,-7.19951602286,-4.79696901057,3.94600629236,-1.18786339848,0.220031116898,1.60875926703,-0.859069721803,-4.90898059295,-3.02355381101,5.66396553323,-1.30679312551,-0.400146462154,-1.42913221306
"4",-90.068640261,-16.9619020732,34.9557080972,-3.92767184227,-17.2519336844,7.45516983928,-1.66321118518,5.20093274947,-21.3397042556,-8.59068459878,-3.09978909787,0.233905370485,3.84400205107,-1.07158792582,-1.64965481533,5.01450195785,1.38190939089,0.338760356881,1.10905555851,0.525302947985
"1",30.5003482777,64.6032666872,-12.0636117819,-15.0646647616,-10.0319400821,-8.86321591579,13.4141615744,-12.1678436214,-6.52813591234,-5.12450520311,-0.529851984454,1.10472124021,-3.6234448711,-2.19350480145,-7.3601398051,-1.72596098156,-2.22321720259,4.42596230099,9.12726179357,3.32533126148
"3",40.3773499786,-11.1239030686,-19.5459948032,0.684424390623,11.5589960191,3.12300231472,-6.03292758966,1.51425362836,2.53038389806,-11.800991922,-7.2828305586,-2.97420095411,-4.4942989453,1.51323370087,-0.0433649907725,7.71093160543,-0.358603684773,-1.12612525796,-9.10853137188,-1.92371320999
"2",-60.2552639628,-12.4379405407,-2.29831021563,1.2258403347,17.9860186763,-1.30722344134,1.64220811221,-3.10970051194,1.11607604475,7.85184130427,-16.4288274851,9.10971216481,-5.13203197419,-0.404467079337,5.25579543933,2.30160044232,-7.4957518809,1.97585107371,-1.57052123492,-0.440422811757
"4",25.3821901202,16.7407500468,-4.02710498924,-1.72309000751,-0.879993422905,-14.8902925389,-13.8735643793,-5.09751788469,3.40271582237,-4.46264488397,0.900187182349,3.39589634638,-1.32359422449,-3.35751426758,-6.68205546503,6.2115581368,-8.59319879142,-2.07512696066,-6.58197368626,-5.71062970559
"2",20.7068106432,-27.6923329902,16.3514116763,17.4595425439,8.22726024635,-1.1646027733,1.33192027271,-1.77457771995,1.30692034128,-1.86303421794,12.5573938434,3.06154187187,-10.3451023853,-3.66989057097,3.65183186232,-7.77246984858,6.16057583485,-5.14598359333,-4.43906633238,1.96964112531
"4",-40.8265726684,-9.22226811962,-1.45204339855,-20.9851177762,-8.21777867907,2.13911293802,-4.46387534165,2.04279416921,9.77677759409,-17.4906508025,14.0246033892,-6.44213774162,7.01303266741,-1.63286580301,-5.35625567898,-5.41632228196,8.31634952894,-11.1234916379,6.18744054793,0.253698672281
"2",28.220040497,-21.0100063971,-18.6364887769,-14.3666434287,-3.60637009782,-15.2809599952,2.68547186093,1.88865804504,6.64575249941,2.52488396748,2.60070069732,-2.10954100796,3.64931258987,3.06129449841,5.27098997604,-3.66923952546,0.297135159216,-0.139192866204,3.6852621434,-2.4451623032
"2",21.4146000896,-45.6096656239,15.8159398362,17.0014663808,-13.289569668,-15.6666578522,-1.80034107892,-8.47610107746,-0.613929006963,11.4428022567,1.65835174597,3.8580366484,-6.69121781005,-3.45381493453,-4.00615582085,-2.59886326281,0.205560703054,2.02760711316,-4.67809266439,-0.371114509406
"1",22.7413296256,-8.54147089613,-2.95128826987,-4.26607984471,-25.9561094337,-19.6743896701,-11.2490333579,5.847123176,13.6626615119,-3.61919173619,15.4162062362,3.43771846498,1.65628094773,-5.82941306706,-5.80020301878,3.14105879519,-3.07745139716,-5.76586690233,-0.238440229769,-1.70199107181
"4",-24.0872406348,-26.7845885457,6.58694675586,6.26741110351,-24.7245698458,-2.4756926167,1.83847515867,23.8976178271,-9.30938779286,1.26897071254,-5.12456688373,10.8812622934,7.63774124056,10.6760734072,4.4585710154,-4.53134800245,-1.20774693877,-5.02957866834,-1.69824909574,0.467004266935
"1",0.343938500288,35.7711319535,-6.0324047306,-2.39850710919,-26.3597532484,-6.16098329152,-11.7458916861,-8.02044793396,-5.91655653241,10.6752581435,9.04419813106,-7.10373901739,8.31790813972,13.7787074837,-0.542068536514,4.68254565339,7.54947468436,-5.2579644869,-3.29781443629,3.78364689031
"2",-57.4500048299,-21.4108812632,5.15252965732,10.3799797647,-2.36507943699,-10.379471788,2.0218810486,-2.99005340296,6.53336117255,-0.223885721109,0.105786890268,5.60466794176,6.32425582578,14.3987456565,-4.25417899443,0.890323455946,0.811305570291,-3.6138570318,-7.19304821367,-3.5075830919
"3",53.0624809325,5.67685189706,-19.959943873,9.21234991761,17.2271997934,13.7878559885,-10.2920810736,0.140491234223,-12.7247870783,-14.7872519372,17.2771197693,5.89361752958,7.5592924072,-0.537050338667,13.5108437982,-9.02303213286,-7.05354850823,-2.87154823748,1.11632263212,-5.44890287126
"2",51.0059428832,-47.4508749249,1.93725070993,-21.9289667872,-9.64687670638,26.9135895436,5.27884509314,-14.8546961054,-5.9052854364,4.43185186561,-5.56512662542,4.33182585684,-1.80688875719,1.32614955426,-4.6352920263,-6.18423932892,4.18883473047,-1.1202428063,1.07572595472,-0.990104272836
"2",-71.7455676802,-24.3825215379,-14.7173199082,13.1756847436,9.38993221857,0.985381376203,-9.60595242401,-9.95205876627,1.08375063675,2.98593341622,-4.08940322353,-3.7107858864,-6.77159991575,-2.20151613071,3.98847177407,-2.95105230976,4.53079595834,1.23044162758,5.23573974896,2.73032265816
"2",-10.559918211,-36.731500206,16.1804907145,22.5200015128,-2.84396043034,-11.7276556667,-2.38963129109,-8.34524486838,0.657719459927,9.08643605244,7.75283060479,1.4301772766,-9.94200624931,-6.86637725554,-0.203118721467,-3.88725512574,4.19772637813,0.555885884225,-0.553015448535,-2.82189106807
"4",4.48947940695,45.5915266662,-12.5520297767,-4.92025505133,-7.39656523891,-15.3103599494,-17.5196428443,2.33446729255,-5.78275534038,5.06119861736,7.35737973835,5.44413573366,-8.78137346812,0.377098383388,13.4978418089,5.2563744338,15.094936987,3.21198738157,-2.74723345895,-6.43818479604
"3",30.4399356183,-23.4143259481,-22.5317586559,-14.1927724403,44.1092430832,-14.0653290317,-8.48274178638,3.63955064769,-22.1649556343,0.958134489757,-16.213389065,-6.50478644425,6.60418321256,4.47750578295,-4.36547008111,-7.53524678158,-1.08883268541,-9.4788696219,-8.39256350421,4.14648742711
"1",-22.9208477577,81.4960128646,29.384921295,7.29619218682,8.34342930861,7.78943213025,-2.72267302445,4.51655124737,4.03376285026,13.5369339443,6.53870392348,-8.03157373866,-10.628290792,-5.74240636964,5.33644629678,-9.16063774816,-7.49266001908,1.95263709444,0.353176100947,4.31925507526
"3",-33.605763457,-10.4175785554,-4.12985791836,-11.2998809276,30.1178536248,-1.95389878609,3.85062383064,5.66643313805,-0.651398654958,2.4819567921,-8.20944239821,-0.20931330745,-6.8808810317,5.11099651534,-8.08617268132,-4.77186005384,-6.78350782208,10.8018068639,-4.0378178042,0.267570620093
"3",36.2369094747,7.21189628351,-22.4652069738,12.6335188536,17.7430081513,21.6628431895,-12.6372654151,-2.34094564445,-8.21779870058,-16.910300561,18.3458390285,6.29673223179,4.20319544062,-0.445199468133,17.8298046564,-12.57346219,-5.20667398474,6.88041835957,4.92168443123,-6.25273473731
"1",-32.1001580442,77.1375437891,17.1283707572,20.5765713465,-17.6438597689,13.4831293402,3.47522838184,-3.88443945648,4.1076753011,10.8185154811,-0.399666663613,-14.6238183969,1.35151789048,0.86158930969,-4.52213719988,-9.47353013023,-2.62871007915,1.84406802778,-0.984774916778,-4.94623605363
"2",-13.2556674496,8.1616474712,14.7189645394,-35.0392976571,19.1646466971,-8.96129166866,-11.190165174,2.28723301584,12.1340125762,-10.9842898544,3.67977664001,15.3222914561,-14.0391100806,-1.25463365583,-5.59076393551,1.17896874012,-17.3474476325,-10.3794399626,4.60579180872,4.79634502527
"2",87.3625269326,-29.0837029387,58.4988659682,-3.24507453211,-5.28819355688,1.21088036643,-25.1528199172,3.9149825726,12.4266640419,3.14405589176,-7.55270546724,-9.14247695877,-1.93499542704,0.276156809584,-7.58086120014,5.16908823277,-16.7431003827,-2.71022128777,1.00423647072,-1.52055274401
"2",3.60325745064,-20.0510476784,-7.34143171105,5.28012514771,16.6601556024,8.56187707306,12.7934995709,11.4342462518,2.45471059707,-6.14452012021,2.30916561651,-17.4426518155,-3.23882022488,-5.52598693848,-9.33492772608,5.03599499418,-2.8785794455,3.7761097878,9.20143622565,-8.45770010614
"3",-25.268516827,-6.11744084073,-26.620018945,5.5162152075,0.662632152247,-12.5284427173,17.1352088429,10.4603237913,-1.46520888948,4.51617845359,0.264493520849,-3.3135959692,-8.34753655428,-10.7637516712,2.91504489479,1.49773731174,2.18235909442,0.885020922954,6.40443809508,0.04755579734
"2",30.3563231409,-28.6698644326,-16.517726289,-22.0040096092,-14.2233928528,-15.5419776943,1.39988260479,-2.22972146317,1.11545085563,4.16997065331,4.71019474948,0.219487209309,0.642892087498,3.90294698339,2.79488762943,-2.46573808619,0.140456810534,5.27617124966,-6.04394171822,1.77753649477
"4",-55.72487158,5.95141446323,28.151415895,-35.7942849281,19.5236281577,-8.89817502356,-3.69957723419,-7.63660862085,-12.89183621,-8.17292343847,4.05058024057,-10.8181959038,-4.87144965484,-0.816865516534,-3.85524373936,5.51023945004,9.18048881695,2.2288546323,-0.0679400694446,-11.9907740478
"3",-43.6231997702,-29.5634919287,-28.927085184,24.1666326708,15.0906931286,11.3486774063,-16.2699676279,-16.4425377814,1.06917636651,-5.26152761717,-3.49291729434,-4.09209741845,-1.97127881214,-3.39524727535,-1.02572072039,8.21693018599,7.39986044427,0.203696705022,4.91713259246,4.43675460053
"2/4",16.3952751737,-48.8988240844,28.5291844159,-24.0109799699,-9.87297591099,6.58361188217,4.10165378921,-3.37107570002,1.27553121064,15.0874232843,-3.04784116492,-5.58677410258,-0.857447501331,-1.41518562378,1.63551602619,3.63962571838,0.962410071097,-1.21110083027,-4.48012310007,7.86100720326
"4",-0.787853629367,-33.951916729,-13.6916377763,-1.78873502301,-14.8851029489,-1.98262026315,-5.13734415531,6.97625358753,5.92844535698,0.393026500787,-6.96372866409,6.26655266063,2.57757974413,1.93381996336,2.0896770282,-0.805258488061,2.34324033575,2.02636872579,-5.24489868006,-1.41446754708
"1",12.4886209974,48.5930347859,12.7722594651,1.53492257428,-0.610085802557,-0.624767423702,-0.620692490198,-13.7457653031,-1.81977284399,-11.5122006349,-0.727346656698,3.354490984,-4.93025533109,-7.95628056311,2.07406667677,-1.14926187863,-6.94522245955,-12.1559075227,10.0881681383,3.49816325837
"3",20.7918162245,-36.6748876963,-16.1625149487,14.0623819447,-5.97755672432,-8.76178823376,3.36929548737,-19.3244409843,-3.04600505573,1.13148691233,-12.0861515518,-0.652719317627,-8.1870041107,-6.8419232671,2.25775218392,2.50901776517,3.22960012033,7.8316319435,0.322038824509,2.68982175089
"3",-32.6647338024,-13.9589987871,-27.7436749518,5.10265253353,2.36386178096,-1.36331877634,10.7987904773,13.0229806093,3.72415060807,6.6879046021,-2.82625531094,-3.02075577115,-7.26559397582,-5.88105848678,2.86309320961,-0.945673405073,1.70040520033,1.10829228787,1.3506685727,-0.193825326255
"2",-43.3456691553,-28.1442970233,-7.08405965734,27.9061021251,-1.51667307447,-9.17731879612,3.46070715441,-7.92846581984,2.46244819715,4.76048984703,-4.68983408188,0.576561105125,1.21647619944,4.52420016593,5.84512059109,-2.31669783606,-2.30488020448,-6.2948646821,10.4643847234,2.43012596869
"4/2",-56.6151967966,-27.9672229252,37.0157216814,-1.69482841396,-18.5644058953,3.20635694289,-1.88195571212,11.6061880624,-18.9458516141,-5.5487881533,0.217826525172,2.98850343974,11.9143566153,-2.72178123635,2.07832105498,1.96192035554,-1.95598174708,-0.592028474379,-3.65087272089,2.84796170135
