"1",-15.8084577371,96.2295560722,-14.8729884928,9.50088921698,-1.4110715159,-0.510292177943,9.69521980855,-0.439433476061,1.85893576544,-8.64287401078,-5.38371904104,6.15716555193,-6.29423027761,2.79779633284,-0.664523874597,0.860377796927,0.0750786468387,-0.615190782811,3.83573110289,-1.01576189375
"1",0.346642915779,35.7698945628,-6.04511703036,-2.40219709965,-26.3629881546,-6.17169199294,-11.7450052473,-8.03181686647,-5.91308269745,10.6688315484,9.05779801914,-7.07458131894,8.43515693724,13.7076752902,-0.868582993186,4.3297326207,-7.2431882002,-5.3465913558,-3.17209786429,4.8946444604
"1",1.63013955049,64.3140335718,18.2277363436,-6.38762890679,1.04970435606,1.38035144967,-10.5615747112,9.4851418922,-1.20021830214,15.4176734712,-5.78704466909,-7.46279344273,-3.28167972811,-3.92421585798,11.8225547288,-3.81611530863,6.06115686272,-2.3439249629,-4.24245307205,9.98335867818
"3",-33.6046950622,-10.416326793,-4.12992003216,-11.299647221,30.1172453378,-1.95221773032,3.84963475655,5.66567914161,-0.651030893031,2.48227841933,-8.19890992295,-0.211605457885,-6.88953372983,5.10396712587,-8.08585914382,-4.49985713869,6.37878826285,11.1798454576,-4.27873326421,1.17815955115
"2",-37.4637263946,-31.3883471041,18.9602055285,18.489269113,-0.641657219849,-7.36280302577,-8.0167339788,-6.5152601931,7.28217953886,4.10080292584,6.8335371496,8.45167422203,-10.438660435,-6.79390443317,-2.71578773826,-1.80938410864,-0.743812408063,7.68698510977,-2.54983060832,-0.196840719447
"3",19.9291214898,-9.2007773091,-26.6579575327,21.1508689296,-6.91567211294,15.8394286913,0.880650470736,18.3479839532,-13.0459091893,-5.40815605726,-6.52959169838,4.55076579017,1.20242035767,0.0483931905282,-5.61334717883,8.1926175893,0.357761899814,3.70823491965,-5.18934589294,4.88044780861
"1",28.2745545339,51.2777627767,-14.9963846639,7.37412945906,-0.94514432328,-3.62538395145,-0.780643230425,0.262311891668,3.22374356776,-6.7034577375,-3.76052072775,2.99255579116,-3.21414013304,2.34793419266,3.91832609105,1.83556118238,2.51569400931,-2.51623164792,-3.07684982915,-0.266295003403
"4",-36.4498449542,-35.3292395908,6.28604641633,12.129742871,-6.17599775783,-11.8200858296,3.06575500403,-6.79260010779,2.54611554563,5.83810082841,0.732801469698,7.7056514212,2.82168531638,4.69914043301,3.332418319,-2.31345971398,3.38118766039,-0.454567668284,2.59759496246,3.712832899
"1",30.5041913542,64.5962406904,-12.0695802201,-15.0622963735,-10.0142215265,-8.8612305801,13.4200774583,-12.1762324206,-6.52286117384,-5.10875775612,-0.526225934094,1.08674544234,-3.63463675758,-2.18883468007,-7.2728737545,-1.55147600157,1.65331097838,4.3666772513,9.76431894194,2.31324251292
"2/4",-37.5371951848,-6.82868513318,-23.6704225298,-23.6751263782,-4.90614463531,12.4370906807,0.8959204277,-0.305851553635,0.577387393543,5.54911907361,-4.96648463635,9.44538428208,11.5804901004,-1.89260735071,7.55586327234,-0.159178752737,-0.860138809564,5.86078683123,-6.97441287713,1.28050424625
"4",-0.787115951035,-33.9523121206,-13.6891845707,-1.79008201827,-14.8838091123,-1.98265711751,-5.13377964213,6.97513208331,5.93534843858,0.389815509089,-6.96936041447,6.271115653,2.58716286145,1.89529446134,2.07258566121,-0.882721730889,-2.33007811081,1.64436853093,-5.49896214583,-1.13552355291
"2",14.8558301344,-24.387240594,-32.7320666483,-18.7209161231,-5.81101237925,-3.83767500265,10.5970631571,4.4992069976,-1.11095841043,5.71340262103,0.616927959098,-0.259576297565,-4.82904216095,1.00862466674,7.61617466829,-0.454476565295,3.6641868863,3.59908376933,3.58310434252,-2.74053833112
"4",-76.7953675062,-10.540732194,50.9737163474,-5.88838187646,-10.3869779034,5.60160777619,-5.00176999226,9.70409523741,-16.2291062695,-17.493940896,0.889398044311,-6.64719681001,-0.970659727432,-3.84919635145,0.310135401221,5.90912792422,-6.15087954301,-5.655201185,7.02854655255,2.68118185795
"2",24.0234422256,-41.5023443883,-15.5428312412,16.0210584798,2.48949375684,-14.8582053837,-0.998322455738,-10.1025899897,-1.49856296715,-1.93493682852,1.59051708556,-12.4609546306,1.95524979371,3.32983000183,-8.81148689737,2.84672242286,-4.41260220027,-3.64922771646,13.6668820705,0.803061593471
"2",50.9967281912,-47.4525398105,1.93039430524,-21.9301587371,-9.64424799074,26.9193259279,5.2632701412,-14.8603410068,-5.90083256908,4.43111385837,-5.56140384019,4.33915311819,-1.82810942105,1.33802836835,-4.53791488971,-6.20443574344,-4.39811721503,-1.38660828619,1.58178855817,-1.51827967052
"4",-24.0922490233,-26.7819092999,6.58038382193,6.26701868306,-24.7303619388,-2.47496224638,1.84383966203,23.897860797,-9.31524170268,1.26690884318,-5.11358141146,10.8720336248,7.65058595542,10.6550082384,4.47374575269,-4.3343206429,1.3291902405,-4.99698288023,-1.94713823011,0.600984669911
"2",-31.0780976433,-15.202247902,-23.6825944069,-10.9708376694,-5.74408046277,-1.29123617664,5.80981643451,11.7489647759,13.5691002769,-1.81433320841,5.45869439059,-6.65222410635,-4.51175711952,4.88453830663,-1.15146951762,-6.8368694798,0.900518336347,8.21213114821,2.1294462183,1.03228645484
"4",-96.7515651547,-4.67739698081,13.6151615329,-0.416904107798,8.19489073211,0.661066766596,3.52367211625,-14.6286654599,2.62028048942,-4.95795909596,0.474787304821,1.2124012777,4.4272331874,-7.73449027276,1.91256609008,4.51347530123,3.69032721809,-2.17826621828,-3.78353432308,-4.53918685341
"2",-71.7429366067,-24.3785038785,-14.7199334946,13.1721465443,9.39398815918,0.975099264885,-9.6082670968,-9.95456132283,1.08921368794,2.97952037268,-4.09919487112,-3.70271998549,-6.74493288677,-2.23886850637,3.94199132122,-3.06585646567,-4.185644229,1.36472654956,5.48613144881,2.89319740525
"2",21.0634102852,-48.611745342,67.0082661272,17.9789859706,-4.62568140891,-7.9855866076,-2.0466072686,9.62088781957,-3.26033417176,2.29035571743,0.626770342186,1.62993582185,1.74854835575,5.70748130901,-6.70654091192,-0.825115895321,-1.02389028362,10.5629679002,1.13701384197,-2.56892909658
"2",-68.7628456676,-15.7829134966,3.0815578386,6.03074660008,-2.32776534196,-7.07395896049,3.68310150573,-5.75344546818,10.3820251393,-2.62606119906,4.55290467826,5.68275450489,1.38743854217,9.10922232464,0.387830876367,0.132775085893,-2.28947095974,-4.49743586017,-5.51467291367,1.07263136472
"1",51.0392668096,41.6039541183,30.6236947663,10.5003615285,-3.7018651018,-15.9279757466,8.24777545884,3.90503258647,-14.8981501927,-19.0313585507,2.14553164813,5.55065361936,-9.5121504174,17.7324872142,-0.310394869262,-5.09114246636,-12.0186712924,0.761223337741,-3.2187491137,2.31242392781
"3",18.2992174392,-16.8993950287,-5.27478780791,-13.0139044809,34.3203084316,-15.9914264871,-0.927895917102,6.37542859063,-10.7967159208,2.37651862227,-3.9784229252,-2.90665416418,6.91717249815,4.88862621113,5.472743529,-5.34278715331,2.03196645611,-3.19067786079,-5.89471955543,-0.0193163236935
"2",10.0958075861,-11.9917961464,-17.8403573901,-22.7057823612,-8.07683403888,-10.6374033959,4.85154407278,3.06455276147,6.84191990855,-1.12054425726,8.92456471675,-3.05510490608,0.872642709655,8.54422773399,4.25525160136,-5.16973256022,-4.50282587832,0.719187743999,-0.992140651532,-2.64121046121
"2",0.504028821566,-28.0472025449,-23.9005624012,7.90693472327,-11.5584146281,8.33709828967,-6.15889055481,10.5459834298,10.0832174373,-7.2438031102,-7.86091835836,1.91977680685,-2.89125985111,-2.02103845647,1.39982033906,6.87821088484,-2.0652550234,1.39307596098,-3.2265382768,-0.439503627455
"2",92.7501973524,-20.654263694,34.6989907623,1.21512130451,3.6943737152,-7.24153201358,-14.4968778935,6.54839134698,7.45257007712,8.46724019672,3.6828890315,-10.8963052993,-0.475290163757,-6.65671097147,-5.84463656233,-1.55145970268,0.107852256002,-3.02027311588,0.756483839319,-10.0982440736
"1",-0.291407788129,60.1450016822,12.0171248631,9.54303510057,-0.2814858686,-2.38927843984,10.0396598601,-9.35444052688,16.8028936115,2.53654590579,6.94899986256,-8.34447877082,13.333102963,6.14211788207,-1.41813233546,2.28086998664,0.113800969921,-1.71433514569,-4.72552353134,10.1302046095
"3",3.30077452291,9.4185694788,-55.9606605292,7.71510189644,7.72377497298,8.74199037527,15.5940523589,11.1779067334,-11.2881941793,4.10266882009,7.15722997504,-4.3869427766,11.9817503869,-2.37436441796,-5.60416421418,5.52054130883,-1.14810533467,1.53024218454,-8.37407609134,0.100955850493
"3",26.6469321195,-21.0829224029,-13.922213358,33.9577817914,12.0102540706,10.735303216,-14.105003229,-12.4772619522,-12.8249656826,-5.46486307475,18.1230774823,6.14771626119,2.4182840718,-1.32941324962,-0.274167581232,-11.934350526,-0.510649175299,-6.05104840691,-3.8380869927,-7.21020816537
"2",21.4115935602,-45.6107377155,15.8145648597,16.9987661101,-13.2898087829,-15.669633016,-1.79615829387,-8.47623791213,-0.609443355002,11.4447797359,1.64809614798,3.8724561579,-6.68607289338,-3.4747525592,-3.93967721296,-2.4932603626,-0.74106061296,1.21019443194,-4.35998675156,-1.58918353258
"2",4.06811734522,-26.8828659737,-4.97316618652,14.2422280515,-21.6174144311,-5.41270544395,2.47497086348,24.2359120175,-8.40799862563,-4.06535853049,-10.2684996005,7.02897210287,3.28985961069,9.86522375634,4.024426894,-4.93620687303,3.23202950892,-2.54174140905,-0.550938964597,-0.739497448811
"2",26.6966609389,-46.9253508677,43.7015693835,20.7891106553,-2.63468263265,0.20192869374,1.42513216034,5.91779566813,2.66244492586,6.60234549108,3.48451794493,2.5076518998,-2.56027096846,1.00010265758,-6.56907173086,-4.67066415902,-1.8908396009,4.50338010506,0.749460300438,-1.21128018362
"2",-10.5456444993,-19.1167867583,-16.5273227462,17.4431215002,-13.1962288196,2.24634789044,5.84458152996,31.5542232595,-6.92031229237,-0.450448358575,-7.28803176307,0.961788197954,3.43773768603,-3.57557889491,3.56535768978,-0.30684818304,5.10210180227,-3.01101986724,5.64469119114,-2.41395172288
"2",-49.1905153614,-22.7053517033,-3.08820136239,7.90611214234,7.34850248977,3.50219284264,1.7629179576,-12.3695659816,-2.07461956634,10.8942027828,-16.1045789257,7.10965139222,-4.19112963812,3.24051715554,4.76329715185,6.97802868888,7.81533154653,-2.14860786776,1.5840946804,-2.55593300697
"3",20.7825485312,-36.6714430576,-16.1602969481,14.0558966192,-5.97802597834,-8.76108931952,3.36576374455,-19.3226843704,-3.04794295137,1.12225755693,-12.0793475469,-0.64973778658,-8.16422990645,-6.86500243276,2.24007827291,2.24886630433,-3.09741348783,7.23555673485,-0.130235068172,2.13400585562
"2",-14.7018012449,-39.4255132455,-1.58543590087,26.6706358153,-1.41733166582,-18.2401311038,0.104681672321,-8.21805298075,-0.787184638099,3.77110256223,-3.54715002541,-1.18598804029,5.56256131888,5.5950460231,3.0984284961,-3.42869028754,1.72277512979,-12.6845761743,9.89850801256,-1.67770822422
"2",-36.2056202869,2.23102984065,19.7617005973,-25.5462993148,22.7666484635,-3.90604617097,-0.156015083169,5.9484691065,4.29490009613,-2.98248527795,1.85253478616,8.78228702431,-3.27598726711,-0.772034265198,-8.05270359762,-1.49587438776,9.58579445877,-0.525262617212,-0.224942197279,9.36392228755
"4",17.5154535868,102.421234802,-17.7397491234,-6.9717748244,-8.43491585293,5.13771414728,14.226559905,-9.36265023151,-6.94566600559,-14.2910768606,-4.21561617675,1.33103526009,-4.5630650761,-1.90472876532,-2.13914047181,-3.9499669791,-2.29369316761,-2.27918179352,3.26518199909,0.891679678176
"2",-33.7341214538,-24.9041310756,-16.3612025317,13.4223915615,12.2599091431,-3.51281046425,0.291115673593,-5.50602041977,-4.07085423481,10.1156798332,-15.2519697533,7.68117870949,-2.19106266835,1.6743432407,4.63402129952,1.70859907434,1.84362714645,-5.78941013026,0.292847509222,-1.51603266406
"1",79.5945123233,31.4879855755,39.0786562304,14.6117780678,-2.0966003971,-23.5628727702,9.63875577833,6.39940345333,-17.9891141917,-19.708757292,0.0862369040227,5.89207036437,-6.2585952886,11.7084402212,5.20725435212,1.74299501476,-9.90602687351,-0.62279328331,3.50014768765,2.27438521721
"3",-32.657392347,-13.9608974673,-27.7485533339,5.10329840727,2.36174329101,-1.36106958242,10.8018253476,13.0175723367,3.72286476754,6.68761281547,-2.83065381051,-3.02101092984,-7.27864229064,-5.84591966189,2.88582629826,-1.01562534052,-1.59672776993,1.39443285548,1.54418676534,-0.22304380223
"2",3.61538954152,-20.0547698605,-7.34298585912,5.28348393068,16.6603034574,8.56570472711,12.7961264644,11.4356970502,2.45586956968,-6.1388103565,2.31826499473,-17.4645170102,-3.27149056578,-5.4943088249,-9.27276364731,4.89014489277,3.15080325533,4.09116260214,8.17244981471,-8.40197769464
"2",-43.355347793,-28.1389209426,-7.09175439677,27.9018360612,-1.51629579684,-9.17772574459,3.45924567259,-7.93245215272,2.45756776524,4.75808957917,-4.69491130923,0.597036485753,1.19824240187,4.52204650262,5.92959220728,-2.38939587567,2.65203613029,-6.09676011086,10.9407466569,1.89146068258
"2",-83.8387966905,-17.3418079187,-1.1063363868,-2.35321049219,1.34613321381,-13.7146031548,-3.53018489784,-14.6509397472,-4.65659053819,3.66828902734,1.63124387114,-8.59717268112,5.1968645508,-0.800737666304,2.43092329072,-0.98229544993,0.481174271143,9.70305573694,0.754506028152,5.14240857094
"3",5.65555347637,-10.6456684137,-33.7086683549,12.8727452439,-5.63104458188,11.1067360936,-8.30998947093,9.42802661237,3.22431147998,-6.32115536332,-4.74708843801,1.88751511868,4.15963889854,-4.29501044696,-2.42581259487,6.80771790997,0.723387871677,-2.93483807012,-8.71743525112,1.67096662014
"2/4",-8.26091561598,-25.3433332018,-12.0402299488,-31.1957447473,-13.0976610391,-10.1991540719,12.0107628858,1.84367609257,-2.47559530915,3.73242084152,11.6293696031,1.16989216165,-5.48510759397,2.63729230517,5.03702111721,-1.67548843774,-3.44092789047,5.09547719557,-4.39493009425,-4.34494897792
"4",3.43075440124,-27.5621627575,-12.7699688822,-5.0792492861,-18.710830727,-2.47024534213,-6.33704180605,5.27536039392,6.25808397016,-3.7887920121,-4.43488098139,2.86976571781,8.03416287697,3.36769856569,2.88257727895,-2.78638929502,-2.34051475725,2.3161160381,-5.14628841167,1.19930447686
"2/4",16.3810010615,-48.8947303744,28.5342461093,-24.0085262167,-9.87170415943,6.59522783389,4.10277988264,-3.37244944567,1.27488890314,15.0823219743,-3.07127266052,-5.58924256326,-0.85536241849,-1.4197697086,1.557705966,3.67206466486,-0.909526374358,-0.953765290048,-3.81608049609,8.93412502175
"4",4.49141312362,45.5880271264,-12.556216284,-4.92331971596,-7.40348541223,-15.316331392,-17.5166635078,2.3410724509,-5.78306121683,5.06170065581,7.3465500238,5.45122118696,-8.73563656634,0.360960217034,13.369780906,5.25319735531,-15.1601247354,3.48245908348,-2.74399958333,-5.54719145943
"1?",19.3354449499,29.6324013449,57.8091299297,4.37192463202,7.08790114445,8.62993321622,-18.2045951423,0.0581611727656,19.3590448151,-5.11061931687,-9.11108312293,-15.390459149,3.09312230856,-0.385749157936,3.91774191359,6.63666857627,-2.18805431484,0.0237521928882,-1.2652271088,-5.84742899879
"2",-57.4546619056,-21.4064988005,5.14881841856,10.3778838143,-2.36580825483,-10.3783133957,2.02885519524,-2.98806058343,6.52568274521,-0.225368598813,0.098023619575,5.57659025197,6.359857362,14.4528235382,-4.3516610175,0.683812038033,-0.414933685117,-2.96950008629,-8.11666689278,-1.24787383047
"3",51.2581873959,-9.01643152176,-30.2851152072,-2.16732141734,-12.0513617129,-9.93179331673,-0.742749963375,12.6468887139,6.1880148891,-6.79367303291,1.41567974385,-3.03191141902,-9.05223224799,-17.9150137564,-1.99528520539,8.72329325956,-8.59335213297,3.11260784212,-2.44493247113,3.09359487816
"2",63.6659808649,-43.2835213389,-4.45226548059,-21.421679264,-10.5614170206,26.8188230019,0.728150816805,-16.7428815149,-9.55996352967,-0.681604884897,-1.04099578277,5.03801185574,5.20642194791,4.29262258622,-3.17359709609,-7.6831294628,-1.99820268353,-1.18058270509,2.14907454332,-3.41389297151
"1",61.2853028238,32.6667061558,27.0435076739,-16.0694234185,-16.0966861446,-1.71599225612,17.8924638187,-7.4555055325,-13.3415336756,13.4492237424,-7.2708426891,5.95269856426,1.70314131001,5.71587156001,-5.23706485692,4.12740760726,7.98373787494,6.24264753746,2.52513565422,3.68335091529
"2",-53.345303942,-22.2316293324,-8.31024895971,11.7088057982,11.97014177,3.84071743558,0.949490279807,-8.48353329631,-4.13687449504,10.615260609,-16.6464260761,12.2100409812,-12.0996468681,-0.2729238033,1.48839246864,5.15254921588,3.8543126926,0.682825301193,-2.55809019453,-5.09969494701
"1",-36.0918885922,64.5024977038,-14.0640442734,13.5649947965,2.80244443366,13.5857721989,-16.230884646,3.2317715901,-1.38097515823,20.7358164183,1.33947401292,6.57391852645,4.33532892844,0.576632551967,-0.0476330417905,4.73631590115,3.86854875266,7.93954257025,9.76398829343,-8.16822297048
"3",6.59181087155,34.1520604542,-52.8900777598,-11.0555046437,9.45109895057,31.6040339798,3.78653705318,4.30137737713,4.04593821955,-9.14454677208,6.63924168399,-2.60379249685,0.181146937956,4.69723596346,-6.37227780628,13.4874301174,-1.32642699279,1.98018821689,-6.27555160011,4.34215065534
"2",-38.4643292109,-33.6981485519,-18.8077414544,17.0621349136,-6.48908581747,-13.3960632238,-6.14599088428,-6.80241747007,-0.438527971995,2.06180146082,-2.92756244039,-8.56903868139,0.986259737071,-5.69252677571,2.45784273263,-5.17088262253,-0.0406355185741,1.95003993401,4.12304102541,6.4026860011
"3",30.4387763962,-23.416816909,-22.5316046088,-14.1940327971,44.1084143956,-14.0674185025,-8.48481149981,3.63904862913,-22.1651244675,0.959500625305,-16.2068149776,-6.50917019471,6.56004065043,4.50110289195,-4.19843935682,-7.4667899924,0.722341095618,-9.94842654271,-7.36950648131,3.94821463836
"3",22.4116021957,-20.5253981625,-16.6051740888,3.40494604514,15.6833562777,2.68520100165,-5.05477478603,3.50748607389,4.8559325919,-9.91141812945,-10.0188268484,-8.5090356757,-1.54464274112,4.63686476285,-0.244166407869,8.89596766983,-4.99269420183,-1.48975205417,-5.4058251628,-7.19833607875
"1",15.3584103777,46.0840038228,-22.7016768558,-1.25340547474,5.68649714711,-2.67655512539,-14.4199716843,4.79243947599,1.32425128349,20.2005118877,20.03100434,0.836807330931,7.08308039567,17.4548814228,-12.6150722222,12.8933463468,0.33017406594,5.94240579793,1.57322844442,-3.75526436131
"1",-32.1021472949,77.1590090403,17.1248609727,20.5654374686,-17.639294815,13.4948136421,3.47054151676,-3.88264131572,4.11418313504,10.8258786985,-0.399812061755,-14.6280239354,1.40064129989,0.821633807423,-4.55868443644,-9.52924822519,3.46341249125,2.5325626284,-2.37901953324,-3.03911625925
"3",30.8029861129,-27.4505426782,-27.0226347369,18.9930521289,9.59217973341,-5.93650089574,-9.63754800051,-11.2960944512,0.819137728051,-6.05497463275,-3.89056437168,-10.8749218171,12.841195067,-3.89859813725,2.79091193211,3.46542766388,-9.67129952372,15.1545075755,5.05121673791,12.6223797814
"2",111.786647873,-24.1475535976,28.4757287812,-0.917149627856,3.29689498845,-5.08775430522,-26.2445199208,2.38210206871,4.69086480076,2.69663033869,0.974357292861,-6.11022565864,10.7888645153,-6.29319915685,6.71766861213,-3.07882421009,-1.71594061648,-4.84035360794,-5.36436393746,-5.95365028037
"1",9.87416903932,68.4164037467,2.94716879792,16.9166586734,2.20738105827,0.554578409295,9.1325751854,-4.13532153753,20.6180453323,2.75409018371,2.87367888051,-5.19691709546,7.98076347972,4.53743190826,-1.84270126346,0.853305424093,0.725944777577,-6.09724694438,-5.14916271357,8.33534607607
"3",38.2774526128,2.04419488867,15.326593233,21.2472905973,19.1507747058,25.9706417533,2.95151303876,8.9443658525,3.63536401837,-7.69853494861,11.4959550651,3.38050453477,-1.59613343789,0.160343061976,5.73556328083,-10.6036251535,-6.31399774455,8.17313173512,3.2587608,5.51475910248
"2",22.4679793314,-6.10506821424,-32.9128753774,-17.5385836606,-7.19168581217,-12.4078169561,4.83846360716,11.0390064738,2.71619415403,1.82614667996,6.44485011454,-10.0421743508,1.64436081098,-4.74735677471,6.15283595573,-2.71157542648,1.43016092612,0.345148457555,2.16255943043,1.16009359874
"1",-2.74397323435,54.0184175447,-17.671392601,12.6543172813,-15.2395768738,9.13607875093,-10.7270871119,3.41604179143,4.20009485698,-6.07156889526,-5.94735978159,6.29135239475,-4.46989582556,0.143283927378,-1.80411504529,2.01014473905,0.916988315053,2.6255372202,-0.00108103028653,-2.81880992347
"1?",114.831566137,0.69063757842,44.2974261378,-16.4547604789,1.93984125797,-15.8622475001,-16.1989337285,3.60569801167,-10.4742327726,14.5897659035,-4.76675137699,-3.31139829825,4.94408117324,-5.31591881095,16.688142949,8.75314957945,2.93186992828,-5.63823693175,0.0151891522877,-10.5063406589
"1",-2.60914441408,42.6211401267,-21.5002609683,-5.76114433516,-2.00191000689,9.16972822795,-15.9777931195,-5.53410413649,-19.3166181903,24.4793889962,10.9134949115,-8.50185194776,-3.56712296152,12.7719480381,-2.93564011239,9.09036248535,-8.97325645347,1.16710162227,1.45521682966,-3.05508953519
"2",-35.3130342276,-15.6314259867,-19.3704635527,-5.08035888805,-2.77048741475,-6.66706232666,11.8092152157,10.8664823248,3.89743574094,4.4494280991,-4.21128058475,-1.84263931559,-3.83187949529,-2.0401771976,7.25840993348,-6.80559103132,0.917759590775,1.81849173252,2.54916005724,-2.9850991631
"4",-88.8707447849,1.65072064521,19.710947433,-10.3861533274,5.62435451097,-1.04931084794,2.93107132372,-13.2375866189,2.3836340239,-8.57448793696,4.52152989589,-1.31616765709,5.4832529034,-11.0256838561,-1.30824078258,3.74357258954,0.915114197292,-0.898362953317,-3.49359055037,-2.85697479512
"2",-10.5663966452,-36.7275474048,16.1851621877,22.5190843497,-2.84589962578,-11.7285365336,-2.38629536967,-8.34024602764,0.66350354524,9.08355242396,7.75461655213,1.47375005081,-9.90015801894,-6.93470729197,-0.263756751344,-4.04408283898,-3.89289258387,0.292033267122,-0.886528739319,-2.74398068987
"1",2.32859170431,41.4648404874,-3.31763358768,-0.396418045111,18.3204913169,-11.7025270632,-6.12980857104,-8.61270914393,-16.9276940496,5.45302182505,9.1542546628,-4.07901724579,-4.61477397047,10.817308274,2.40323442286,4.06746793776,3.94019537566,-12.1788286985,-1.38647493582,2.46695716614
"4",-41.1143483238,-30.8294946449,6.75204766511,9.10204685897,0.684263918775,-14.8592101924,1.00519477795,-6.99302606522,7.7407679567,-1.02455108681,0.275244024545,5.89476826501,3.22076971019,12.0293966355,-1.5807419375,-1.37802762965,-2.60535694603,-6.27436416065,-4.22340432826,-1.11348211872
"2",-44.7763737426,89.2903982629,-12.9096320847,3.71307054319,-6.62060485422,-2.7908399155,13.6223399927,5.49077968981,1.76010837779,-5.64711670619,5.19852329291,2.39253197997,-5.53788073502,6.65839538176,-2.46088092921,0.363574332912,-2.71321093173,-2.57651720008,0.353644527252,-4.94833964952
"1",-7.51194961813,81.3697301201,-22.1307617193,0.0275912082351,-8.05636062773,1.90765674672,6.78594818076,-4.56696079835,-1.12522742412,-14.1485578291,-4.29237760884,3.5795951874,5.62490125793,0.466424079648,-5.81244686276,-3.50554450111,-3.07568144709,-4.13223094433,2.40934376878,4.31040143413
"2",47.5381891649,-40.5904785208,38.9637592745,27.4434193284,0.503576295695,6.57073343206,-0.573317039206,14.9254093985,2.62790001694,-0.61336078028,1.51834988853,2.2435256162,-5.27377832864,-0.00532329970193,-9.16789178824,-6.28117022267,-8.20860267036,1.12199061485,2.47279467591,-4.07692933962
"3",52.4022940525,-22.8503132239,-31.0516844008,-10.1403496384,-5.04825610262,4.82774143445,-4.09605344639,6.08534830707,10.3728863156,-6.03398017833,-6.42797907216,-1.52497482371,-5.74657197375,1.14629753971,1.70349355117,6.29060832087,-1.84350121161,-8.88143705618,-3.47104322921,2.91242023191
"1",62.5914929187,63.508914157,-13.2818411009,-7.81927195743,-1.14253325242,-12.4732119826,12.3682736265,-12.0655633675,-10.6021244374,-9.82506636023,3.06055899874,-1.99087520486,-4.89284098869,-0.176694591951,-6.05864653038,-4.69564310696,-0.0863279267881,5.9597851376,3.56498245918,1.09311372928
"4",-79.2056822804,-2.92144929042,20.7902252973,-5.12444148096,7.25637985512,0.445147348382,3.0428483954,-14.2626983861,4.93429083145,-5.09356679673,4.1771516823,-0.253455286412,5.5331688829,-7.22593293661,0.682116833795,3.82071759827,6.00284263116,-1.14897544844,-3.63052662442,-2.57628457421
"4",-85.7628097949,-17.4030603851,44.2396703232,-3.89602095695,-15.2581861567,5.36049323613,-0.946826103737,5.17049228452,-23.1783937678,-12.2716623076,-1.48672572632,-2.64045648011,0.409137462737,-4.67602108996,1.26265629969,5.24770383982,-2.1623673512,-2.09924601525,3.11948325793,-1.58992107658
"3",42.2987998567,-1.78481261843,20.5300195554,27.1781631371,27.2903000442,21.6617183048,0.478251711617,13.1448489207,-2.37756038552,-6.92267687099,17.597356828,5.21182570037,5.76826454734,-0.160926685383,8.62446381974,-9.35641432998,-1.35756270854,8.82843446228,-1.66914783705,4.51153274484
"1",-26.5951408098,94.5113056179,10.1705560048,-11.9079704667,4.830944868,13.0721936714,2.0875920866,3.54888684053,-2.50085472449,13.5831676396,-2.86430738034,-16.5299913125,-7.06586360385,-8.50905445411,12.6376828203,-11.1928604201,-0.275865227641,-5.32438785405,-5.74733951291,2.41660048339
"4",-57.5302497649,63.0955471519,-13.7928096634,12.0154212892,1.46230502662,5.82420096797,-12.1833921566,0.598329464552,-5.94726014433,18.7202367095,9.53767682974,3.39224735956,-1.64431371995,1.66070531234,-7.12576587703,2.7230290071,0.462558670904,-3.10295866812,13.8332397735,-5.62418988653
"2",-60.2627911018,-12.4313264973,-2.30374526155,1.22668014924,17.9908334736,-1.3049559997,1.64176382848,-3.11753309686,1.12698308237,7.85093177038,-16.4314518803,9.10257354379,-5.16687437707,-0.39858043458,5.3382654312,2.520871869,7.04372887705,1.69691834631,-1.4140353108,-0.781452578965
"4",-34.9749358715,5.78934055428,25.3934220928,-19.0018464554,24.5847890189,-5.38248159711,1.41133205259,5.20792335081,3.7534839202,-4.46030403431,9.43382882842,1.72512968498,2.22956139717,4.56560226782,-2.1692946357,-0.180241040336,3.33472163981,0.272039306953,-0.725988315553,-0.460559184258
"4",-46.8151014467,-19.5245747835,2.1772420985,-24.0893467808,-7.34787896416,5.37535729503,-1.49824630697,-3.4758182861,9.28692694239,-6.51233510764,6.48905532513,-0.865855249688,5.56871285105,0.9809239093,-2.229236611,-1.95670460598,-2.80843590929,5.2092984921,-0.519493617648,1.96319237349
"2",20.7072970755,-27.6948103204,16.354167749,17.4580287677,8.22733909954,-1.16934247546,1.33352748863,-1.77583403497,1.30330654893,-1.86083752768,12.565482971,3.07081093469,-10.2903854892,-3.65753326193,3.51393753775,-8.10257342017,-5.38329286288,-4.9642288301,-5.04170138219,2.41527188188
"3",36.2149757305,7.22288297517,-22.4740284251,12.6293962788,17.756100699,21.6668100942,-12.6465896632,-2.33904878122,-8.22165657837,-16.8986209799,18.3158778103,6.28652069368,4.13001013339,-0.373806943895,18.1764525905,-12.5662283938,5.52189322402,6.89533182942,3.97385855144,-5.99949065755
"4",25.384732162,16.7384484677,-4.0239668529,-1.72511986172,-0.887318579866,-14.8934068903,-13.871007806,-5.08534008036,3.40244254125,-4.46330680255,0.911173853033,3.43583715841,-1.3880419002,-3.38271271677,-6.52375793817,6.04066179345,8.37502075452,-2.77846538689,-6.60727457903,-6.52792025494
"3",-43.6249714673,-29.5603381228,-28.9279241101,24.1687187681,15.0920351178,11.3352079017,-16.2791875471,-16.4430676306,1.07419759692,-5.27041855044,-3.48919730333,-4.08157087713,-1.91895535509,-3.45158154418,-1.2599811831,8.07025788139,-7.25129811503,0.217132400965,5.4844475454,4.26915572499
"2",47.5841763775,-10.2484571569,82.2280517123,1.56908292556,14.4885990594,14.5711701307,-20.3903359609,9.53563796933,18.6400227982,-6.02696659999,-18.9787185579,-8.32751661144,-4.63475250964,4.49155471697,-1.0989723575,-1.74433305872,-7.28263336302,7.49131523368,4.0478542068,1.64973363937
"2/3",-88.8721365645,33.5374059989,5.22074965267,-15.6238005565,11.8174836976,36.9148700839,7.88381570621,-0.340068919991,24.5406003199,-13.0641398013,-13.9979987045,-11.4994698284,-18.1646379205,26.4245451448,17.3856810415,2.54851102559,-13.0780026399,-8.38820350716,7.9471100835,-8.89431318067
"1",1.58500943995,64.1151281141,-8.73719230837,-32.3349212131,-2.32998707803,1.1800202477,-29.854330178,6.32784794815,8.86287457149,15.958206232,-9.7106585328,6.39034210709,9.6937251188,-13.2451530364,1.20014682175,-7.41691188477,-11.3643945033,-11.8470321628,6.37449711247,14.8780684928
"1",1.91111427144,51.2666783601,-17.680047403,-13.2780527495,4.15904080823,0.162086405171,-23.3417763838,-0.0599192362881,-11.1703802251,12.5990907856,7.60976181727,-0.151188828671,0.9372552368,6.53023442153,14.2185258952,6.52764485682,3.57898090619,-6.81662707015,10.6385665468,2.22681448447
"2",-32.0283888289,-20.3485448187,12.254501677,23.7575295838,4.98318807284,10.7137702254,4.91156970633,9.4191772264,3.72913019178,6.04365970437,11.6736427059,2.14888751154,-13.7079592434,-5.63869686409,1.18556427551,-6.73863849746,-2.87922614354,-6.22019087061,-5.1171993199,3.16912338974
"1",27.0308474269,24.176733857,9.45036214079,-2.3545699683,17.0289415195,-15.4023635534,1.57016310841,-12.0714138567,-8.83195517692,14.6967551947,-0.834074574102,-5.72555665087,12.1778424963,-16.7577799919,3.50247302103,-1.13575173466,-7.5026635825,-4.74896804598,-8.78008576193,-4.80277875184
"2",-32.601311518,16.8136505401,22.0243476803,-29.6964188332,24.5252082014,-0.000261682511556,-0.952046662996,10.8886164288,-2.45672112197,-8.37356701387,9.50209947125,5.75158226918,-3.66495164676,-1.26445038044,-9.0478378719,2.0350335718,3.86526683378,7.20544469131,-2.19809298345,6.13632935356
"1",22.7566052388,-8.55204902408,-2.94717454869,-4.26214365059,-25.9611538936,-19.6809308492,-11.2384049616,5.85397687032,13.6660801375,-3.6088563475,15.4195982309,3.45499323187,1.6917290497,-5.83241302036,-5.9098282062,3.27220904606,2.77949481137,-5.56014482209,0.228803033155,-1.06427953454
"2",-18.7940236106,-16.6311567079,5.24850767675,-12.3240518086,22.9592498056,-11.6279297248,-2.06925732743,8.63004674419,-3.817688016,1.83095281886,-2.09194558249,3.63001719491,-4.13496158858,5.76557920767,-5.94934068452,-5.71896746104,2.32260977901,7.74561823662,0.35707134015,2.96355825778
"4",-33.1556283155,-30.0212792883,3.5586649975,11.2789898638,-6.32180108305,-11.0322993561,0.914308700344,-8.66118490097,5.67572484322,0.854841341083,-2.33098712344,5.32461676453,1.79522301579,10.2034180794,0.13028739772,0.0106904446582,-0.638775542208,1.03025240985,-4.44969755142,0.597869887444
"4",-90.0759899677,-16.9558445525,34.9524385193,-3.92607616296,-17.2556159522,7.46034173253,-1.67119002118,5.20323369698,-21.3454770255,-8.58812333664,-3.09650840394,0.225764163419,3.85491708556,-1.04787941034,-1.72651714754,4.96543337068,-1.36385625918,0.490602852988,1.11768801399,0.611370183816
"3",49.8004943841,-32.2363384933,24.7758126313,19.5677341187,17.8463850344,3.57016437667,33.6421899744,3.06402129297,3.26259373282,7.3657766792,10.7683037864,9.8868793129,-7.46897120385,-8.10128969099,5.3609280462,12.8692224034,3.02214652536,-4.10898000977,9.52489054167,8.03543909353
"2",-3.26857271905,-22.7783945483,-24.4784905674,9.77719928734,-4.8137317471,12.2324617518,-5.34861319024,-8.23900599236,13.2148185858,2.66436061922,8.22724381405,4.94630970119,0.118299372493,-7.88130703795,-3.04724142486,-7.18404725651,-2.08940142318,-4.58788506171,-7.19218925815,0.562709176679
"1",76.1454005612,38.737581546,10.6361345797,-6.39176598455,-13.2777852384,-8.8453710499,-0.682311179095,-10.4711270664,5.37417724314,-11.8904321038,-2.23551592685,6.3851457499,-11.7493833314,-8.22407254266,-2.26019917354,-0.452325422587,5.27563882297,2.37952009381,0.647379955561,3.66929800773
"3",63.0895087001,-25.9866270247,-20.2753461012,-13.4173789505,-7.95238024599,0.869501862668,-3.25136965711,4.28154135305,15.6918626593,-7.96745552015,-1.53086746825,-3.38645389686,-6.31538634795,3.54058562143,6.855051397,5.8448952537,-0.862768206322,-4.63278805257,1.35262499802,-0.499418416929
"4",-61.5551428214,-17.9437329916,7.84355014943,-22.6298894712,-6.32376790628,-8.70767737862,8.63171786342,3.41200602226,-0.523039577474,3.47320492595,5.70221709936,1.40421362363,2.18745112058,-0.608097434622,3.04212812843,-2.97482462624,-1.57874910279,-1.46270092397,-3.10033185405,-3.52310798265
"1",-22.8963564063,81.4860894381,29.3831582299,7.29621784282,8.33453931432,7.78404097204,-2.73306220711,4.5135334438,4.02927408257,13.5459236668,6.52884600007,-8.00512445131,-10.6016117298,-5.75286265529,5.33043393017,-8.88141994565,7.34104065527,2.05469862631,0.613446056433,4.81366069596
"4",-47.4740907945,-24.5172634807,49.6289043517,-4.39375930052,-18.630294045,4.11368488064,-4.19072098293,3.7604204624,-19.4621417753,-11.1425052191,-0.37878089694,1.80004228589,1.52139470496,-7.77742843672,-1.45517125799,5.89306059858,2.5319060465,2.87962625154,1.92038261704,1.86233800009
"2",1.69517080232,-23.4889827044,-14.9483195026,-8.96171650444,37.1372683434,-6.37263573452,-0.827482392717,2.24559120631,-13.5547323805,1.45903172604,-15.2673357567,-5.53471639477,-1.4569191282,6.74091075899,-8.61146250635,-9.56416182439,-0.128986884409,0.347020041341,-6.97526994472,1.6954057506
"2",-34.9438578308,1.35498668499,-39.5007201493,0.600005466222,-1.49391032087,2.55738047818,20.9864300819,18.4389481297,-2.03308184207,8.92811225751,-0.323119584948,-7.56512253636,2.97361946299,-7.08225633083,0.585478192555,-0.729411059316,1.53518825845,-1.94332393132,2.70461877057,-1.28858860683
"3",82.5152245025,-20.4436148577,7.72667032803,10.6718326342,26.5087698334,6.26806264368,26.5484329909,0.846145744995,0.942673528913,6.29303706671,14.0728209862,7.53980959961,5.11850433955,0.2343636192,10.0665488922,19.4400839763,5.73135843885,-4.25168018589,1.91145182537,4.69819522121
"2",28.2348238403,-21.0211839525,-18.6414054796,-14.3711517489,-3.60976987624,-15.2907153705,2.68682460752,1.88191794531,6.64652960558,2.52217823069,2.59277226043,-2.10186153481,3.67569532182,3.02032741066,5.20975340493,-3.61266224387,-0.00914874772061,0.100562455355,3.46448899388,-2.43599126115
"2",87.3609184957,-29.0896657476,58.5039262246,-3.24047647217,-5.29070209952,1.19908460716,-25.1547451831,3.91746350272,12.4363751947,3.14320445558,-7.53311035069,-9.13878913159,-1.99101781802,0.29985889299,-7.5111902852,5.33776286448,16.5269193467,-2.61944960448,0.924749493569,-1.33145919344
"1",33.6058473121,53.9263512607,52.9646033374,4.59207425344,5.69842906599,-13.4586939978,38.3525125286,-5.0683629342,11.6268924345,5.1237265341,2.84497141523,5.72302843687,20.1353684538,-1.79104072273,3.14752090776,11.3439645361,2.59046847426,2.49055254491,1.16462286226,-9.03683258783
"4",-40.8269758114,-9.21107263042,-1.46532458471,-20.9932705193,-8.21574493225,2.14183275878,-4.4690205257,2.04379106947,9.76623307619,-17.4937550814,14.0075892788,-6.43764245952,6.99470468527,-1.67623871312,-5.25801366781,-5.96654534578,-7.33685484588,-11.3272645611,6.20909942926,-1.7586476703
"1",19.8492595275,48.4683966975,-3.51886455588,9.97703378296,-25.5102902907,0.184650692722,-18.8043251357,-1.16636557497,7.51503728123,-6.86344124595,-5.69968750907,8.77327238202,-1.72834582752,-10.4681552157,-1.77143261005,4.37456106047,5.48382736054,-0.348220314005,2.88269484767,5.77884779749
"3",25.0578522081,-10.9794436519,-34.0526185056,14.4237513835,-4.20531720607,16.0438987337,-9.84405868792,4.66579055907,-3.08619745967,-9.11125603322,-6.23486361509,4.59596333525,5.26715826228,-0.218513208781,-4.7816173661,12.3804769547,4.83048199966,-0.405970515953,-11.9208239383,-0.0724731852481
"2",-12.4740279696,6.31005152825,18.2458881863,-40.1693075882,22.2459885256,-10.1853769776,-16.9312555135,7.50778698036,9.27419775085,-12.3197228266,-1.17090896913,19.0271201672,1.86386475721,-8.98807431714,-10.2231605345,-2.09055288358,-9.18799779575,2.01423465834,2.08293627587,2.54103531646
"2",-37.7678016986,-26.972377718,0.706005772178,12.1025089179,-7.72957818242,-7.20472642657,0.980114901184,-9.32751673593,7.00793729844,1.73375552057,-1.67301805331,6.6940995233,-1.65291385317,9.57912171219,0.403111120172,0.347553090892,0.528285575875,3.9198895211,-3.87421871644,1.33386019349
"3",37.6834211443,-36.9887601965,-20.4601047846,-13.3862800588,-11.0652290372,34.8263404208,-4.14540304508,-16.4673417928,-1.73620519512,-4.90348943648,-3.95519855685,5.280779173,4.4770621819,5.3805762276,5.968625446,-2.10443727061,18.1232444537,10.1648304602,3.69289683654,-7.42245507081
"3",31.1412642448,4.51542056905,-41.9086164908,-8.25062575454,-1.4341304285,6.33608892252,8.74281088479,-2.70494695489,4.95729565796,-3.27804784668,4.59107331937,-13.1788057341,-1.99634234165,-7.40245395574,-2.01048966691,10.4094821993,-2.80272733595,0.707554377302,-12.3506589741,1.16769124211
"4",-4.49249751169,-24.407892146,-17.6800669891,4.20929541466,-12.9176955051,-4.57706023216,-6.99343643319,10.3356975334,9.83850095881,-5.12050472396,-5.46893249884,0.112317675997,3.97106657487,-0.658913138616,4.51887908352,-1.91287554908,0.826931773018,-3.7650097844,-3.07937029415,-1.76652385947
"4",-13.1534949426,29.1878531997,-25.7937985423,2.32912750687,2.06502424542,-1.73149662033,-13.2893677176,5.93246334838,7.44713684931,5.23418691058,-5.30103745035,12.5635770532,4.67872356597,-6.08954317432,-6.77493677947,2.06009132856,-3.28133197604,-5.55416038833,-0.967131716444,-9.2728888799
"1",1.69147425075,58.5306559725,32.587808478,16.3451936017,-18.4960333505,8.16050662535,3.43025899368,-6.27632518834,3.78222901393,4.07823569672,-6.00003075145,-9.99498312565,-1.51455745233,3.48665710933,-10.6500505394,-7.49006550815,6.4135500832,2.08992165302,-8.64221428305,1.46627074106
"4",-56.1252429675,-25.6812293689,36.7180801234,-3.11790916669,-22.105250476,1.4036939471,-4.68480391536,8.64949475865,-22.6239250304,-7.69790986914,-0.580528518099,1.9078008729,3.54524477935,-1.97478069598,0.807373861336,2.77336459355,0.58268637946,1.93905852612,-0.437024483593,2.69958967147
"3",4.98495541158,-24.5171686761,-19.492162599,3.95918354247,31.2450955898,-11.8692100633,-3.28559381305,8.97815312501,-14.5065377756,-0.320833619351,-13.2469956686,-4.279253792,4.93741302709,5.35880666601,-9.5691208831,-6.91638685116,-1.43122339074,-8.95151941781,-2.19458074812,1.56521084921
"2",46.8337525752,-58.7075002153,17.6673744552,-27.024073104,-14.6817271058,21.8692501552,5.26981325038,-16.4704798144,-3.6627705531,12.7451312583,-7.88876747676,0.757685889534,-7.02754684188,0.600144996552,-5.70971667457,-1.00120827285,-3.83009766071,1.2028246056,0.597667357353,1.85349900074
"3",-25.2501341226,-6.11932054242,-26.6203798472,5.51205921287,0.666856873813,-12.5257078707,17.140510664,10.4633246564,-1.47274925388,4.51531420738,0.258376599695,-3.30555538298,-8.35565827975,-10.7208642254,2.93325420841,1.18038931586,-1.7819679441,1.06473453989,6.42304542425,-0.377833439287
"3",40.3904348842,-11.1334363634,-19.5379194798,0.686737080597,11.5555112698,3.1179031457,-6.03824893075,1.52200132137,2.53038036012,-11.8012242235,-7.28615392862,-2.96822866343,-4.54151127401,1.53396868362,-0.016919886079,7.84433887641,-0.455152167881,-1.7621521915,-8.31143029717,-2.52036758776
"4",-86.3341584925,5.31747707259,27.7983549211,-13.6134290651,9.60535591137,2.40898511124,3.99522342391,-10.1858341737,5.69856009825,-10.4755968218,11.3213627311,-5.8916362154,2.70336745174,-8.35851939303,-3.11316773658,4.3703870015,0.240449735398,-6.85380794091,-2.28110334217,-2.22093369014
"2",-2.98678287557,-31.9699891901,-22.4855143481,25.8815289887,-4.54371083803,-5.17666253558,-1.91035055534,-9.75502287597,3.22435665547,-2.18715206748,-6.65084201818,-7.04975280253,-5.16460796796,-1.570668588,-5.12611766593,4.23483844743,0.929640395119,4.61712637363,6.45836820106,4.04198166926
"1",12.4858967837,48.5991057458,12.7772250883,1.53667162547,-0.603988331228,-0.626211005657,-0.615287618599,-13.7448761713,-1.82300772924,-11.5264900039,-0.710050267547,3.37309301801,-4.77767765748,-8.08039993863,1.61513218455,-1.04490507412,8.28778300062,-10.8315802006,9.40300543117,5.73228842733
"1",69.898003867,43.1207123073,-10.0167708281,2.95585118948,-6.83658530811,-7.17784617731,-2.18045851198,-7.69149404981,0.315213755515,-9.78140355224,-5.54266780474,3.25081819106,-6.00468796209,-0.946399875163,3.19637813989,-2.4582352675,0.443983781181,2.14646268525,-4.3836475127,4.26090891011
"1",-48.5971257882,77.4030089244,-22.6198384474,6.56779793562,16.9146453636,9.97941188967,-31.5744746672,10.5971261863,6.70485377944,13.0481053381,-12.2878081778,23.2058755248,11.7636979794,-11.0345982301,-5.74627227202,-4.03395943297,-13.7046256436,13.426075155,11.6030414208,-8.20462352498
"4",-55.7233069319,5.95333622402,28.1497807403,-35.7966143528,19.5204175684,-8.89743380518,-3.70606154902,-7.6329798538,-12.8900674886,-8.17266429984,4.05147120573,-10.7896511513,-4.94452881692,-0.809554345542,-3.78658427524,5.08584946714,-9.37086242451,1.9851706587,-0.00317059120832,-13.3196589909
"2",35.3371168192,-26.4144426331,-6.49269577029,-8.76000503716,-18.8087670722,-22.540437106,6.23417748713,2.07432931088,4.6552680598,-3.36943250926,-4.2472060703,-7.35184140512,-9.7657563194,-5.71215202034,5.44445777505,-2.02566644226,-4.40792274032,5.38578838588,-6.63628248806,-6.21124037375
"3",17.3527118949,-44.981691965,17.7676565212,31.167078004,-0.942492783552,0.10267741409,0.621054107364,-2.11402348287,-1.20006845997,4.90742811396,5.25493758609,5.13337614172,-13.3081873354,-6.38347034994,-2.7560567155,-4.54145714054,-2.0231043053,-2.63336696768,-2.07361620487,-3.81267896454
"2",37.9962835036,-43.5892853153,0.715675650563,-21.9654506451,-7.31793607131,28.2894917104,2.78325245646,-12.5572377867,-0.700762360283,4.36229608923,4.05765793526,1.95911698636,0.0217624918599,3.61550098147,-3.40480362332,-3.06238232294,-4.73855959852,-5.8987437607,0.920454568643,0.352474828142
"3",53.0366711991,5.68597809055,-19.9640819456,9.21120102974,17.2304480816,13.798792234,-10.2982881523,0.147055673953,-12.7263196246,-14.7794692721,17.257803932,5.89024079626,7.48955622111,-0.497004003676,13.8021839857,-8.98161319087,7.31770705966,-2.84488577452,0.591321647611,-4.82447349812
"2",2.76235147445,-25.6158416811,-2.59715139033,1.3885404816,10.9559998387,-1.57632490328,13.9822660292,14.4657299515,6.3675564925,-1.75211190098,0.318076919596,-15.5291360121,-1.02204349904,-2.89404611352,-10.1131480884,-0.338783452144,6.64627923626,-0.183251822301,6.40715782501,-9.18211672842
"4",-3.64627802266,32.8592583874,0.461423292867,4.23588661841,-18.9950962972,-7.46727104681,-18.8884901116,5.80418748003,2.59920739571,1.52923397824,10.3971953219,5.56299110202,-4.71697913336,4.12677827702,-5.6897388415,7.73286986028,-3.13822491895,3.72433323942,4.01896840023,-3.07424666735
"3",21.7191554833,-25.2700742901,-1.1452667217,41.3467689966,5.22604608892,13.7038761057,-4.0231431259,-4.63749325124,0.967663004079,-6.38603277392,16.7568797176,8.21511833485,-3.2540752315,-4.98397007654,-0.307564907527,-10.794365882,-2.79696768349,-5.27753491227,-8.01307100027,-1.77453474604
"2",25.2116919311,79.8051432113,-25.2248159365,1.88223505353,-12.4361785139,-1.64226310069,12.1894672354,-5.55157026266,-5.39027799756,-12.6878821879,-2.71860131753,6.96022001454,8.56083093203,-0.443275806086,-6.96792113467,-3.14304638641,-1.76341001196,-7.82645685354,-3.31806395486,7.00256200338
"3",18.2797688992,-37.283387297,-20.640787809,14.5481798592,-0.458217499273,-13.5358969407,-1.09655328806,-8.46690157276,-0.793014436213,-1.41885641786,5.53640684017,-10.7877601518,1.02967051105,2.54694028175,-8.48332829677,3.51071742006,-4.49002733074,-1.95996665191,13.2930402681,3.19758286344
"2",7.7069712734,-31.8326068088,-19.0433056966,-28.0128119103,-11.1723664348,-8.76694785372,15.420267083,2.06384839074,2.33184897449,7.88869157478,3.78171085527,-0.926914779803,-1.35578653022,4.66027363275,4.03202194695,-6.10146950078,1.1915040208,4.34562692154,1.89833353761,-3.62397395966
"2",40.9299483047,-45.0033414778,7.35983190006,-16.7693386821,-7.19890883903,20.2339706029,6.94338529676,-7.5074458224,-1.62194555884,10.6009682876,4.90199011729,-0.795666937582,1.21669083558,0.172816969582,-2.4967883388,-4.21722899094,-8.96438854377,-6.01699006732,-3.56541536981,3.25513609545
"3",-63.2552791922,-17.9963551004,-6.16379619065,4.49374602671,-3.12882589342,-5.93993902752,1.15174035777,-5.59522902982,2.63732040127,6.70410380414,-2.30567044516,0.996887088355,0.0971426883493,-6.69624822559,7.16854145891,0.315111049067,2.90037331333,7.08111376549,-8.18419162703,1.08057405289
"1",51.8484289039,11.7679365634,71.18183386,11.5295786409,-2.38034662041,4.21619649659,-13.9518967569,18.6655389791,3.70609934924,4.46984400048,-0.765632066715,-6.82554965573,5.54788097812,13.4176816801,6.3361077906,10.6211834037,8.8922834314,1.95027473189,-2.30429058321,2.1413505697
"1",66.7425492286,33.7903419764,10.6424149324,-6.81540389553,-4.58795830306,3.08585426682,19.0096840046,2.15573117171,-14.2507590953,19.031959703,-1.53871452894,6.17948343172,3.99071264734,3.47464575723,-14.0513710186,-7.35661308524,5.32703788063,5.57550440568,-0.104423146239,0.336696973156
"2",26.0454373033,-44.1696999446,10.5777236975,-14.4042594185,-11.5624355331,16.0026007398,6.01612418739,-3.32116618207,-5.62124104131,13.3154140269,3.83509873288,-0.361480443726,1.92087229708,-4.80533511284,-1.45359002713,1.53460423206,-3.31382950526,-7.39832939133,0.555382114621,6.30064830872
"1",40.6969529254,66.2709300009,-38.2226250623,-2.33048253051,-12.0060431946,-4.05681112456,1.6481934974,3.94414639969,-4.16067549876,-0.665139820325,-4.79018387349,3.61651827332,1.06699145446,-3.95716443789,-4.5099841986,0.0725153155521,1.13050014368,1.8721693771,0.640969000522,-3.83392679573
"1",18.8372758563,50.2822424186,-8.10846641669,-11.3658568566,4.26041692707,-9.30998952872,-19.6501813389,-10.4948617782,-11.8136038624,7.74787056559,14.4872208659,3.60703428816,-17.6328814124,5.8650080254,11.0609439078,15.4328710912,-4.11877162421,13.1911848241,-6.56727302716,1.2099522008
"2",-13.2557866642,8.16333721778,14.7185222128,-35.0394724518,19.1661298836,-8.9631023118,-11.1811402151,2.29375461219,12.1303871883,-10.9791282444,3.68341306268,15.3124626881,-13.8936599661,-1.28549338778,-5.70887327968,1.43971376566,18.1552552783,-9.46584044109,3.73267172978,7.04750371061
"2",12.1462084655,-38.1437904295,-16.2674428584,24.827835159,-5.10110184715,-18.1942935306,-2.57977946426,-9.16623093443,-0.825419304323,-1.66380123574,-5.83583093853,-7.29020251993,1.35616486354,1.43859857175,-5.38205955391,0.847002041791,1.5433752802,-2.8341631736,6.41199064852,-0.0331517402744
"3",57.5965471796,-33.151560083,-22.2111192985,-15.0222643004,-4.31556110144,24.467461382,-5.96504795332,-16.5964750265,-5.55530852988,-14.7857138042,-2.17863472946,3.10148106604,10.4925911315,2.306984607,3.48146415626,-3.00987215946,18.02675835,3.27596058421,6.61300997208,-8.20561773892
"2",20.7000585471,-22.4758701516,-28.6916352679,-20.6363384286,-6.1388652926,-6.96470268214,4.91754359075,3.81314410464,3.22431154206,1.52123023212,0.089712511281,-1.4947325201,-8.61337029733,1.73688302526,6.39425639166,-0.0115368259636,5.98258792404,2.75987174384,4.86756294341,1.96835573533
"2",-16.5657150744,-29.4999058532,-17.4479127119,-22.9138047768,-15.4430201957,0.272463408764,-8.81094261814,4.85661244849,21.6060103677,-3.06279185195,3.42213583642,-2.79304001425,5.50660237461,2.19165883212,0.65617816829,-6.68439533518,4.46708684101,-0.635107924035,4.03599475528,-1.48540166027
"1",71.4933861309,43.3551137255,-20.6753463362,0.139680782222,2.58398468486,-8.45330083744,-3.83123231192,-5.66667375761,-0.623566475215,-8.7387089709,-8.11385936773,5.17763303245,-7.278555879,-1.37127243536,0.0909545717791,-3.19674786131,3.19073083979,-0.480938499884,-2.13061438708,1.2750943461
"4",-19.2370320839,1.58324259073,-13.0876431669,5.33740782953,-2.68030831359,-3.70423300626,2.1305534701,-4.49238816688,6.26961637622,8.54139482867,9.4376467755,5.85498143509,-1.99300667684,0.237694382021,-13.0276718994,0.630084028333,-1.49090919491,-2.36249195065,-3.17535918857,-6.68058971497
"3",-29.7479334512,8.07041356323,-42.3964915445,6.36877645817,8.76449791977,8.15784526252,21.6983312684,16.7906875242,-4.77387126175,6.3812549746,0.686826773651,-7.59221639587,2.89210865282,-7.81204574294,-0.851715160689,3.96906078256,-0.824052011482,1.06540138143,1.62488074645,1.67670119851
"2",-4.48232281878,-12.8874865223,-16.4327851627,-7.40990135516,-9.13798257554,-13.2269468305,5.93146743942,12.9427973734,13.9547426502,-5.36570375595,7.62680136581,-4.50656705987,-0.356327477129,4.4857985255,4.77544831823,-7.72798825945,5.39005410499,2.7495518163,7.97828659621,-1.49923467495
"2/4",-12.1997710988,-41.0386603614,17.3241672172,-20.7865743864,-5.43912749604,19.6976261468,6.1062642043,-4.19403335729,-2.19222561072,13.0594599082,-1.69983199321,-5.06690926922,-7.15713307434,-6.80268704242,1.14195030451,3.41802787818,-1.45182955552,-1.68003038427,3.83924522737,8.95108669672
"2",-0.549290212238,-3.35812400973,6.85655465484,-30.8643726839,32.0432757158,-12.0156953672,2.09835564255,10.8595650059,-0.846835725511,2.32878892707,-4.75152938598,3.92692511602,-0.896136183522,0.873618625341,0.585249852259,-8.43380056872,-1.46397161496,5.12445883635,2.76046075243,0.0905508402108
"4",-4.50769877588,28.2516660378,-19.0669098082,-1.7120918169,2.41862249357,-3.42450350023,-3.66465119964,-0.378200293444,-1.80747916372,9.50985087908,1.33844368212,-1.56990149204,5.54909210008,-0.357085464977,-5.71511526952,-1.66433659075,2.03361904313,-10.1798133667,1.0064888103,-6.49861387086
"3",13.8754908174,-12.5031312478,-24.6049021273,20.935306527,-11.1973239324,4.93765725932,3.16467572734,30.1113648574,-9.43959591532,-5.9630169178,-7.80666803576,1.38356036924,3.33895976927,-3.66941354926,1.20999420747,6.71235585333,1.23856331864,-1.15127882965,1.61574933069,4.29212875375
"2",43.191249459,-23.0653667084,-7.133114744,-20.3165591101,-14.7806107856,-23.0223531295,-1.99577935203,4.19742990128,9.1341862771,-3.06160226622,1.10587608313,6.85179610508,-4.70167754409,-2.11110489339,1.8282997324,-2.71147698222,2.36499438477,0.900917507112,0.675085775166,-0.747045882346
"3",77.3085269036,-30.8595936606,14.2537006719,8.35691985793,28.2249885969,8.49104700594,19.164147435,-5.09077968995,8.64224615591,3.92509590873,5.03516457313,8.488910312,-2.04139934809,-0.893925520108,5.70653807452,12.6389836806,-2.22450313475,-0.286785988912,3.39041695698,13.8925668862
"4",-86.6008031753,-7.62511760305,14.0340354092,-3.58783703764,1.68334348943,-4.36802072057,2.45195695078,-13.1153563259,-0.858968431536,-3.98197550592,2.55623128685,1.68914444957,5.49659443848,-9.00378536125,5.59174964072,2.31105940529,1.67618463377,-0.236129044914,-4.29450795141,-4.74335927321
"2",-69.5928051279,-19.4022925764,1.46120915733,-1.50643985044,0.503665712884,-3.75075883011,0.430209027437,-12.2730003046,2.89764049504,-0.171852926117,1.34064628409,0.868863601886,5.73529027026,-6.43064966309,7.57117916914,2.7293249733,4.93819597961,9.29870501225,-6.7084339283,-0.0799009859154
"2",-28.7830439981,-23.3874104067,-20.1168612458,18.869481336,15.8345015053,12.2573202512,0.449759528138,-6.34360712649,0.725046480822,5.49867309016,-12.6947686325,9.19345637613,-14.0457120372,3.15897934418,-3.60347857058,1.2468959531,1.49174493246,-9.35311508799,1.08578546301,-1.70073221033
"2",-96.9286380762,-3.70125082664,-1.15003398549,8.75696760682,-5.08720865834,6.48735266431,7.27050210699,-4.77199846313,12.7643325001,-2.8127328678,2.24319370559,2.45858022435,0.182296236363,15.4374000953,-1.82714988425,2.42319221307,0.256193016545,4.74322024116,-8.23375335106,2.65781974639
"1",-0.0120316443432,77.142984261,30.4125446733,-0.351920982698,-1.36467570081,12.5697362168,2.22030829784,1.88312309581,0.511073825775,4.91200328424,-12.3056725126,-10.4341038427,-1.31019223996,-0.506907728106,1.79746929814,-7.45605146758,-3.43347907376,2.79343158301,-9.4391425059,4.36637465212
"2",52.3506610227,-51.8342934061,0.852281597649,-23.7017516735,-14.2019581769,22.1564806788,8.31421997221,-9.86547557908,-4.24959782318,6.10369620182,-2.09830506174,3.63556561258,-4.16056764389,2.18779630257,-6.75356551892,-2.17127140003,-7.46624654316,-1.13754898321,5.04586406061,-2.69149498453
"3",37.0507068726,-31.9757771235,-20.1136286753,19.8172444948,14.8060183739,-10.3195736237,-9.60604578389,-15.4228052497,-4.60728026694,-6.77237287842,-5.72285684838,-14.3489360818,13.0507036913,0.921116335312,2.2216836784,0.131888810726,-9.65600845646,12.8534797113,4.60338567382,8.55294102274
"1",-30.9039801545,77.2383033859,27.9081717154,27.1605903059,-9.79172367324,13.9280047822,8.60837787003,6.1697641346,6.46220926838,11.519671464,-1.45560478498,-5.69592921488,-0.647805522009,1.9880481956,-1.98580755321,-8.13525976455,2.42556786425,3.00148665476,-2.86177735106,2.72040699973
"2",30.3245886666,-28.6627742001,-16.5274151134,-22.0037559565,-14.2239109349,-15.5343142244,1.40410494856,-2.2304215661,1.10944683331,4.16753584726,4.70107081406,0.205876587226,0.64546721954,3.91477608552,2.7844859696,-2.22539347471,-0.584250657407,5.0657440547,-5.81627475543,1.77808233124
"4",-95.6728469531,-11.2894177494,42.7018581253,-4.69302877764,-17.3011081196,12.3994907796,-0.370495362376,8.97147966481,-18.8589273836,-12.3818657325,3.45122129729,-5.30493555106,1.08786346868,-4.65546625284,2.929125141,5.5701453693,-2.83426671657,-2.10407820791,4.0361420996,2.70066730229
"1",59.0780725691,50.2735574705,59.98308437,-0.395729773808,13.5003547816,-4.99195591898,41.115596032,-8.95397696014,21.3702293108,-3.23151972822,-17.9767061621,17.6291142556,27.3295733785,-3.71222562192,6.30592198157,2.88683044785,-16.437877172,1.44648825583,6.32675013481,-9.03021778092
"4",-28.582540704,-39.1766380869,9.39775734925,12.7601675253,-4.78390026046,-15.5398646667,1.33168722368,-6.88221515906,0.49959136491,5.26737497522,0.717834862994,6.68483985442,5.33176193343,5.70321626003,1.4812810146,-3.15586860715,2.21431433582,-4.12599595906,1.62234946203,2.33376684707
"4",19.517725576,74.1896260511,1.27338535283,7.79143069822,-9.04691502742,-11.6403859247,13.263045758,-24.9119173579,-18.136995588,-17.1628637608,-14.4046688244,-8.76363679226,-8.31620572742,-6.89230175007,6.36757286124,-4.30564534069,2.81194813893,2.41293546346,-2.81564802886,-10.9498169342
"2",-26.6724699852,9.32226765792,28.1974954217,-29.6919270217,19.1907255794,-6.64102145634,-1.88676912566,4.16685323283,-0.892699716835,-7.27850148109,6.47606637862,4.00277124432,-5.72292150448,0.148849056826,-9.74441908324,1.14177199699,1.59810340695,1.31113985923,1.20273475356,1.6970160835
"4/2",-56.6177016233,-27.9659482516,37.0069372805,-1.69961354247,-18.5630318843,3.21026706671,-1.88080933261,11.6100290736,-18.9571889854,-5.54021959515,0.217131319511,2.9611038252,11.9280153297,-2.70069922249,2.02411224726,2.07853302055,1.89494789945,-0.656443968511,-3.94451534624,3.22781889508
"2",38.1385205774,-42.6213293542,-0.365408231136,-22.4488105201,-9.41916342488,29.2427246501,5.15184157752,-7.20622943811,-4.78893845094,3.94242242544,-1.17810841324,0.235599442802,1.57302153324,-0.857725410699,-4.81025159236,-3.07670330342,-6.01103212046,-1.88704351383,0.239277071809,-1.93592183431
"1",14.2091011407,56.4449987188,40.2239611796,19.7327968225,-14.1734951969,2.47702870204,2.67360335897,-2.942113094,1.59583017537,4.26062696802,1.22457426273,-12.2340691487,-3.18564746205,-1.86344336772,-5.41188506371,-5.92034082589,11.8290946281,-0.0409782372741,-0.525475365606,-2.51962670621
"2",-40.1850353989,-2.42402699867,-25.6512549462,-2.23132711998,-2.06618588173,-4.00808338127,17.7543714124,16.5886238461,-0.0285953866859,10.261275904,-0.671067388876,-2.53192596848,3.7058097824,-3.53268374164,3.4780638936,-7.69387343091,0.148525060231,-0.467489197542,1.89164911651,-2.18039052064
"2",-28.9491121199,-13.5465652658,-21.4453905066,-0.701989662878,0.11781770727,-7.28917444861,-18.9629511068,-13.6233914864,6.01655721777,-12.5360105711,1.61637668606,-13.08515322,17.1577483296,7.1009028211,2.02685064636,-6.77460133053,10.9923297783,6.43258843058,6.73970523282,12.520502425
"3",25.1652152372,-20.8019190816,-19.0013788973,7.58020463868,20.3599995651,7.28317183353,7.53034488697,5.63082228899,-1.97845393715,-10.6250772615,4.68979098556,-17.1700835779,2.95050672131,-3.07691596379,-8.77779303073,4.82915993535,5.5695025432,0.181781179773,-3.01729513122,-11.3406426046
